python : Setting breakpad minidump AppID = 480
At line:1 char:1
+ python app.py > movedebug.log 2>&1
+ ~~~~~~~~~~~~~~~~~~~~~~~~~~~~~~~~~~
    + CategoryInfo          : NotSpecified: (Setting breakpad minidump AppID = 480:String) [], RemoteException
    + FullyQualifiedErrorId : NativeCommandError
 
SteamInternal_SetMinidumpSteamID:  Caching Steam ID:  76561198283674475 [API loaded no]
pygame-ce 2.5.8 (SDL 2.32.10, Python 3.14.7)
Pre-loaded steam_api64.dll from: C:\RatPython\RatPython\steam_api64.dll
Yo wsg
Steam P2P initialized successfully. Ready: True
Your Steam ID: 76561198283674475
Your Steam name: Monke Gaming
[skeletal_loader] Assets/Models/rat.glb: hiding by default (name convention): ['hat_bbqhat', 'hat_clownhair', 'hat_cowboy', 'hat_krustykrab', 'hat_libertycrown', 'hat_minecraft', 'hat_press', 'hat_witch']

--> SUCCESS! Lobby Created ID: 109775243862778016
Hosting game session...
[gltf_lights] Found 81 punctual light(s) in Assets/Models/Map/mainmap.glb
[Scene] Baking lighting for 59 static object(s)...
[Scene] Baked and saved 59 lightmap(s) to Assets\Lightmaps\MainMapScene
[skeletal_loader] Assets/Models/rat.glb: hiding by default (name convention): ['hat_bbqhat', 'hat_clownhair', 'hat_cowboy', 'hat_krustykrab', 'hat_libertycrown', 'hat_minecraft', 'hat_press', 'hat_witch']
[skeletal_loader] Assets/Animations/Poses/Rifle/RifleWalkNW.glb: clip 'New-a_running_run_ar2_N' already exists on this skeleton - overwriting with the one from this file.
[skeletal_loader] Assets/Animations/Poses/Rifle/RifleWalkSE.glb: clip 'New-a_running_run_ar2_N' already exists on this skeleton - overwriting with the one from this file.
[skeletal_loader] Assets/Animations/Poses/Rifle/RifleWalkSW.glb: clip 'Diag' already exists on this skeleton - overwriting with the one from this file.
[skeletal_loader] Assets/Animations/Poses/Rifle/RifleWalkSW.glb: clip 'Diag-reload_pistol' already exists on this skeleton - overwriting with the one from this file.
[skeletal_loader] Assets/Animations/Poses/Rifle/RifleWalkSW.glb: clip 'Diag-aimlayer_magic' already exists on this skeleton - overwriting with the one from this file.
[skeletal_loader] Assets/Animations/Poses/Rifle/RifleWalkSW.glb: clip 'Diag-reload_pistol.001' already exists on this skeleton - overwriting with the one from this file.
[skeletal_loader] Assets/Animations/Poses/Rifle/RifleWalkSW.glb: clip 'Diag-death_01' already exists on this skeleton - overwriting with the one from this file.
[skeletal_loader] Assets/Animations/Poses/Rifle/RifleWalkSW.glb: clip 'Diag-swim_s' already exists on this skeleton - overwriting with the one from this file.
[skeletal_loader] Assets/Animations/Poses/Rifle/RifleWalkSW.glb: clip 'Diag-runW' already exists on this skeleton - overwriting with the one from this file.
[skeletal_loader] Assets/Animations/Poses/Rifle/RifleWalkSW.glb: clip 'Diag-crouch_idle' already exists on this skeleton - overwriting with the one from this file.
[skeletal_loader] Assets/Animations/Poses/Rifle/RifleWalkSW.glb: clip 'Diag-jump' already exists on this skeleton - overwriting with the one from this file.
[skeletal_loader] Assets/Animations/Poses/Rifle/RifleWalkSW.glb: clip 'Diag-a_RunSW' already exists on this skeleton - overwriting with the one from this file.
[skeletal_loader] Assets/Animations/Poses/Rifle/RifleWalkSW.glb: clip 'Diag-a_aimlayer_ar2_mid_center' already exists on this skeleton - overwriting with the one from this file.
[skeletal_loader] Assets/Animations/Poses/Rifle/RifleWalkSW.glb: clip 'Diag-a_jump_ar2' already exists on this skeleton - overwriting with the one from this file.
[skeletal_loader] Assets/Animations/Poses/Rifle/RifleWalkSW.glb: clip 'Diag-a_jump_melee' already exists on this skeleton - overwriting with the one from this file.
[skeletal_loader] Assets/Animations/Poses/Rifle/RifleWalkSW.glb: clip 'Diag-jump_ar2' already exists on this skeleton - overwriting with the one from this file.
[skeletal_loader] Assets/Animations/Poses/Rifle/RifleWalkSW.glb: clip 'Diag-reload_ar2' already exists on this skeleton - overwriting with the one from this file.
[skeletal_loader] Assets/Animations/Poses/Rifle/RifleWalkSW.glb: clip 'Diag-reload_ar2_original' already exists on this skeleton - overwriting with the one from this file.
[skeletal_loader] Assets/Animations/Poses/Rifle/RifleWalkSW.glb: clip 'Diag-idle_ar2' already exists on this skeleton - overwriting with the one from this file.
[skeletal_loader] Assets/Animations/Poses/Rifle/RifleWalkSW.glb: clip 'Diag-a_range_ar2' already exists on this skeleton - overwriting with the one from this file.
[skeletal_loader] Assets/Animations/Poses/Rifle/RifleWalkSW.glb: clip 'Diag-a_walking_walk_ar2_N' already exists on this skeleton - overwriting with the one from this file.
[skeletal_loader] Assets/Animations/Poses/Rifle/RifleWalkSW.glb: clip 'Diag-idle_ar2.001' already exists on this skeleton - overwriting with the one from this file.
[skeletal_loader] Assets/Animations/Poses/Rifle/RifleWalkSW.glb: clip 'Diag-a_range_ar2_fire_standalone' already exists on this skeleton - overwriting with the one from this file.
[skeletal_loader] Assets/Animations/Poses/Rifle/RifleWalkSW.glb: clip 'Diag-taunt_dance' already exists on this skeleton - overwriting with the one from this file.
[skeletal_loader] Assets/Animations/Poses/Rifle/RifleWalkSW.glb: clip 'Diag-taunt_dance_base' already exists on this skeleton - overwriting with the one from this file.
[skeletal_loader] Assets/Animations/Poses/Rifle/RifleWalkSW.glb: clip 'Diag-a_walking_walk_ar2_S' already exists on this skeleton - overwriting with the one from this file.
[skeletal_loader] Assets/Animations/Poses/Rifle/RifleWalkSW.glb: clip 'Diag-a_walking_walk_ar2_N.001' already exists on this skeleton - overwriting with the one from this file.
[skeletal_loader] Assets/Animations/Poses/Rifle/RifleWalkSW.glb: clip 'Diag-a_running_run_ar2_N' already exists on this skeleton - overwriting with the one from this file.
[skeletal_loader] Assets/Animations/Poses/Rifle/RifleWalkSW.glb: clip 'Diag-a_WalkSW' already exists on this skeleton - overwriting with the one from this file.
[skeletal_loader] Assets/Animations/Poses/Rifle/RifleWalkSW.glb: clip 'Diag-a_CrouchWalking_cwalk_ar2_C' already exists on this skeleton - overwriting with the one from this file.
[skeletal_loader] Assets/Animations/Poses/Rifle/RifleWalkSW.glb: clip 'Diag-a_walking_walk_ar2_S.001' already exists on this skeleton - overwriting with the one from this file.
[skeletal_loader] Assets/Animations/Poses/Rifle/RifleWalkSW.glb: clip 'Diag-a_running_run_ar2_E' already exists on this skeleton - overwriting with the one from this file.
[skeletal_loader] Assets/Animations/Poses/Rifle/RifleWalkSW.glb: clip 'Diag-a_running_run_ar2_W' already exists on this skeleton - overwriting with the one from this file.
[skeletal_loader] Assets/Animations/Poses/Rifle/RifleWalkSW.glb: clip 'Diag-a_running_run_ar2_N.001' already exists on this skeleton - overwriting with the one from this file.
[skeletal_loader] Assets/Animations/Poses/Rifle/RifleWalkSW.glb: clip 'New-a_running_run_ar2_N' already exists on this skeleton - overwriting with the one from this file.
[skeletal_loader] Assets/Models/Arms/New Folder/Pistol/pistol_idle.glb: 8 joint(s) with no name match in the target skeleton - any channels targeting them are dropped: ['v_weapon.USP_Parent', 'v_weapon.USP_Clip', 'v_weapon.USP_Hammer', 'v_weapon.USP_Release', 'v_weapon.USP_Silencer', 'v_weapon.USP_Slide', 'v_weapon.USP_Switch', 'v_weapon.USP_Trigger']
[skeletal_loader] Assets/Models/Arms/New Folder/Pistol/pistol_shoot.glb: 8 joint(s) with no name match in the target skeleton - any channels targeting them are dropped: ['v_weapon.USP_Parent', 'v_weapon.USP_Clip', 'v_weapon.USP_Hammer', 'v_weapon.USP_Release', 'v_weapon.USP_Silencer', 'v_weapon.USP_Slide', 'v_weapon.USP_Switch', 'v_weapon.USP_Trigger']
[skeletal_loader] Assets/Models/Arms/New Folder/Pistol/pistol_reload.glb: 8 joint(s) with no name match in the target skeleton - any channels targeting them are dropped: ['v_weapon.USP_Parent', 'v_weapon.USP_Clip', 'v_weapon.USP_Hammer', 'v_weapon.USP_Release', 'v_weapon.USP_Silencer', 'v_weapon.USP_Slide', 'v_weapon.USP_Switch', 'v_weapon.USP_Trigger']
[skeletal_loader] Assets/Models/Arms/New Folder/Pistol/pistol_reload.glb: clip 'funnyratarms.qc_skeleton' already exists on this skeleton - overwriting with the one from this file.
[skeletal_loader] Assets/Models/Arms/New Folder/Pistol/pistol_draw.glb: 8 joint(s) with no name match in the target skeleton - any channels targeting them are dropped: ['v_weapon.USP_Parent', 'v_weapon.USP_Clip', 'v_weapon.USP_Hammer', 'v_weapon.USP_Release', 'v_weapon.USP_Silencer', 'v_weapon.USP_Slide', 'v_weapon.USP_Switch', 'v_weapon.USP_Trigger']
[skeletal_loader] Assets/Animations/Poses/Pistol/pistolidle.glb: clip 'New-a_running_run_ar2_N' already exists on this skeleton - overwriting with the one from this file.
[skeletal_loader] Assets/Models/Arms/New Folder/Gouda/Gouda_Idle.glb: 8 joint(s) with no name match in the target skeleton - any channels targeting them are dropped: ['v_weapon.USP_Parent', 'v_weapon.USP_Clip', 'v_weapon.USP_Hammer', 'v_weapon.USP_Release', 'v_weapon.USP_Silencer', 'v_weapon.USP_Slide', 'v_weapon.USP_Switch', 'v_weapon.USP_Trigger']
[skeletal_loader] Assets/Models/Arms/New Folder/Gouda/Gouda_fire.glb: 8 joint(s) with no name match in the target skeleton - any channels targeting them are dropped: ['v_weapon.USP_Parent', 'v_weapon.USP_Clip', 'v_weapon.USP_Hammer', 'v_weapon.USP_Release', 'v_weapon.USP_Silencer', 'v_weapon.USP_Slide', 'v_weapon.USP_Switch', 'v_weapon.USP_Trigger']
[skeletal_loader] Assets/Models/Arms/New Folder/Pistol/pistol_reload.glb: 8 joint(s) with no name match in the target skeleton - any channels targeting them are dropped: ['v_weapon.USP_Parent', 'v_weapon.USP_Clip', 'v_weapon.USP_Hammer', 'v_weapon.USP_Release', 'v_weapon.USP_Silencer', 'v_weapon.USP_Slide', 'v_weapon.USP_Switch', 'v_weapon.USP_Trigger']
[skeletal_loader] Assets/Models/Arms/New Folder/Pistol/pistol_reload.glb: clip 'funnyratarms.qc_skeleton' already exists on this skeleton - overwriting with the one from this file.
[skeletal_loader] Assets/Models/Arms/New Folder/Pistol/pistol_draw.glb: 8 joint(s) with no name match in the target skeleton - any channels targeting them are dropped: ['v_weapon.USP_Parent', 'v_weapon.USP_Clip', 'v_weapon.USP_Hammer', 'v_weapon.USP_Release', 'v_weapon.USP_Silencer', 'v_weapon.USP_Slide', 'v_weapon.USP_Switch', 'v_weapon.USP_Trigger']
[skeletal_loader] Assets/Models/Arms/New Folder/Pencil/Pencil.glb: 6 joint(s) with no name match in the target skeleton - any channels targeting them are dropped: ['v_weapon.scout_Parent', 'v_weapon.scout__BoltBase', 'v_weapon.scout__Muzzle', 'v_weapon.scout_Bolt', 'v_weapon.scout_Clip', 'v_weapon.scout_scope']
[skeletal_loader] Assets/Models/Arms/New Folder/Pencil/Pencil.glb: clip 'DrawAction' already exists on this skeleton - overwriting with the one from this file.
[skeletal_loader] Assets/Models/Arms/New Folder/Pencil/Pencil.glb: clip 'Reload' already exists on this skeleton - overwriting with the one from this file.
[skeletal_loader] Assets/Models/Arms/New Folder/Pencil/Pencil.glb: clip 'Shoot' already exists on this skeleton - overwriting with the one from this file.
[skeletal_loader] Assets/Models/Arms/New Folder/Pencil/Pencil.glb: 6 joint(s) with no name match in the target skeleton - any channels targeting them are dropped: ['v_weapon.scout_Parent', 'v_weapon.scout__BoltBase', 'v_weapon.scout__Muzzle', 'v_weapon.scout_Bolt', 'v_weapon.scout_Clip', 'v_weapon.scout_scope']
[skeletal_loader] Assets/Models/Arms/New Folder/Pencil/Pencil.glb: clip 'Idle' already exists on this skeleton - overwriting with the one from this file.
[skeletal_loader] Assets/Models/Arms/New Folder/Pencil/Pencil.glb: 6 joint(s) with no name match in the target skeleton - any channels targeting them are dropped: ['v_weapon.scout_Parent', 'v_weapon.scout__BoltBase', 'v_weapon.scout__Muzzle', 'v_weapon.scout_Bolt', 'v_weapon.scout_Clip', 'v_weapon.scout_scope']
[skeletal_loader] Assets/Models/Arms/New Folder/Pencil/Pencil.glb: 6 joint(s) with no name match in the target skeleton - any channels targeting them are dropped: ['v_weapon.scout_Parent', 'v_weapon.scout__BoltBase', 'v_weapon.scout__Muzzle', 'v_weapon.scout_Bolt', 'v_weapon.scout_Clip', 'v_weapon.scout_scope']
[skeletal_loader] Assets/Models/Arms/New Folder/Pencil/SniperRackAnim.glb: 4 joint(s) with no name match in the target skeleton - any channels targeting them are dropped: ['v_weapon.scout_Parent', 'v_weapon.scout__BoltBase', 'v_weapon.scout_Bolt', 'v_weapon.scout_Clip']
[Particles] no image found for material 'vgui/white' - using a soft round sprite
[Particles] 'Movement Lock to Control Point' isn't supported yet - skipped
[Particles] no image found for material 'hd2\effects\glow\flare\flare_tiled_a_additive.vmt' - using a soft round sprite
[Particles] no image found for material 'particles\ins_muzzleflash_split.vmt' - using a soft round sprite
[Particles] no image found for material 'sprites\physg_glow1.vmt' - using a soft round sprite

===============================
       SESSION ROSTER          
===============================
 Active Lobby ID: 109775243862778016
-------------------------------
 - Steam ID: 76561198283674475 (You) [HOST]
===============================

[movedbg] ON
[movedbg #1] pre(grounded=True, jumping=False, normal=(0.000,1.000,-0.000), vel=(0.000,0.000,0.000)) probe(trace_dist=0.0508, hit=True, normal_y=1.0000001192092896, fraction=0.0) post(grounded=True, vel=(0.000,0.000,0.000), horiz_speed=0.000, pos=(-18.598,1.003,0.438))
[movedbg #2] pre(grounded=True, jumping=False, normal=(0.000,1.000,-0.000), vel=(0.000,0.000,0.000)) probe(trace_dist=0.0508, hit=True, normal_y=1.0000001192092896, fraction=0.0) post(grounded=True, vel=(0.000,0.000,0.000), horiz_speed=0.000, pos=(-18.598,1.003,0.438))
[movedbg #3] pre(grounded=True, jumping=False, normal=(0.000,1.000,-0.000), vel=(0.000,0.000,0.000)) probe(trace_dist=0.0508, hit=True, normal_y=1.0000001192092896, fraction=0.0) post(grounded=True, vel=(0.000,0.000,0.000), horiz_speed=0.000, pos=(-18.598,1.003,0.438))
[movedbg #4] pre(grounded=True, jumping=False, normal=(0.000,1.000,-0.000), vel=(0.000,0.000,0.000)) probe(trace_dist=0.0508, hit=True, normal_y=1.0000001192092896, fraction=0.0) post(grounded=True, vel=(0.000,0.000,0.000), horiz_speed=0.000, pos=(-18.598,1.003,0.438))
[movedbg #5] pre(grounded=True, jumping=False, normal=(0.000,1.000,-0.000), vel=(0.000,0.000,0.000)) probe(trace_dist=0.0508, hit=True, normal_y=1.0000001192092896, fraction=0.0) post(grounded=True, vel=(0.000,0.000,0.000), horiz_speed=0.000, pos=(-18.598,1.003,0.438))
[movedbg #6] pre(grounded=True, jumping=False, normal=(0.000,1.000,-0.000), vel=(0.000,0.000,0.000)) probe(trace_dist=0.0508, hit=True, normal_y=1.0000001192092896, fraction=0.0) post(grounded=True, vel=(0.000,0.000,0.000), horiz_speed=0.000, pos=(-18.598,1.003,0.438))
[movedbg #7] pre(grounded=True, jumping=False, normal=(0.000,1.000,-0.000), vel=(0.000,0.000,0.000)) probe(trace_dist=0.0508, hit=True, normal_y=1.0000001192092896, fraction=0.0) post(grounded=True, vel=(0.000,0.000,0.000), horiz_speed=0.000, pos=(-18.598,1.003,0.438))
[movedbg #8] pre(grounded=True, jumping=False, normal=(0.000,1.000,-0.000), vel=(0.000,0.000,0.000)) probe(trace_dist=0.0508, hit=True, normal_y=1.0000001192092896, fraction=0.0) post(grounded=True, vel=(0.000,0.000,0.000), horiz_speed=0.000, pos=(-18.598,1.003,0.438))
[movedbg #9] pre(grounded=True, jumping=False, normal=(0.000,1.000,-0.000), vel=(0.000,0.000,0.000)) probe(trace_dist=0.0508, hit=True, normal_y=1.0000001192092896, fraction=0.0) post(grounded=True, vel=(0.000,0.000,0.000), horiz_speed=0.000, pos=(-18.598,1.003,0.438))
[movedbg #10] pre(grounded=True, jumping=False, normal=(0.000,1.000,-0.000), vel=(0.000,0.000,0.000)) probe(trace_dist=0.0508, hit=True, normal_y=1.0000001192092896, fraction=0.0) post(grounded=True, vel=(0.000,0.000,0.000), horiz_speed=0.000, pos=(-18.598,1.003,0.438))
[movedbg #11] pre(grounded=True, jumping=False, normal=(0.000,1.000,-0.000), vel=(0.000,0.000,0.000)) probe(trace_dist=0.0508, hit=True, normal_y=1.0000001192092896, fraction=0.0) post(grounded=True, vel=(0.000,0.000,0.000), horiz_speed=0.000, pos=(-18.598,1.003,0.438))
[movedbg #12] pre(grounded=True, jumping=False, normal=(0.000,1.000,-0.000), vel=(0.000,0.000,0.000)) probe(trace_dist=0.0508, hit=True, normal_y=1.0000001192092896, fraction=0.0) post(grounded=True, vel=(0.000,0.000,0.000), horiz_speed=0.000, pos=(-18.598,1.003,0.438))
[movedbg #13] pre(grounded=True, jumping=False, normal=(0.000,1.000,-0.000), vel=(0.000,0.000,0.000)) probe(trace_dist=0.0508, hit=True, normal_y=1.0000001192092896, fraction=0.0) post(grounded=True, vel=(0.000,0.000,0.000), horiz_speed=0.000, pos=(-18.598,1.003,0.438))
[movedbg #14] pre(grounded=True, jumping=False, normal=(0.000,1.000,-0.000), vel=(0.000,0.000,0.000)) probe(trace_dist=0.0508, hit=True, normal_y=1.0000001192092896, fraction=0.0) post(grounded=True, vel=(0.000,0.000,0.000), horiz_speed=0.000, pos=(-18.598,1.003,0.438))
[movedbg #15] pre(grounded=True, jumping=False, normal=(0.000,1.000,-0.000), vel=(0.000,0.000,0.000)) probe(trace_dist=0.0508, hit=True, normal_y=1.0000001192092896, fraction=0.0) post(grounded=True, vel=(0.000,0.000,0.000), horiz_speed=0.000, pos=(-18.598,1.003,0.438))
[movedbg #16] pre(grounded=True, jumping=False, normal=(0.000,1.000,-0.000), vel=(0.000,0.000,0.000)) probe(trace_dist=0.0508, hit=True, normal_y=1.0000001192092896, fraction=0.0) post(grounded=True, vel=(0.000,0.000,0.000), horiz_speed=0.000, pos=(-18.598,1.003,0.438))
[movedbg #17] pre(grounded=True, jumping=False, normal=(0.000,1.000,-0.000), vel=(0.000,0.000,0.000)) probe(trace_dist=0.0508, hit=True, normal_y=1.0000001192092896, fraction=0.0) post(grounded=True, vel=(0.000,0.000,0.000), horiz_speed=0.000, pos=(-18.598,1.003,0.438))
[movedbg #18] pre(grounded=True, jumping=False, normal=(0.000,1.000,-0.000), vel=(0.000,0.000,0.000)) probe(trace_dist=0.0508, hit=True, normal_y=1.0000001192092896, fraction=0.0) post(grounded=True, vel=(0.000,0.000,0.000), horiz_speed=0.000, pos=(-18.598,1.003,0.438))
[movedbg #19] pre(grounded=True, jumping=False, normal=(0.000,1.000,-0.000), vel=(0.000,0.000,0.000)) probe(trace_dist=0.0508, hit=True, normal_y=1.0000001192092896, fraction=0.0) post(grounded=True, vel=(0.000,0.000,0.000), horiz_speed=0.000, pos=(-18.598,1.003,0.438))
[movedbg #20] pre(grounded=True, jumping=False, normal=(0.000,1.000,-0.000), vel=(0.000,0.000,0.000)) probe(trace_dist=0.0508, hit=True, normal_y=1.0000001192092896, fraction=0.0) post(grounded=True, vel=(0.000,0.000,0.000), horiz_speed=0.000, pos=(-18.598,1.003,0.438))
[movedbg #21] pre(grounded=True, jumping=False, normal=(0.000,1.000,-0.000), vel=(0.000,0.000,0.000)) probe(trace_dist=0.0508, hit=True, normal_y=1.0000001192092896, fraction=0.0) post(grounded=True, vel=(0.000,0.000,0.000), horiz_speed=0.000, pos=(-18.598,1.003,0.438))
[movedbg #22] pre(grounded=True, jumping=False, normal=(0.000,1.000,-0.000), vel=(0.000,0.000,0.000)) probe(trace_dist=0.0508, hit=True, normal_y=1.0000001192092896, fraction=0.0) post(grounded=True, vel=(0.000,0.000,0.000), horiz_speed=0.000, pos=(-18.598,1.003,0.438))
[movedbg #23] pre(grounded=True, jumping=False, normal=(0.000,1.000,-0.000), vel=(0.000,0.000,0.000)) probe(trace_dist=0.0508, hit=True, normal_y=1.0000001192092896, fraction=0.0) post(grounded=True, vel=(0.000,0.000,0.000), horiz_speed=0.000, pos=(-18.598,1.003,0.438))
[movedbg #24] pre(grounded=True, jumping=False, normal=(0.000,1.000,-0.000), vel=(0.000,0.000,0.000)) probe(trace_dist=0.0508, hit=True, normal_y=1.0000001192092896, fraction=0.0) post(grounded=True, vel=(0.000,0.000,0.000), horiz_speed=0.000, pos=(-18.598,1.003,0.438))
[movedbg #25] pre(grounded=True, jumping=False, normal=(0.000,1.000,-0.000), vel=(0.000,0.000,0.000)) probe(trace_dist=0.0508, hit=True, normal_y=1.0000001192092896, fraction=0.0) post(grounded=True, vel=(0.000,0.000,0.000), horiz_speed=0.000, pos=(-18.598,1.003,0.438))
[movedbg #26] pre(grounded=True, jumping=False, normal=(0.000,1.000,-0.000), vel=(0.000,0.000,0.000)) probe(trace_dist=0.0508, hit=True, normal_y=1.0000001192092896, fraction=0.0) post(grounded=True, vel=(0.000,0.000,0.000), horiz_speed=0.000, pos=(-18.598,1.003,0.438))
[movedbg #27] pre(grounded=True, jumping=False, normal=(0.000,1.000,-0.000), vel=(0.000,0.000,0.000)) probe(trace_dist=0.0508, hit=True, normal_y=1.0000001192092896, fraction=0.0) post(grounded=True, vel=(0.000,0.000,0.000), horiz_speed=0.000, pos=(-18.598,1.003,0.438))
[movedbg #28] pre(grounded=True, jumping=False, normal=(0.000,1.000,-0.000), vel=(0.000,0.000,0.000)) probe(trace_dist=0.0508, hit=True, normal_y=1.0000001192092896, fraction=0.0) post(grounded=True, vel=(0.000,0.000,0.000), horiz_speed=0.000, pos=(-18.598,1.003,0.438))
[movedbg #29] pre(grounded=True, jumping=False, normal=(0.000,1.000,-0.000), vel=(0.000,0.000,0.000)) probe(trace_dist=0.0508, hit=True, normal_y=1.0000001192092896, fraction=0.0) post(grounded=True, vel=(0.000,0.000,0.000), horiz_speed=0.000, pos=(-18.598,1.003,0.438))
[movedbg #30] pre(grounded=True, jumping=False, normal=(0.000,1.000,-0.000), vel=(0.000,0.000,0.000)) probe(trace_dist=0.0508, hit=True, normal_y=1.0000001192092896, fraction=0.0) post(grounded=True, vel=(0.000,0.000,0.000), horiz_speed=0.000, pos=(-18.598,1.003,0.438))
[movedbg #31] pre(grounded=True, jumping=False, normal=(0.000,1.000,-0.000), vel=(0.000,0.000,0.000)) probe(trace_dist=0.0508, hit=True, normal_y=1.0000001192092896, fraction=0.0) post(grounded=True, vel=(0.000,0.000,0.000), horiz_speed=0.000, pos=(-18.598,1.003,0.438))
[movedbg #32] pre(grounded=True, jumping=False, normal=(0.000,1.000,-0.000), vel=(0.000,0.000,0.000)) probe(trace_dist=0.0508, hit=True, normal_y=1.0000001192092896, fraction=0.0) post(grounded=True, vel=(0.000,0.000,0.000), horiz_speed=0.000, pos=(-18.598,1.003,0.438))
[movedbg #33] pre(grounded=True, jumping=False, normal=(0.000,1.000,-0.000), vel=(0.000,0.000,0.000)) probe(trace_dist=0.0508, hit=True, normal_y=1.0000001192092896, fraction=0.0) post(grounded=True, vel=(0.000,0.000,0.000), horiz_speed=0.000, pos=(-18.598,1.003,0.438))
[movedbg #34] pre(grounded=True, jumping=False, normal=(0.000,1.000,-0.000), vel=(0.000,0.000,0.000)) probe(trace_dist=0.0508, hit=True, normal_y=1.0000001192092896, fraction=0.0) post(grounded=True, vel=(0.000,0.000,0.000), horiz_speed=0.000, pos=(-18.598,1.003,0.438))
[movedbg #35] pre(grounded=True, jumping=False, normal=(0.000,1.000,-0.000), vel=(0.000,0.000,0.000)) probe(trace_dist=0.0508, hit=True, normal_y=1.0000001192092896, fraction=0.0) post(grounded=True, vel=(0.000,0.000,0.000), horiz_speed=0.000, pos=(-18.598,1.003,0.438))
[movedbg #36] pre(grounded=True, jumping=False, normal=(0.000,1.000,-0.000), vel=(0.000,0.000,0.000)) probe(trace_dist=0.0508, hit=True, normal_y=1.0000001192092896, fraction=0.0) post(grounded=True, vel=(0.000,0.000,0.000), horiz_speed=0.000, pos=(-18.598,1.003,0.438))
[movedbg #37] pre(grounded=True, jumping=False, normal=(0.000,1.000,-0.000), vel=(0.000,0.000,0.000)) probe(trace_dist=0.0508, hit=True, normal_y=1.0000001192092896, fraction=0.0) post(grounded=True, vel=(0.000,0.000,0.000), horiz_speed=0.000, pos=(-18.598,1.003,0.438))
[movedbg #38] pre(grounded=True, jumping=False, normal=(0.000,1.000,-0.000), vel=(0.000,0.000,0.000)) probe(trace_dist=0.0508, hit=True, normal_y=1.0000001192092896, fraction=0.0) post(grounded=True, vel=(0.000,0.000,0.000), horiz_speed=0.000, pos=(-18.598,1.003,0.438))
[movedbg #39] pre(grounded=True, jumping=False, normal=(0.000,1.000,-0.000), vel=(0.000,0.000,0.000)) probe(trace_dist=0.0508, hit=True, normal_y=1.0000001192092896, fraction=0.0) post(grounded=True, vel=(0.000,0.000,0.000), horiz_speed=0.000, pos=(-18.598,1.003,0.438))
[movedbg #40] pre(grounded=True, jumping=False, normal=(0.000,1.000,-0.000), vel=(0.000,0.000,0.000)) probe(trace_dist=0.0508, hit=True, normal_y=1.0000001192092896, fraction=0.0) post(grounded=True, vel=(0.000,0.000,0.000), horiz_speed=0.000, pos=(-18.598,1.003,0.438))
[movedbg #41] pre(grounded=True, jumping=False, normal=(0.000,1.000,-0.000), vel=(0.000,0.000,0.000)) probe(trace_dist=0.0508, hit=True, normal_y=1.0000001192092896, fraction=0.0) post(grounded=True, vel=(0.000,0.000,0.000), horiz_speed=0.000, pos=(-18.598,1.003,0.438))
[movedbg #42] pre(grounded=True, jumping=False, normal=(0.000,1.000,-0.000), vel=(0.000,0.000,0.000)) probe(trace_dist=0.0508, hit=True, normal_y=1.0000001192092896, fraction=0.0) post(grounded=True, vel=(0.000,0.000,0.000), horiz_speed=0.000, pos=(-18.598,1.003,0.438))
[movedbg #43] pre(grounded=True, jumping=False, normal=(0.000,1.000,-0.000), vel=(0.000,0.000,0.000)) probe(trace_dist=0.0508, hit=True, normal_y=1.0000001192092896, fraction=0.0) post(grounded=True, vel=(0.000,0.000,0.000), horiz_speed=0.000, pos=(-18.598,1.003,0.438))
[movedbg #44] pre(grounded=True, jumping=False, normal=(0.000,1.000,-0.000), vel=(0.000,0.000,0.000)) probe(trace_dist=0.0508, hit=True, normal_y=1.0000001192092896, fraction=0.0) post(grounded=True, vel=(0.000,0.000,0.000), horiz_speed=0.000, pos=(-18.598,1.003,0.438))
[movedbg #45] pre(grounded=True, jumping=False, normal=(0.000,1.000,-0.000), vel=(0.000,0.000,0.000)) probe(trace_dist=0.0508, hit=True, normal_y=1.0000001192092896, fraction=0.0) post(grounded=True, vel=(0.000,0.000,0.000), horiz_speed=0.000, pos=(-18.598,1.003,0.438))
[movedbg #46] pre(grounded=True, jumping=False, normal=(0.000,1.000,-0.000), vel=(0.000,0.000,0.000)) probe(trace_dist=0.0508, hit=True, normal_y=1.0000001192092896, fraction=0.0) post(grounded=True, vel=(0.000,0.000,0.000), horiz_speed=0.000, pos=(-18.598,1.003,0.438))
[movedbg #47] pre(grounded=True, jumping=False, normal=(0.000,1.000,-0.000), vel=(0.000,0.000,0.000)) probe(trace_dist=0.0508, hit=True, normal_y=1.0000001192092896, fraction=0.0) post(grounded=True, vel=(0.000,0.000,0.000), horiz_speed=0.000, pos=(-18.598,1.003,0.438))
[movedbg #48] pre(grounded=True, jumping=False, normal=(0.000,1.000,-0.000), vel=(0.000,0.000,0.000)) probe(trace_dist=0.0508, hit=True, normal_y=1.0000001192092896, fraction=0.0) post(grounded=True, vel=(0.000,0.000,0.000), horiz_speed=0.000, pos=(-18.598,1.003,0.438))
[movedbg #49] pre(grounded=True, jumping=False, normal=(0.000,1.000,-0.000), vel=(0.000,0.000,0.000)) probe(trace_dist=0.0508, hit=True, normal_y=1.0000001192092896, fraction=0.0) post(grounded=True, vel=(0.000,0.000,0.000), horiz_speed=0.000, pos=(-18.598,1.003,0.438))
[movedbg #50] pre(grounded=True, jumping=False, normal=(0.000,1.000,-0.000), vel=(0.000,0.000,0.000)) probe(trace_dist=0.0508, hit=True, normal_y=1.0000001192092896, fraction=0.0) post(grounded=True, vel=(0.000,0.000,0.000), horiz_speed=0.000, pos=(-18.598,1.003,0.438))
[movedbg #51] pre(grounded=True, jumping=False, normal=(0.000,1.000,-0.000), vel=(0.000,0.000,0.000)) probe(trace_dist=0.0508, hit=True, normal_y=1.0000001192092896, fraction=0.0) post(grounded=True, vel=(0.000,0.000,0.000), horiz_speed=0.000, pos=(-18.598,1.003,0.438))
[movedbg #52] pre(grounded=True, jumping=False, normal=(0.000,1.000,-0.000), vel=(0.000,0.000,0.000)) probe(trace_dist=0.0508, hit=True, normal_y=1.0000001192092896, fraction=0.0) post(grounded=True, vel=(0.000,0.000,0.000), horiz_speed=0.000, pos=(-18.598,1.003,0.438))
[movedbg #53] pre(grounded=True, jumping=False, normal=(0.000,1.000,-0.000), vel=(0.000,0.000,0.000)) probe(trace_dist=0.0508, hit=True, normal_y=1.0000001192092896, fraction=0.0) post(grounded=True, vel=(0.000,0.000,0.000), horiz_speed=0.000, pos=(-18.598,1.003,0.438))
[movedbg #54] pre(grounded=True, jumping=False, normal=(0.000,1.000,-0.000), vel=(0.000,0.000,0.000)) probe(trace_dist=0.0508, hit=True, normal_y=1.0000001192092896, fraction=0.0) post(grounded=True, vel=(0.000,0.000,0.000), horiz_speed=0.000, pos=(-18.598,1.003,0.438))
[movedbg #55] pre(grounded=True, jumping=False, normal=(0.000,1.000,-0.000), vel=(0.000,0.000,0.000)) probe(trace_dist=0.0508, hit=True, normal_y=1.0000001192092896, fraction=0.0) post(grounded=True, vel=(0.000,0.000,0.000), horiz_speed=0.000, pos=(-18.598,1.003,0.438))
[movedbg #56] pre(grounded=True, jumping=False, normal=(0.000,1.000,-0.000), vel=(0.000,0.000,0.000)) probe(trace_dist=0.0508, hit=True, normal_y=1.0000001192092896, fraction=0.0) post(grounded=True, vel=(0.000,0.000,0.000), horiz_speed=0.000, pos=(-18.598,1.003,0.438))
[movedbg #57] pre(grounded=True, jumping=False, normal=(0.000,1.000,-0.000), vel=(0.000,0.000,0.000)) probe(trace_dist=0.0508, hit=True, normal_y=1.0000001192092896, fraction=0.0) post(grounded=True, vel=(0.000,0.000,0.000), horiz_speed=0.000, pos=(-18.598,1.003,0.438))
[movedbg #58] pre(grounded=True, jumping=False, normal=(0.000,1.000,-0.000), vel=(0.000,0.000,0.000)) probe(trace_dist=0.0508, hit=True, normal_y=1.0000001192092896, fraction=0.0) post(grounded=True, vel=(0.000,0.000,0.000), horiz_speed=0.000, pos=(-18.598,1.003,0.438))
[movedbg #59] pre(grounded=True, jumping=False, normal=(0.000,1.000,-0.000), vel=(0.000,0.000,0.000)) probe(trace_dist=0.0508, hit=True, normal_y=1.0000001192092896, fraction=0.0) post(grounded=True, vel=(0.000,0.000,0.000), horiz_speed=0.000, pos=(-18.598,1.003,0.438))
[movedbg #60] pre(grounded=True, jumping=False, normal=(0.000,1.000,-0.000), vel=(0.000,0.000,0.000)) probe(trace_dist=0.0508, hit=True, normal_y=1.0000001192092896, fraction=0.0) post(grounded=True, vel=(0.000,0.000,0.000), horiz_speed=0.000, pos=(-18.598,1.003,0.438))
[movedbg #61] pre(grounded=True, jumping=False, normal=(0.000,1.000,-0.000), vel=(0.000,0.000,0.000)) probe(trace_dist=0.0508, hit=True, normal_y=1.0000001192092896, fraction=0.0) post(grounded=True, vel=(0.000,0.000,0.000), horiz_speed=0.000, pos=(-18.598,1.003,0.438))
[movedbg #62] pre(grounded=True, jumping=False, normal=(0.000,1.000,-0.000), vel=(0.000,0.000,0.000)) probe(trace_dist=0.0508, hit=True, normal_y=1.0000001192092896, fraction=0.0) post(grounded=True, vel=(0.000,0.000,0.000), horiz_speed=0.000, pos=(-18.598,1.003,0.438))
[movedbg #63] pre(grounded=True, jumping=False, normal=(0.000,1.000,-0.000), vel=(0.000,0.000,0.000)) probe(trace_dist=0.0508, hit=True, normal_y=1.0000001192092896, fraction=0.0) post(grounded=True, vel=(0.000,0.000,0.000), horiz_speed=0.000, pos=(-18.598,1.003,0.438))
[movedbg #64] pre(grounded=True, jumping=False, normal=(0.000,1.000,-0.000), vel=(0.000,0.000,0.000)) probe(trace_dist=0.0508, hit=True, normal_y=1.0000001192092896, fraction=0.0) post(grounded=True, vel=(0.000,0.000,0.000), horiz_speed=0.000, pos=(-18.598,1.003,0.438))
[movedbg #65] pre(grounded=True, jumping=False, normal=(0.000,1.000,-0.000), vel=(0.000,0.000,0.000)) probe(trace_dist=0.0508, hit=True, normal_y=1.0000001192092896, fraction=0.0) post(grounded=True, vel=(0.000,0.000,0.000), horiz_speed=0.000, pos=(-18.598,1.003,0.438))
[movedbg #66] pre(grounded=True, jumping=False, normal=(0.000,1.000,-0.000), vel=(0.000,0.000,0.000)) probe(trace_dist=0.0508, hit=True, normal_y=1.0000001192092896, fraction=0.0) post(grounded=True, vel=(0.000,0.000,0.000), horiz_speed=0.000, pos=(-18.598,1.003,0.438))
[movedbg #67] pre(grounded=True, jumping=False, normal=(0.000,1.000,-0.000), vel=(0.000,0.000,0.000)) probe(trace_dist=0.0508, hit=True, normal_y=1.0000001192092896, fraction=0.0) post(grounded=True, vel=(0.000,0.000,0.000), horiz_speed=0.000, pos=(-18.598,1.003,0.438))
[movedbg #68] pre(grounded=True, jumping=False, normal=(0.000,1.000,-0.000), vel=(0.000,0.000,0.000)) probe(trace_dist=0.0508, hit=True, normal_y=1.0000001192092896, fraction=0.0) post(grounded=True, vel=(0.000,0.000,0.000), horiz_speed=0.000, pos=(-18.598,1.003,0.438))
[movedbg #69] pre(grounded=True, jumping=False, normal=(0.000,1.000,-0.000), vel=(0.000,0.000,0.000)) probe(trace_dist=0.0508, hit=True, normal_y=1.0000001192092896, fraction=0.0) post(grounded=True, vel=(0.000,0.000,0.000), horiz_speed=0.000, pos=(-18.598,1.003,0.438))
[movedbg #70] pre(grounded=True, jumping=False, normal=(0.000,1.000,-0.000), vel=(0.000,0.000,0.000)) probe(trace_dist=0.0508, hit=True, normal_y=1.0000001192092896, fraction=0.0) post(grounded=True, vel=(0.000,0.000,0.000), horiz_speed=0.000, pos=(-18.598,1.003,0.438))
[movedbg #71] pre(grounded=True, jumping=False, normal=(0.000,1.000,-0.000), vel=(0.000,0.000,0.000)) probe(trace_dist=0.0508, hit=True, normal_y=1.0000001192092896, fraction=0.0) post(grounded=True, vel=(0.000,0.000,0.000), horiz_speed=0.000, pos=(-18.598,1.003,0.438))
[movedbg #72] pre(grounded=True, jumping=False, normal=(0.000,1.000,-0.000), vel=(0.000,0.000,0.000)) probe(trace_dist=0.0508, hit=True, normal_y=1.0000001192092896, fraction=0.0) post(grounded=True, vel=(0.000,0.000,0.000), horiz_speed=0.000, pos=(-18.598,1.003,0.438))
[movedbg #73] pre(grounded=True, jumping=False, normal=(0.000,1.000,-0.000), vel=(0.000,0.000,0.000)) probe(trace_dist=0.0508, hit=True, normal_y=1.0000001192092896, fraction=0.0) post(grounded=True, vel=(0.000,0.000,0.000), horiz_speed=0.000, pos=(-18.598,1.003,0.438))
[movedbg #74] pre(grounded=True, jumping=False, normal=(0.000,1.000,-0.000), vel=(0.000,0.000,0.000)) probe(trace_dist=0.0508, hit=True, normal_y=1.0000001192092896, fraction=0.0) post(grounded=True, vel=(0.000,0.000,0.000), horiz_speed=0.000, pos=(-18.598,1.003,0.438))
[movedbg #75] pre(grounded=True, jumping=False, normal=(0.000,1.000,-0.000), vel=(0.000,0.000,0.000)) probe(trace_dist=0.0508, hit=True, normal_y=1.0000001192092896, fraction=0.0) post(grounded=True, vel=(0.000,0.000,0.000), horiz_speed=0.000, pos=(-18.598,1.003,0.438))
[movedbg #76] pre(grounded=True, jumping=False, normal=(0.000,1.000,-0.000), vel=(0.000,0.000,0.000)) probe(trace_dist=0.0508, hit=True, normal_y=1.0000001192092896, fraction=0.0) post(grounded=True, vel=(0.000,0.000,0.000), horiz_speed=0.000, pos=(-18.598,1.003,0.438))
[movedbg #77] pre(grounded=True, jumping=False, normal=(0.000,1.000,-0.000), vel=(0.000,0.000,0.000)) probe(trace_dist=0.0508, hit=True, normal_y=1.0000001192092896, fraction=0.0) post(grounded=True, vel=(0.000,0.000,0.000), horiz_speed=0.000, pos=(-18.598,1.003,0.438))
[movedbg #78] pre(grounded=True, jumping=False, normal=(0.000,1.000,-0.000), vel=(0.000,0.000,0.000)) probe(trace_dist=0.0508, hit=True, normal_y=1.0000001192092896, fraction=0.0) post(grounded=True, vel=(0.000,0.000,0.000), horiz_speed=0.000, pos=(-18.598,1.003,0.438))
[movedbg #79] pre(grounded=True, jumping=False, normal=(0.000,1.000,-0.000), vel=(0.000,0.000,0.000)) probe(trace_dist=0.0508, hit=True, normal_y=1.0000001192092896, fraction=0.0) post(grounded=True, vel=(0.000,0.000,0.000), horiz_speed=0.000, pos=(-18.598,1.003,0.438))
[movedbg #80] pre(grounded=True, jumping=False, normal=(0.000,1.000,-0.000), vel=(0.000,0.000,0.000)) probe(trace_dist=0.0508, hit=True, normal_y=1.0000001192092896, fraction=0.0) post(grounded=True, vel=(0.000,0.000,0.000), horiz_speed=0.000, pos=(-18.598,1.003,0.438))
[movedbg #81] pre(grounded=True, jumping=False, normal=(0.000,1.000,-0.000), vel=(0.000,0.000,0.000)) probe(trace_dist=0.0508, hit=True, normal_y=1.0000001192092896, fraction=0.0) post(grounded=True, vel=(0.000,0.000,0.000), horiz_speed=0.000, pos=(-18.598,1.003,0.438))
[movedbg #82] pre(grounded=True, jumping=False, normal=(0.000,1.000,-0.000), vel=(0.000,0.000,0.000)) probe(trace_dist=0.0508, hit=True, normal_y=1.0000001192092896, fraction=0.0) post(grounded=True, vel=(-0.332,0.000,-0.024), horiz_speed=0.333, pos=(-18.601,1.003,0.438))
[movedbg #83] pre(grounded=True, jumping=False, normal=(0.000,1.000,-0.000), vel=(-0.332,0.000,-0.024)) probe(trace_dist=0.0508, hit=True, normal_y=1.0000001192092896, fraction=0.0) post(grounded=True, vel=(-0.632,0.000,-0.046), horiz_speed=0.633, pos=(-18.606,1.003,0.438))
[movedbg #84] pre(grounded=True, jumping=False, normal=(0.000,1.000,0.000), vel=(-0.632,0.000,-0.046)) probe(trace_dist=0.0508, hit=True, normal_y=1.0000001192092896, fraction=0.0) post(grounded=True, vel=(-0.931,0.000,-0.068), horiz_speed=0.933, pos=(-18.614,1.003,0.437))
[movedbg #85] pre(grounded=True, jumping=False, normal=(0.000,1.000,0.000), vel=(-0.931,0.000,-0.068)) probe(trace_dist=0.0508, hit=True, normal_y=1.0000001192092896, fraction=0.0) post(grounded=True, vel=(-1.230,0.000,-0.090), horiz_speed=1.233, pos=(-18.624,1.003,0.436))
[movedbg #86] pre(grounded=True, jumping=False, normal=(0.000,1.000,-0.000), vel=(-1.230,0.000,-0.090)) probe(trace_dist=0.0508, hit=True, normal_y=1.0000001192092896, fraction=0.0) post(grounded=True, vel=(-1.521,0.000,-0.112), horiz_speed=1.526, pos=(-18.637,1.003,0.436))
[movedbg #87] pre(grounded=True, jumping=False, normal=(-0.000,1.000,-0.000), vel=(-1.521,0.000,-0.112)) probe(trace_dist=0.0508, hit=True, normal_y=1.0000001192092896, fraction=0.0) post(grounded=True, vel=(-1.803,0.000,-0.132), horiz_speed=1.808, pos=(-18.652,1.003,0.434))
[movedbg #88] pre(grounded=True, jumping=False, normal=(0.000,1.000,0.000), vel=(-1.803,0.000,-0.132)) probe(trace_dist=0.0508, hit=True, normal_y=1.0000001192092896, fraction=0.0) post(grounded=True, vel=(-2.076,0.000,-0.152), horiz_speed=2.081, pos=(-18.669,1.003,0.433))
[movedbg #89] pre(grounded=True, jumping=False, normal=(0.000,1.000,0.000), vel=(-2.076,0.000,-0.152)) probe(trace_dist=0.0508, hit=True, normal_y=1.0000001192092896, fraction=0.0) post(grounded=True, vel=(-2.339,0.000,-0.172), horiz_speed=2.345, pos=(-18.689,1.003,0.432))
[movedbg #90] pre(grounded=True, jumping=False, normal=(0.000,1.000,-0.000), vel=(-2.339,0.000,-0.172)) probe(trace_dist=0.0508, hit=True, normal_y=1.0000001192092896, fraction=0.0) post(grounded=True, vel=(-2.593,0.000,-0.190), horiz_speed=2.600, pos=(-18.710,1.003,0.430))
[movedbg #91] pre(grounded=True, jumping=False, normal=(0.000,1.000,0.000), vel=(-2.593,0.000,-0.190)) probe(trace_dist=0.0508, hit=True, normal_y=1.0000001192092896, fraction=0.0) post(grounded=True, vel=(-2.839,0.000,-0.209), horiz_speed=2.847, pos=(-18.734,1.003,0.428))
[movedbg #92] pre(grounded=True, jumping=False, normal=(0.000,1.000,-0.000), vel=(-2.839,0.000,-0.209)) probe(trace_dist=0.0508, hit=True, normal_y=1.0000001192092896, fraction=0.0) post(grounded=True, vel=(-3.077,0.000,-0.226), horiz_speed=3.085, pos=(-18.760,1.003,0.426))
[movedbg #93] pre(grounded=True, jumping=False, normal=(0.000,1.000,0.000), vel=(-3.077,0.000,-0.226)) probe(trace_dist=0.0508, hit=True, normal_y=1.0000001192092896, fraction=0.0) post(grounded=True, vel=(-3.307,0.000,-0.243), horiz_speed=3.316, pos=(-18.787,1.003,0.424))
[movedbg #94] pre(grounded=True, jumping=False, normal=(0.000,1.000,-0.000), vel=(-3.307,0.000,-0.243)) probe(trace_dist=0.0508, hit=True, normal_y=1.0000001192092896, fraction=0.0) post(grounded=True, vel=(-3.529,0.000,-0.259), horiz_speed=3.539, pos=(-18.816,1.003,0.422))
[movedbg #95] pre(grounded=True, jumping=False, normal=(-0.000,1.000,-0.000), vel=(-3.529,0.000,-0.259)) probe(trace_dist=0.0508, hit=True, normal_y=1.0000001192092896, fraction=0.0) post(grounded=True, vel=(-3.744,0.000,-0.275), horiz_speed=3.754, pos=(-18.848,1.003,0.420))
[movedbg #96] pre(grounded=True, jumping=False, normal=(0.000,1.000,0.000), vel=(-3.744,0.000,-0.275)) probe(trace_dist=0.0508, hit=True, normal_y=1.0000001192092896, fraction=0.0) post(grounded=True, vel=(-3.952,0.000,-0.290), horiz_speed=3.962, pos=(-18.881,1.003,0.418))
[movedbg #97] pre(grounded=True, jumping=False, normal=(0.000,1.000,0.000), vel=(-3.952,0.000,-0.290)) probe(trace_dist=0.0508, hit=True, normal_y=1.0000001192092896, fraction=0.0) post(grounded=True, vel=(-3.989,0.000,-0.293), horiz_speed=4.000, pos=(-18.914,1.003,0.415))
[movedbg #98] pre(grounded=True, jumping=False, normal=(-0.000,1.000,-0.000), vel=(-3.989,0.000,-0.293)) probe(trace_dist=0.0508, hit=True, normal_y=1.0000001192092896, fraction=0.0) post(grounded=True, vel=(-3.989,0.000,-0.293), horiz_speed=4.000, pos=(-18.947,1.003,0.413))
[movedbg #99] pre(grounded=True, jumping=False, normal=(-0.000,1.000,-0.000), vel=(-3.989,0.000,-0.293)) probe(trace_dist=0.0508, hit=True, normal_y=1.0000001192092896, fraction=0.0) post(grounded=True, vel=(-3.989,0.000,-0.293), horiz_speed=4.000, pos=(-18.980,1.003,0.410))
[movedbg #100] pre(grounded=True, jumping=False, normal=(0.000,1.000,-0.000), vel=(-3.989,0.000,-0.293)) probe(trace_dist=0.0508, hit=True, normal_y=1.0000001192092896, fraction=0.0) post(grounded=False, vel=(-3.989,5.918,-0.293), horiz_speed=4.000, pos=(-19.014,1.053,0.408))
[movedbg #101] pre(grounded=False, jumping=True, normal=(0.000,1.000,0.000), vel=(-3.989,5.918,-0.293)) probe(trace_dist=0.0508, hit=True, normal_y=1.0000001192092896, fraction=0.0) post(grounded=False, vel=(-3.989,5.837,-0.293), horiz_speed=4.000, pos=(-19.047,1.101,0.405))
[movedbg #102] pre(grounded=False, jumping=True, normal=(0.000,1.000,0.000), vel=(-3.989,5.837,-0.293)) probe(trace_dist=0.0508, hit=True, normal_y=1.0000001192092896, fraction=0.0) post(grounded=False, vel=(-3.989,5.755,-0.293), horiz_speed=4.000, pos=(-19.080,1.149,0.403))
[movedbg #103] pre(grounded=False, jumping=True, normal=(0.000,1.000,0.000), vel=(-3.989,5.755,-0.293)) probe(trace_dist=0.0508, hit=True, normal_y=1.0000001192092896, fraction=0.0) post(grounded=False, vel=(-3.989,5.673,-0.293), horiz_speed=4.000, pos=(-19.113,1.197,0.401))
[movedbg #104] pre(grounded=False, jumping=True, normal=(0.000,1.000,0.000), vel=(-3.989,5.673,-0.293)) probe(trace_dist=0.0508, hit=True, normal_y=1.0000001192092896, fraction=0.0) post(grounded=False, vel=(-3.989,5.591,-0.293), horiz_speed=4.000, pos=(-19.147,1.243,0.398))
[movedbg #105] pre(grounded=False, jumping=True, normal=(0.000,1.000,0.000), vel=(-3.989,5.591,-0.293)) probe(trace_dist=0.0508, hit=True, normal_y=1.0000001192092896, fraction=0.0) post(grounded=False, vel=(-3.989,5.510,-0.293), horiz_speed=4.000, pos=(-19.180,1.289,0.396))
[movedbg #106] pre(grounded=False, jumping=True, normal=(0.000,1.000,0.000), vel=(-3.989,5.510,-0.293)) probe(trace_dist=0.0508, hit=True, normal_y=1.0000001192092896, fraction=0.0) post(grounded=False, vel=(-3.989,5.428,-0.293), horiz_speed=4.000, pos=(-19.213,1.334,0.393))
[movedbg #107] pre(grounded=False, jumping=True, normal=(0.000,1.000,0.000), vel=(-3.989,5.428,-0.293)) probe(trace_dist=0.0508, hit=True, normal_y=1.0000001192092896, fraction=0.0) post(grounded=False, vel=(-3.989,5.346,-0.293), horiz_speed=4.000, pos=(-19.246,1.379,0.391))
[movedbg #108] pre(grounded=False, jumping=True, normal=(0.000,1.000,0.000), vel=(-3.989,5.346,-0.293)) probe(trace_dist=0.0508, hit=True, normal_y=1.0000001192092896, fraction=0.0) post(grounded=False, vel=(-3.989,5.264,-0.293), horiz_speed=4.000, pos=(-19.280,1.423,0.388))
[movedbg #109] pre(grounded=False, jumping=True, normal=(0.000,1.000,0.000), vel=(-3.989,5.264,-0.293)) probe(trace_dist=0.0508, hit=True, normal_y=1.0000001192092896, fraction=0.0) post(grounded=False, vel=(-3.989,5.183,-0.293), horiz_speed=4.000, pos=(-19.313,1.466,0.386))
[movedbg #110] pre(grounded=False, jumping=True, normal=(0.000,1.000,0.000), vel=(-3.989,5.183,-0.293)) probe(trace_dist=0.0508, hit=True, normal_y=1.0000001192092896, fraction=0.0) post(grounded=False, vel=(-3.989,5.101,-0.293), horiz_speed=4.000, pos=(-19.346,1.508,0.383))
[movedbg #111] pre(grounded=False, jumping=True, normal=(0.000,1.000,0.000), vel=(-3.989,5.101,-0.293)) probe(trace_dist=0.0508, hit=True, normal_y=1.0000001192092896, fraction=0.0) post(grounded=False, vel=(-3.989,5.019,-0.293), horiz_speed=4.000, pos=(-19.379,1.550,0.381))
[movedbg #112] pre(grounded=False, jumping=True, normal=(0.000,1.000,0.000), vel=(-3.989,5.019,-0.293)) probe(trace_dist=0.0508, hit=True, normal_y=1.0000001192092896, fraction=0.0) post(grounded=False, vel=(-3.989,4.937,-0.293), horiz_speed=4.000, pos=(-19.412,1.591,0.379))
[movedbg #113] pre(grounded=False, jumping=True, normal=(0.000,1.000,0.000), vel=(-3.989,4.937,-0.293)) probe(trace_dist=0.0508, hit=True, normal_y=1.0000001192092896, fraction=0.0) post(grounded=False, vel=(-3.989,4.856,-0.293), horiz_speed=4.000, pos=(-19.446,1.632,0.376))
[movedbg #114] pre(grounded=False, jumping=True, normal=(0.000,1.000,0.000), vel=(-3.989,4.856,-0.293)) probe(trace_dist=0.0508, hit=True, normal_y=1.0000001192092896, fraction=0.0) post(grounded=False, vel=(-3.989,4.774,-0.293), horiz_speed=4.000, pos=(-19.479,1.672,0.374))
[movedbg #115] pre(grounded=False, jumping=True, normal=(0.000,1.000,0.000), vel=(-3.989,4.774,-0.293)) probe(trace_dist=0.0508, hit=True, normal_y=1.0000001192092896, fraction=0.0) post(grounded=False, vel=(-3.989,4.692,-0.293), horiz_speed=4.000, pos=(-19.512,1.711,0.371))
[movedbg #116] pre(grounded=False, jumping=True, normal=(0.000,1.000,0.000), vel=(-3.989,4.692,-0.293)) probe(trace_dist=0.0508, hit=True, normal_y=1.0000001192092896, fraction=0.0) post(grounded=False, vel=(-3.989,4.610,-0.293), horiz_speed=4.000, pos=(-19.545,1.749,0.369))
[movedbg #117] pre(grounded=False, jumping=True, normal=(0.000,1.000,0.000), vel=(-3.989,4.610,-0.293)) probe(trace_dist=0.0508, hit=True, normal_y=1.0000001192092896, fraction=0.0) post(grounded=False, vel=(-3.989,4.529,-0.293), horiz_speed=4.000, pos=(-19.579,1.787,0.366))
[movedbg #118] pre(grounded=False, jumping=True, normal=(0.000,1.000,0.000), vel=(-3.989,4.529,-0.293)) probe(trace_dist=0.0508, hit=True, normal_y=1.0000001192092896, fraction=0.0) post(grounded=False, vel=(-3.989,4.447,-0.293), horiz_speed=4.000, pos=(-19.612,1.824,0.364))
[movedbg #119] pre(grounded=False, jumping=True, normal=(0.000,1.000,0.000), vel=(-3.989,4.447,-0.293)) probe(trace_dist=0.0508, hit=True, normal_y=1.0000001192092896, fraction=0.0) post(grounded=False, vel=(-3.989,4.365,-0.293), horiz_speed=4.000, pos=(-19.645,1.860,0.361))
[movedbg #120] pre(grounded=False, jumping=True, normal=(0.000,1.000,0.000), vel=(-3.989,4.365,-0.293)) probe(trace_dist=0.0508, hit=True, normal_y=1.0000001192092896, fraction=0.0) post(grounded=False, vel=(-3.989,4.283,-0.293), horiz_speed=4.000, pos=(-19.678,1.896,0.359))
[movedbg #121] pre(grounded=False, jumping=True, normal=(0.000,1.000,0.000), vel=(-3.989,4.283,-0.293)) probe(trace_dist=0.0508, hit=True, normal_y=1.0000001192092896, fraction=0.0) post(grounded=False, vel=(-3.989,4.202,-0.293), horiz_speed=4.000, pos=(-19.712,1.931,0.357))
[movedbg #122] pre(grounded=False, jumping=True, normal=(0.000,1.000,0.000), vel=(-3.989,4.202,-0.293)) probe(trace_dist=0.0508, hit=True, normal_y=1.0000001192092896, fraction=0.0) post(grounded=False, vel=(-3.989,4.120,-0.293), horiz_speed=4.000, pos=(-19.745,1.965,0.354))
[movedbg #123] pre(grounded=False, jumping=True, normal=(0.000,1.000,0.000), vel=(-3.989,4.120,-0.293)) probe(trace_dist=0.0508, hit=True, normal_y=1.0000001192092896, fraction=0.0) post(grounded=False, vel=(-3.989,4.038,-0.293), horiz_speed=4.000, pos=(-19.778,1.999,0.352))
[movedbg #124] pre(grounded=False, jumping=True, normal=(0.000,1.000,0.000), vel=(-3.989,4.038,-0.293)) probe(trace_dist=0.0508, hit=True, normal_y=1.0000001192092896, fraction=0.0) post(grounded=False, vel=(-3.989,3.956,-0.293), horiz_speed=4.000, pos=(-19.811,2.032,0.349))
[movedbg #125] pre(grounded=False, jumping=True, normal=(0.000,1.000,0.000), vel=(-3.989,3.956,-0.293)) probe(trace_dist=0.0508, hit=True, normal_y=1.0000001192092896, fraction=0.0) post(grounded=False, vel=(-3.657,3.875,-0.269), horiz_speed=3.667, pos=(-19.842,2.064,0.347))
[movedbg #126] pre(grounded=False, jumping=True, normal=(0.000,1.000,0.000), vel=(-3.657,3.875,-0.269)) probe(trace_dist=0.0508, hit=True, normal_y=1.0000001192092896, fraction=0.0) post(grounded=False, vel=(-3.324,3.793,-0.244), horiz_speed=3.333, pos=(-19.870,2.096,0.345))
[movedbg #127] pre(grounded=False, jumping=True, normal=(0.000,1.000,0.000), vel=(-3.324,3.793,-0.244)) probe(trace_dist=0.0508, hit=True, normal_y=1.0000001192092896, fraction=0.0) post(grounded=False, vel=(-2.992,3.711,-0.220), horiz_speed=3.000, pos=(-19.895,2.127,0.343))
[movedbg #128] pre(grounded=False, jumping=True, normal=(0.000,1.000,0.000), vel=(-2.992,3.711,-0.220)) probe(trace_dist=0.0508, hit=True, normal_y=1.0000001192092896, fraction=0.0) post(grounded=False, vel=(-2.660,3.629,-0.195), horiz_speed=2.667, pos=(-19.917,2.157,0.342))
[movedbg #129] pre(grounded=False, jumping=True, normal=(0.000,1.000,0.000), vel=(-2.660,3.629,-0.195)) probe(trace_dist=0.0508, hit=True, normal_y=1.0000001192092896, fraction=0.0) post(grounded=False, vel=(-2.327,3.548,-0.171), horiz_speed=2.333, pos=(-19.936,2.187,0.340))
[movedbg #130] pre(grounded=False, jumping=True, normal=(0.000,1.000,0.000), vel=(-2.327,3.548,-0.171)) probe(trace_dist=0.0508, hit=True, normal_y=1.0000001192092896, fraction=0.0) post(grounded=False, vel=(-1.995,3.466,-0.146), horiz_speed=2.000, pos=(-19.953,2.216,0.339))
[movedbg #131] pre(grounded=False, jumping=True, normal=(0.000,1.000,0.000), vel=(-1.995,3.466,-0.146)) probe(trace_dist=0.0508, hit=True, normal_y=1.0000001192092896, fraction=0.0) post(grounded=False, vel=(-1.662,3.384,-0.122), horiz_speed=1.667, pos=(-19.967,2.244,0.338))
[movedbg #132] pre(grounded=False, jumping=True, normal=(0.000,1.000,0.000), vel=(-1.662,3.384,-0.122)) probe(trace_dist=0.0508, hit=True, normal_y=1.0000001192092896, fraction=0.0) post(grounded=False, vel=(-1.330,3.302,-0.098), horiz_speed=1.333, pos=(-19.978,2.271,0.337))
[movedbg #133] pre(grounded=False, jumping=True, normal=(0.000,1.000,0.000), vel=(-1.330,3.302,-0.098)) probe(trace_dist=0.0508, hit=True, normal_y=1.0000001192092896, fraction=0.0) post(grounded=False, vel=(-0.997,3.221,-0.073), horiz_speed=1.000, pos=(-19.986,2.298,0.336))
[movedbg #134] pre(grounded=False, jumping=True, normal=(0.000,1.000,0.000), vel=(-0.997,3.221,-0.073)) probe(trace_dist=0.0508, hit=True, normal_y=1.0000001192092896, fraction=0.0) post(grounded=False, vel=(-0.665,3.139,-0.049), horiz_speed=0.667, pos=(-19.991,2.324,0.336))
[movedbg #135] pre(grounded=False, jumping=True, normal=(0.000,1.000,0.000), vel=(-0.665,3.139,-0.049)) probe(trace_dist=0.0508, hit=True, normal_y=1.0000001192092896, fraction=0.0) post(grounded=False, vel=(-0.332,3.057,-0.024), horiz_speed=0.333, pos=(-19.994,2.350,0.336))
[movedbg #136] pre(grounded=False, jumping=True, normal=(0.000,1.000,0.000), vel=(-0.332,3.057,-0.024)) probe(trace_dist=0.0508, hit=True, normal_y=1.0000001192092896, fraction=0.0) post(grounded=False, vel=(0.000,2.975,0.000), horiz_speed=0.000, pos=(-19.994,2.375,0.336))
[movedbg #137] pre(grounded=False, jumping=True, normal=(0.000,1.000,0.000), vel=(0.000,2.975,0.000)) probe(trace_dist=0.0508, hit=True, normal_y=1.0000001192092896, fraction=0.0) post(grounded=False, vel=(0.332,2.894,0.024), horiz_speed=0.333, pos=(-19.991,2.399,0.336))
[movedbg #138] pre(grounded=False, jumping=True, normal=(0.000,1.000,0.000), vel=(0.332,2.894,0.024)) probe(trace_dist=0.0508, hit=True, normal_y=1.0000001192092896, fraction=0.0) post(grounded=False, vel=(0.665,2.812,0.049), horiz_speed=0.667, pos=(-19.986,2.422,0.336))
[movedbg #139] pre(grounded=False, jumping=True, normal=(0.000,1.000,0.000), vel=(0.665,2.812,0.049)) probe(trace_dist=0.0508, hit=True, normal_y=1.0000001192092896, fraction=0.0) post(grounded=False, vel=(0.665,2.730,0.049), horiz_speed=0.667, pos=(-19.980,2.445,0.337))
[movedbg #140] pre(grounded=False, jumping=True, normal=(0.000,1.000,0.000), vel=(0.665,2.730,0.049)) probe(trace_dist=0.0508, hit=True, normal_y=1.0000001192092896, fraction=0.0) post(grounded=False, vel=(0.665,2.648,0.049), horiz_speed=0.667, pos=(-19.975,2.467,0.337))
[movedbg #141] pre(grounded=False, jumping=True, normal=(0.000,1.000,0.000), vel=(0.665,2.648,0.049)) probe(trace_dist=0.0508, hit=True, normal_y=1.0000001192092896, fraction=0.0) post(grounded=False, vel=(0.665,2.567,0.049), horiz_speed=0.667, pos=(-19.969,2.488,0.338))
[movedbg #142] pre(grounded=False, jumping=True, normal=(0.000,1.000,0.000), vel=(0.665,2.567,0.049)) probe(trace_dist=0.0508, hit=True, normal_y=1.0000001192092896, fraction=0.0) post(grounded=False, vel=(0.665,2.485,0.049), horiz_speed=0.667, pos=(-19.964,2.509,0.338))
[movedbg #143] pre(grounded=False, jumping=True, normal=(0.000,1.000,0.000), vel=(0.665,2.485,0.049)) probe(trace_dist=0.0508, hit=True, normal_y=1.0000001192092896, fraction=0.0) post(grounded=False, vel=(0.665,2.403,0.049), horiz_speed=0.667, pos=(-19.958,2.529,0.338))
[movedbg #144] pre(grounded=False, jumping=True, normal=(0.000,1.000,0.000), vel=(0.665,2.403,0.049)) probe(trace_dist=0.0508, hit=True, normal_y=1.0000001192092896, fraction=0.0) post(grounded=False, vel=(0.665,2.321,0.049), horiz_speed=0.667, pos=(-19.953,2.548,0.339))
[movedbg #145] pre(grounded=False, jumping=True, normal=(0.000,1.000,0.000), vel=(0.665,2.321,0.049)) probe(trace_dist=0.0508, hit=True, normal_y=1.0000001192092896, fraction=0.0) post(grounded=False, vel=(0.665,2.240,0.049), horiz_speed=0.667, pos=(-19.947,2.567,0.339))
[movedbg #146] pre(grounded=False, jumping=True, normal=(0.000,1.000,0.000), vel=(0.665,2.240,0.049)) probe(trace_dist=0.0508, hit=True, normal_y=1.0000001192092896, fraction=0.0) post(grounded=False, vel=(0.665,2.158,0.049), horiz_speed=0.667, pos=(-19.942,2.585,0.340))
[movedbg #147] pre(grounded=False, jumping=True, normal=(0.000,1.000,0.000), vel=(0.665,2.158,0.049)) probe(trace_dist=0.0508, hit=True, normal_y=1.0000001192092896, fraction=0.0) post(grounded=False, vel=(0.665,2.076,0.049), horiz_speed=0.667, pos=(-19.936,2.602,0.340))
[movedbg #148] pre(grounded=False, jumping=True, normal=(0.000,1.000,0.000), vel=(0.665,2.076,0.049)) probe(trace_dist=0.0508, hit=True, normal_y=1.0000001192092896, fraction=0.0) post(grounded=False, vel=(0.665,1.994,0.049), horiz_speed=0.667, pos=(-19.931,2.619,0.340))
[movedbg #149] pre(grounded=False, jumping=True, normal=(0.000,1.000,0.000), vel=(0.665,1.994,0.049)) probe(trace_dist=0.0508, hit=True, normal_y=1.0000001192092896, fraction=0.0) post(grounded=False, vel=(0.665,1.913,0.049), horiz_speed=0.667, pos=(-19.925,2.635,0.341))
[movedbg #150] pre(grounded=False, jumping=True, normal=(0.000,1.000,0.000), vel=(0.665,1.913,0.049)) probe(trace_dist=0.0508, hit=True, normal_y=1.0000001192092896, fraction=0.0) post(grounded=False, vel=(0.665,1.831,0.049), horiz_speed=0.667, pos=(-19.919,2.650,0.341))
[movedbg #151] pre(grounded=False, jumping=True, normal=(0.000,1.000,0.000), vel=(0.665,1.831,0.049)) probe(trace_dist=0.0508, hit=True, normal_y=1.0000001192092896, fraction=0.0) post(grounded=False, vel=(0.665,1.749,0.049), horiz_speed=0.667, pos=(-19.914,2.665,0.342))
[movedbg #152] pre(grounded=False, jumping=True, normal=(0.000,1.000,0.000), vel=(0.665,1.749,0.049)) probe(trace_dist=0.0508, hit=True, normal_y=1.0000001192092896, fraction=0.0) post(grounded=False, vel=(0.665,1.667,0.049), horiz_speed=0.667, pos=(-19.908,2.679,0.342))
[movedbg #153] pre(grounded=False, jumping=True, normal=(0.000,1.000,0.000), vel=(0.665,1.667,0.049)) probe(trace_dist=0.0508, hit=True, normal_y=1.0000001192092896, fraction=0.0) post(grounded=False, vel=(0.665,1.586,0.049), horiz_speed=0.667, pos=(-19.903,2.692,0.343))
[movedbg #154] pre(grounded=False, jumping=True, normal=(0.000,1.000,0.000), vel=(0.665,1.586,0.049)) probe(trace_dist=0.0508, hit=True, normal_y=1.0000001192092896, fraction=0.0) post(grounded=False, vel=(0.665,1.504,0.049), horiz_speed=0.667, pos=(-19.897,2.704,0.343))
[movedbg #155] pre(grounded=False, jumping=True, normal=(0.000,1.000,0.000), vel=(0.665,1.504,0.049)) probe(trace_dist=0.0508, hit=True, normal_y=1.0000001192092896, fraction=0.0) post(grounded=False, vel=(0.665,1.422,0.049), horiz_speed=0.667, pos=(-19.892,2.716,0.343))
[movedbg #156] pre(grounded=False, jumping=True, normal=(0.000,1.000,0.000), vel=(0.665,1.422,0.049)) probe(trace_dist=0.0508, hit=True, normal_y=1.0000001192092896, fraction=0.0) post(grounded=False, vel=(0.665,1.340,0.049), horiz_speed=0.667, pos=(-19.886,2.727,0.344))
[movedbg #157] pre(grounded=False, jumping=True, normal=(0.000,1.000,0.000), vel=(0.665,1.340,0.049)) probe(trace_dist=0.0508, hit=True, normal_y=1.0000001192092896, fraction=0.0) post(grounded=False, vel=(0.665,1.259,0.049), horiz_speed=0.667, pos=(-19.881,2.738,0.344))
[movedbg #158] pre(grounded=False, jumping=True, normal=(0.000,1.000,0.000), vel=(0.665,1.259,0.049)) probe(trace_dist=0.0508, hit=True, normal_y=1.0000001192092896, fraction=0.0) post(grounded=False, vel=(0.665,1.177,0.049), horiz_speed=0.667, pos=(-19.875,2.748,0.345))
[movedbg #159] pre(grounded=False, jumping=True, normal=(0.000,1.000,0.000), vel=(0.665,1.177,0.049)) probe(trace_dist=0.0508, hit=True, normal_y=1.0000001192092896, fraction=0.0) post(grounded=False, vel=(0.665,1.095,0.049), horiz_speed=0.667, pos=(-19.870,2.757,0.345))
[movedbg #160] pre(grounded=False, jumping=True, normal=(0.000,1.000,0.000), vel=(0.665,1.095,0.049)) probe(trace_dist=0.0508, hit=True, normal_y=1.0000001192092896, fraction=0.0) post(grounded=False, vel=(0.665,1.013,0.049), horiz_speed=0.667, pos=(-19.864,2.765,0.345))
[movedbg #161] pre(grounded=False, jumping=True, normal=(0.000,1.000,0.000), vel=(0.665,1.013,0.049)) probe(trace_dist=0.0508, hit=True, normal_y=1.0000001192092896, fraction=0.0) post(grounded=False, vel=(0.332,0.932,0.024), horiz_speed=0.333, pos=(-19.861,2.773,0.346))
[movedbg #162] pre(grounded=False, jumping=True, normal=(0.000,1.000,0.000), vel=(0.332,0.932,0.024)) probe(trace_dist=0.0508, hit=True, normal_y=1.0000001192092896, fraction=0.0) post(grounded=False, vel=(0.000,0.850,0.000), horiz_speed=0.000, pos=(-19.861,2.780,0.346))
[movedbg #163] pre(grounded=False, jumping=True, normal=(0.000,1.000,0.000), vel=(0.000,0.850,0.000)) probe(trace_dist=0.0508, hit=True, normal_y=1.0000001192092896, fraction=0.0) post(grounded=False, vel=(-0.332,0.768,-0.024), horiz_speed=0.333, pos=(-19.864,2.786,0.345))
[movedbg #164] pre(grounded=False, jumping=True, normal=(0.000,1.000,0.000), vel=(-0.332,0.768,-0.024)) probe(trace_dist=0.0508, hit=True, normal_y=1.0000001192092896, fraction=0.0) post(grounded=False, vel=(-0.665,0.686,-0.049), horiz_speed=0.667, pos=(-19.870,2.792,0.345))
[movedbg #165] pre(grounded=False, jumping=True, normal=(0.000,1.000,0.000), vel=(-0.665,0.686,-0.049)) probe(trace_dist=0.0508, hit=True, normal_y=1.0000001192092896, fraction=0.0) post(grounded=False, vel=(-0.760,0.605,-0.056), horiz_speed=0.762, pos=(-19.876,2.797,0.344))
[movedbg #166] pre(grounded=False, jumping=True, normal=(0.000,1.000,0.000), vel=(-0.760,0.605,-0.056)) probe(trace_dist=0.0508, hit=True, normal_y=1.0000001192092896, fraction=0.0) post(grounded=False, vel=(-0.760,0.523,-0.056), horiz_speed=0.762, pos=(-19.882,2.802,0.344))
[movedbg #167] pre(grounded=False, jumping=True, normal=(0.000,1.000,0.000), vel=(-0.760,0.523,-0.056)) probe(trace_dist=0.0508, hit=True, normal_y=1.0000001192092896, fraction=0.0) post(grounded=False, vel=(-0.760,0.441,-0.056), horiz_speed=0.762, pos=(-19.889,2.805,0.344))
[movedbg #168] pre(grounded=False, jumping=True, normal=(0.000,1.000,0.000), vel=(-0.760,0.441,-0.056)) probe(trace_dist=0.0508, hit=True, normal_y=1.0000001192092896, fraction=0.0) post(grounded=False, vel=(-0.760,0.359,-0.056), horiz_speed=0.762, pos=(-19.895,2.808,0.343))
[movedbg #169] pre(grounded=False, jumping=True, normal=(0.000,1.000,0.000), vel=(-0.760,0.359,-0.056)) probe(trace_dist=0.0508, hit=True, normal_y=1.0000001192092896, fraction=0.0) post(grounded=False, vel=(-0.760,0.278,-0.056), horiz_speed=0.762, pos=(-19.901,2.811,0.343))
[movedbg #170] pre(grounded=False, jumping=True, normal=(0.000,1.000,0.000), vel=(-0.760,0.278,-0.056)) probe(trace_dist=0.0508, hit=True, normal_y=1.0000001192092896, fraction=0.0) post(grounded=False, vel=(-0.760,0.196,-0.056), horiz_speed=0.762, pos=(-19.908,2.812,0.342))
[movedbg #171] pre(grounded=False, jumping=True, normal=(0.000,1.000,0.000), vel=(-0.760,0.196,-0.056)) probe(trace_dist=0.0508, hit=True, normal_y=1.0000001192092896, fraction=0.0) post(grounded=False, vel=(-0.760,0.114,-0.056), horiz_speed=0.762, pos=(-19.914,2.813,0.342))
[movedbg #172] pre(grounded=False, jumping=True, normal=(0.000,1.000,0.000), vel=(-0.760,0.114,-0.056)) probe(trace_dist=0.0508, hit=True, normal_y=1.0000001192092896, fraction=0.0) post(grounded=False, vel=(-0.760,0.032,-0.056), horiz_speed=0.762, pos=(-19.920,2.813,0.341))
[movedbg #173] pre(grounded=False, jumping=True, normal=(0.000,1.000,0.000), vel=(-0.760,0.032,-0.056)) probe(trace_dist=0.0508, hit=True, normal_y=1.0000001192092896, fraction=0.0) post(grounded=False, vel=(-0.760,-0.049,-0.056), horiz_speed=0.762, pos=(-19.927,2.813,0.341))
[movedbg #174] pre(grounded=False, jumping=False, normal=(0.000,1.000,0.000), vel=(-0.760,-0.049,-0.056)) probe(trace_dist=0.0508, hit=False, normal_y=None, fraction=None) post(grounded=False, vel=(-0.760,-0.131,-0.056), horiz_speed=0.762, pos=(-19.933,2.812,0.340))
[movedbg #175] pre(grounded=False, jumping=False, normal=(0.000,1.000,0.000), vel=(-0.760,-0.131,-0.056)) probe(trace_dist=0.0508, hit=False, normal_y=None, fraction=None) post(grounded=False, vel=(-0.760,-0.213,-0.056), horiz_speed=0.762, pos=(-19.939,2.810,0.340))
[movedbg #176] pre(grounded=False, jumping=False, normal=(0.000,1.000,0.000), vel=(-0.760,-0.213,-0.056)) probe(trace_dist=0.0508, hit=False, normal_y=None, fraction=None) post(grounded=False, vel=(-0.760,-0.295,-0.056), horiz_speed=0.762, pos=(-19.946,2.808,0.339))
[movedbg #177] pre(grounded=False, jumping=False, normal=(0.000,1.000,0.000), vel=(-0.760,-0.295,-0.056)) probe(trace_dist=0.0508, hit=False, normal_y=None, fraction=None) post(grounded=False, vel=(-0.760,-0.376,-0.056), horiz_speed=0.762, pos=(-19.952,2.805,0.339))
[movedbg #178] pre(grounded=False, jumping=False, normal=(0.000,1.000,0.000), vel=(-0.760,-0.376,-0.056)) probe(trace_dist=0.0508, hit=False, normal_y=None, fraction=None) post(grounded=False, vel=(-0.760,-0.458,-0.056), horiz_speed=0.762, pos=(-19.958,2.801,0.338))
[movedbg #179] pre(grounded=False, jumping=False, normal=(0.000,1.000,0.000), vel=(-0.760,-0.458,-0.056)) probe(trace_dist=0.0508, hit=False, normal_y=None, fraction=None) post(grounded=False, vel=(-0.760,-0.540,-0.056), horiz_speed=0.762, pos=(-19.965,2.796,0.338))
[movedbg #180] pre(grounded=False, jumping=False, normal=(0.000,1.000,0.000), vel=(-0.760,-0.540,-0.056)) probe(trace_dist=0.0508, hit=False, normal_y=None, fraction=None) post(grounded=False, vel=(-0.760,-0.622,-0.056), horiz_speed=0.762, pos=(-19.971,2.791,0.338))
[movedbg #181] pre(grounded=False, jumping=False, normal=(0.000,1.000,0.000), vel=(-0.760,-0.622,-0.056)) probe(trace_dist=0.0508, hit=False, normal_y=None, fraction=None) post(grounded=False, vel=(-0.760,-0.703,-0.056), horiz_speed=0.762, pos=(-19.977,2.785,0.337))
[movedbg #182] pre(grounded=False, jumping=False, normal=(0.000,1.000,0.000), vel=(-0.760,-0.703,-0.056)) probe(trace_dist=0.0508, hit=False, normal_y=None, fraction=None) post(grounded=False, vel=(-0.760,-0.785,-0.056), horiz_speed=0.762, pos=(-19.984,2.779,0.337))
[movedbg #183] pre(grounded=False, jumping=False, normal=(0.000,1.000,0.000), vel=(-0.760,-0.785,-0.056)) probe(trace_dist=0.0508, hit=False, normal_y=None, fraction=None) post(grounded=False, vel=(-0.760,-0.867,-0.056), horiz_speed=0.762, pos=(-19.990,2.771,0.336))
[movedbg #184] pre(grounded=False, jumping=False, normal=(0.000,1.000,0.000), vel=(-0.760,-0.867,-0.056)) probe(trace_dist=0.0508, hit=False, normal_y=None, fraction=None) post(grounded=False, vel=(-0.760,-0.949,-0.056), horiz_speed=0.762, pos=(-19.996,2.763,0.336))
[movedbg #185] pre(grounded=False, jumping=False, normal=(0.000,1.000,0.000), vel=(-0.760,-0.949,-0.056)) probe(trace_dist=0.0508, hit=False, normal_y=None, fraction=None) post(grounded=False, vel=(-0.760,-1.030,-0.056), horiz_speed=0.762, pos=(-20.003,2.755,0.335))
[movedbg #186] pre(grounded=False, jumping=False, normal=(0.000,1.000,0.000), vel=(-0.760,-1.030,-0.056)) probe(trace_dist=0.0508, hit=False, normal_y=None, fraction=None) post(grounded=False, vel=(-0.760,-1.112,-0.056), horiz_speed=0.762, pos=(-20.009,2.746,0.335))
[movedbg #187] pre(grounded=False, jumping=False, normal=(0.000,1.000,0.000), vel=(-0.760,-1.112,-0.056)) probe(trace_dist=0.0508, hit=False, normal_y=None, fraction=None) post(grounded=False, vel=(-0.760,-1.194,-0.056), horiz_speed=0.762, pos=(-20.015,2.736,0.334))
[movedbg #188] pre(grounded=False, jumping=False, normal=(0.000,1.000,0.000), vel=(-0.760,-1.194,-0.056)) probe(trace_dist=0.0508, hit=False, normal_y=None, fraction=None) post(grounded=False, vel=(-0.760,-1.276,-0.056), horiz_speed=0.762, pos=(-20.022,2.725,0.334))
[movedbg #189] pre(grounded=False, jumping=False, normal=(0.000,1.000,0.000), vel=(-0.760,-1.276,-0.056)) probe(trace_dist=0.0508, hit=False, normal_y=None, fraction=None) post(grounded=False, vel=(-0.760,-1.357,-0.056), horiz_speed=0.762, pos=(-20.028,2.714,0.333))
[movedbg #190] pre(grounded=False, jumping=False, normal=(0.000,1.000,0.000), vel=(-0.760,-1.357,-0.056)) probe(trace_dist=0.0508, hit=False, normal_y=None, fraction=None) post(grounded=False, vel=(-0.760,-1.439,-0.056), horiz_speed=0.762, pos=(-20.034,2.702,0.333))
[movedbg #191] pre(grounded=False, jumping=False, normal=(0.000,1.000,0.000), vel=(-0.760,-1.439,-0.056)) probe(trace_dist=0.0508, hit=False, normal_y=None, fraction=None) post(grounded=False, vel=(-0.760,-1.521,-0.056), horiz_speed=0.762, pos=(-20.041,2.689,0.332))
[movedbg #192] pre(grounded=False, jumping=False, normal=(0.000,1.000,0.000), vel=(-0.760,-1.521,-0.056)) probe(trace_dist=0.0508, hit=False, normal_y=None, fraction=None) post(grounded=False, vel=(-0.760,-1.603,-0.056), horiz_speed=0.762, pos=(-20.047,2.676,0.332))
[movedbg #193] pre(grounded=False, jumping=False, normal=(0.000,1.000,0.000), vel=(-0.760,-1.603,-0.056)) probe(trace_dist=0.0508, hit=False, normal_y=None, fraction=None) post(grounded=False, vel=(-0.760,-1.684,-0.056), horiz_speed=0.762, pos=(-20.053,2.662,0.331))
[movedbg #194] pre(grounded=False, jumping=False, normal=(0.000,1.000,0.000), vel=(-0.760,-1.684,-0.056)) probe(trace_dist=0.0508, hit=False, normal_y=None, fraction=None) post(grounded=False, vel=(-0.761,-1.766,-0.056), horiz_speed=0.763, pos=(-20.060,2.647,0.331))
[movedbg #195] pre(grounded=False, jumping=False, normal=(0.000,1.000,0.000), vel=(-0.761,-1.766,-0.056)) probe(trace_dist=0.0508, hit=False, normal_y=None, fraction=None) post(grounded=False, vel=(-0.761,-1.848,-0.056), horiz_speed=0.763, pos=(-20.066,2.632,0.331))
[movedbg #196] pre(grounded=False, jumping=False, normal=(0.000,1.000,0.000), vel=(-0.761,-1.848,-0.056)) probe(trace_dist=0.0508, hit=False, normal_y=None, fraction=None) post(grounded=False, vel=(-0.761,-1.930,-0.056), horiz_speed=0.763, pos=(-20.072,2.615,0.330))
[movedbg #197] pre(grounded=False, jumping=False, normal=(0.000,1.000,0.000), vel=(-0.761,-1.930,-0.056)) probe(trace_dist=0.0508, hit=False, normal_y=None, fraction=None) post(grounded=False, vel=(-0.761,-2.011,-0.056), horiz_speed=0.763, pos=(-20.079,2.599,0.330))
[movedbg #198] pre(grounded=False, jumping=False, normal=(0.000,1.000,0.000), vel=(-0.761,-2.011,-0.056)) probe(trace_dist=0.0508, hit=False, normal_y=None, fraction=None) post(grounded=False, vel=(-0.761,-2.093,-0.056), horiz_speed=0.763, pos=(-20.085,2.581,0.329))
[movedbg #199] pre(grounded=False, jumping=False, normal=(0.000,1.000,0.000), vel=(-0.761,-2.093,-0.056)) probe(trace_dist=0.0508, hit=False, normal_y=None, fraction=None) post(grounded=False, vel=(-0.762,-2.175,-0.056), horiz_speed=0.764, pos=(-20.091,2.563,0.329))
[movedbg #200] pre(grounded=False, jumping=False, normal=(0.000,1.000,0.000), vel=(-0.762,-2.175,-0.056)) probe(trace_dist=0.0508, hit=False, normal_y=None, fraction=None) post(grounded=False, vel=(-0.762,-2.257,-0.056), horiz_speed=0.764, pos=(-20.098,2.544,0.328))
[movedbg #201] pre(grounded=False, jumping=False, normal=(0.000,1.000,0.000), vel=(-0.762,-2.257,-0.056)) probe(trace_dist=0.0508, hit=False, normal_y=None, fraction=None) post(grounded=False, vel=(-0.762,-2.338,-0.056), horiz_speed=0.765, pos=(-20.104,2.525,0.328))
[movedbg #202] pre(grounded=False, jumping=False, normal=(0.000,1.000,0.000), vel=(-0.762,-2.338,-0.056)) probe(trace_dist=0.0508, hit=False, normal_y=None, fraction=None) post(grounded=False, vel=(-0.763,-2.420,-0.056), horiz_speed=0.765, pos=(-20.110,2.505,0.327))
[movedbg #203] pre(grounded=False, jumping=False, normal=(0.000,1.000,0.000), vel=(-0.763,-2.420,-0.056)) probe(trace_dist=0.0508, hit=False, normal_y=None, fraction=None) post(grounded=False, vel=(-0.763,-2.502,-0.056), horiz_speed=0.765, pos=(-20.117,2.484,0.327))
[movedbg #204] pre(grounded=False, jumping=False, normal=(0.000,1.000,0.000), vel=(-0.763,-2.502,-0.056)) probe(trace_dist=0.0508, hit=False, normal_y=None, fraction=None) post(grounded=False, vel=(-0.763,-2.584,-0.056), horiz_speed=0.766, pos=(-20.123,2.462,0.326))
[movedbg #205] pre(grounded=False, jumping=False, normal=(0.000,1.000,0.000), vel=(-0.763,-2.584,-0.056)) probe(trace_dist=0.0508, hit=False, normal_y=None, fraction=None) post(grounded=False, vel=(-0.764,-2.665,-0.056), horiz_speed=0.766, pos=(-20.129,2.440,0.326))
[movedbg #206] pre(grounded=False, jumping=False, normal=(0.000,1.000,0.000), vel=(-0.764,-2.665,-0.056)) probe(trace_dist=0.0508, hit=False, normal_y=None, fraction=None) post(grounded=False, vel=(-0.765,-2.747,-0.056), horiz_speed=0.767, pos=(-20.136,2.417,0.325))
[movedbg #207] pre(grounded=False, jumping=False, normal=(0.000,1.000,0.000), vel=(-0.765,-2.747,-0.056)) probe(trace_dist=0.0508, hit=False, normal_y=None, fraction=None) post(grounded=False, vel=(-0.765,-2.829,-0.057), horiz_speed=0.767, pos=(-20.142,2.394,0.325))
[movedbg #208] pre(grounded=False, jumping=False, normal=(0.000,1.000,0.000), vel=(-0.765,-2.829,-0.057)) probe(trace_dist=0.0508, hit=False, normal_y=None, fraction=None) post(grounded=False, vel=(-0.765,-2.911,-0.057), horiz_speed=0.767, pos=(-20.149,2.369,0.324))
[movedbg #209] pre(grounded=False, jumping=False, normal=(0.000,1.000,0.000), vel=(-0.765,-2.911,-0.057)) probe(trace_dist=0.0508, hit=False, normal_y=None, fraction=None) post(grounded=False, vel=(-0.766,-2.992,-0.057), horiz_speed=0.768, pos=(-20.155,2.344,0.324))
[movedbg #210] pre(grounded=False, jumping=False, normal=(0.000,1.000,0.000), vel=(-0.766,-2.992,-0.057)) probe(trace_dist=0.0508, hit=False, normal_y=None, fraction=None) post(grounded=False, vel=(-0.767,-3.074,-0.057), horiz_speed=0.769, pos=(-20.161,2.319,0.323))
[movedbg #211] pre(grounded=False, jumping=False, normal=(0.000,1.000,0.000), vel=(-0.767,-3.074,-0.057)) probe(trace_dist=0.0508, hit=False, normal_y=None, fraction=None) post(grounded=False, vel=(-0.767,-3.156,-0.057), horiz_speed=0.769, pos=(-20.168,2.293,0.323))
[movedbg #212] pre(grounded=False, jumping=False, normal=(0.000,1.000,0.000), vel=(-0.767,-3.156,-0.057)) probe(trace_dist=0.0508, hit=False, normal_y=None, fraction=None) post(grounded=False, vel=(-0.767,-3.238,-0.057), horiz_speed=0.770, pos=(-20.174,2.266,0.323))
[movedbg #213] pre(grounded=False, jumping=False, normal=(0.000,1.000,0.000), vel=(-0.767,-3.238,-0.057)) probe(trace_dist=0.0508, hit=False, normal_y=None, fraction=None) post(grounded=False, vel=(-0.768,-3.319,-0.057), horiz_speed=0.770, pos=(-20.181,2.238,0.322))
[movedbg #214] pre(grounded=False, jumping=False, normal=(0.000,1.000,0.000), vel=(-0.768,-3.319,-0.057)) probe(trace_dist=0.0508, hit=False, normal_y=None, fraction=None) post(grounded=False, vel=(-0.769,-3.401,-0.058), horiz_speed=0.771, pos=(-20.187,2.210,0.322))
[movedbg #215] pre(grounded=False, jumping=False, normal=(0.000,1.000,0.000), vel=(-0.769,-3.401,-0.058)) probe(trace_dist=0.0508, hit=False, normal_y=None, fraction=None) post(grounded=False, vel=(-0.770,-3.483,-0.058), horiz_speed=0.772, pos=(-20.193,2.180,0.321))
[movedbg #216] pre(grounded=False, jumping=False, normal=(0.000,1.000,0.000), vel=(-0.770,-3.483,-0.058)) probe(trace_dist=0.0508, hit=False, normal_y=None, fraction=None) post(grounded=False, vel=(-0.770,-3.565,-0.058), horiz_speed=0.773, pos=(-20.200,2.151,0.321))
[movedbg #217] pre(grounded=False, jumping=False, normal=(0.000,1.000,0.000), vel=(-0.770,-3.565,-0.058)) probe(trace_dist=0.0508, hit=False, normal_y=None, fraction=None) post(grounded=False, vel=(-0.771,-3.646,-0.058), horiz_speed=0.773, pos=(-20.206,2.120,0.320))
[movedbg #218] pre(grounded=False, jumping=False, normal=(0.000,1.000,0.000), vel=(-0.771,-3.646,-0.058)) probe(trace_dist=0.0508, hit=False, normal_y=None, fraction=None) post(grounded=False, vel=(-0.772,-3.728,-0.058), horiz_speed=0.774, pos=(-20.213,2.089,0.320))
[movedbg #219] pre(grounded=False, jumping=False, normal=(0.000,1.000,0.000), vel=(-0.772,-3.728,-0.058)) probe(trace_dist=0.0508, hit=False, normal_y=None, fraction=None) post(grounded=False, vel=(-0.772,-3.810,-0.058), horiz_speed=0.774, pos=(-20.219,2.058,0.319))
[movedbg #220] pre(grounded=False, jumping=False, normal=(0.000,1.000,0.000), vel=(-0.772,-3.810,-0.058)) probe(trace_dist=0.0508, hit=False, normal_y=None, fraction=None) post(grounded=False, vel=(-0.773,-3.892,-0.059), horiz_speed=0.775, pos=(-20.226,2.025,0.319))
[movedbg #221] pre(grounded=False, jumping=False, normal=(0.000,1.000,0.000), vel=(-0.773,-3.892,-0.059)) probe(trace_dist=0.0508, hit=False, normal_y=None, fraction=None) post(grounded=False, vel=(-0.774,-3.973,-0.059), horiz_speed=0.776, pos=(-20.232,1.992,0.318))
[movedbg #222] pre(grounded=False, jumping=False, normal=(0.000,1.000,0.000), vel=(-0.774,-3.973,-0.059)) probe(trace_dist=0.0508, hit=False, normal_y=None, fraction=None) post(grounded=False, vel=(-0.774,-4.055,-0.059), horiz_speed=0.776, pos=(-20.238,1.958,0.318))
[movedbg #223] pre(grounded=False, jumping=False, normal=(0.000,1.000,0.000), vel=(-0.774,-4.055,-0.059)) probe(trace_dist=0.0508, hit=False, normal_y=None, fraction=None) post(grounded=False, vel=(-0.775,-4.137,-0.059), horiz_speed=0.777, pos=(-20.245,1.924,0.317))
[movedbg #224] pre(grounded=False, jumping=False, normal=(0.000,1.000,0.000), vel=(-0.775,-4.137,-0.059)) probe(trace_dist=0.0508, hit=False, normal_y=None, fraction=None) post(grounded=False, vel=(-0.776,-4.219,-0.059), horiz_speed=0.779, pos=(-20.251,1.889,0.317))
[movedbg #225] pre(grounded=False, jumping=False, normal=(0.000,1.000,0.000), vel=(-0.776,-4.219,-0.059)) probe(trace_dist=0.0508, hit=False, normal_y=None, fraction=None) post(grounded=False, vel=(-0.777,-4.300,-0.060), horiz_speed=0.779, pos=(-20.258,1.853,0.316))
[movedbg #226] pre(grounded=False, jumping=False, normal=(0.000,1.000,0.000), vel=(-0.777,-4.300,-0.060)) probe(trace_dist=0.0508, hit=False, normal_y=None, fraction=None) post(grounded=False, vel=(-0.778,-4.382,-0.060), horiz_speed=0.780, pos=(-20.264,1.816,0.316))
[movedbg #227] pre(grounded=False, jumping=False, normal=(0.000,1.000,0.000), vel=(-0.778,-4.382,-0.060)) probe(trace_dist=0.0508, hit=False, normal_y=None, fraction=None) post(grounded=False, vel=(-0.869,-4.464,-0.011), horiz_speed=0.869, pos=(-20.272,1.779,0.316))
[movedbg #228] pre(grounded=False, jumping=False, normal=(0.000,1.000,0.000), vel=(-0.869,-4.464,-0.011)) probe(trace_dist=0.0508, hit=False, normal_y=None, fraction=None) post(grounded=False, vel=(-0.869,-4.546,-0.011), horiz_speed=0.869, pos=(-20.279,1.741,0.316))
[movedbg #229] pre(grounded=False, jumping=False, normal=(0.000,1.000,0.000), vel=(-0.869,-4.546,-0.011)) probe(trace_dist=0.0508, hit=False, normal_y=None, fraction=None) post(grounded=False, vel=(-0.869,-4.627,-0.011), horiz_speed=0.869, pos=(-20.286,1.703,0.315))
[movedbg #230] pre(grounded=False, jumping=False, normal=(0.000,1.000,0.000), vel=(-0.869,-4.627,-0.011)) probe(trace_dist=0.0508, hit=False, normal_y=None, fraction=None) post(grounded=False, vel=(-0.869,-4.709,-0.011), horiz_speed=0.869, pos=(-20.293,1.663,0.315))
[movedbg #231] pre(grounded=False, jumping=False, normal=(0.000,1.000,0.000), vel=(-0.869,-4.709,-0.011)) probe(trace_dist=0.0508, hit=False, normal_y=None, fraction=None) post(grounded=False, vel=(-0.869,-4.791,-0.011), horiz_speed=0.869, pos=(-20.300,1.623,0.315))
[movedbg #232] pre(grounded=False, jumping=False, normal=(0.000,1.000,0.000), vel=(-0.869,-4.791,-0.011)) probe(trace_dist=0.0508, hit=False, normal_y=None, fraction=None) post(grounded=False, vel=(-0.869,-4.873,-0.011), horiz_speed=0.869, pos=(-20.308,1.583,0.315))
[movedbg #233] pre(grounded=False, jumping=False, normal=(0.000,1.000,0.000), vel=(-0.869,-4.873,-0.011)) probe(trace_dist=0.0508, hit=False, normal_y=None, fraction=None) post(grounded=False, vel=(-0.869,-4.954,-0.011), horiz_speed=0.869, pos=(-20.315,1.542,0.315))
[movedbg #234] pre(grounded=False, jumping=False, normal=(0.000,1.000,0.000), vel=(-0.869,-4.954,-0.011)) probe(trace_dist=0.0508, hit=False, normal_y=None, fraction=None) post(grounded=False, vel=(-0.869,-5.036,-0.011), horiz_speed=0.869, pos=(-20.322,1.500,0.315))
[movedbg #235] pre(grounded=False, jumping=False, normal=(0.000,1.000,0.000), vel=(-0.869,-5.036,-0.011)) probe(trace_dist=0.0508, hit=False, normal_y=None, fraction=None) post(grounded=False, vel=(-0.869,-5.118,-0.011), horiz_speed=0.869, pos=(-20.329,1.457,0.315))
[movedbg #236] pre(grounded=False, jumping=False, normal=(0.000,1.000,0.000), vel=(-0.869,-5.118,-0.011)) probe(trace_dist=0.0508, hit=False, normal_y=None, fraction=None) post(grounded=False, vel=(-0.869,-5.200,-0.011), horiz_speed=0.869, pos=(-20.337,1.414,0.315))
[movedbg #237] pre(grounded=False, jumping=False, normal=(0.000,1.000,0.000), vel=(-0.869,-5.200,-0.011)) probe(trace_dist=0.0508, hit=False, normal_y=None, fraction=None) post(grounded=False, vel=(-0.869,-5.281,-0.011), horiz_speed=0.869, pos=(-20.344,1.370,0.315))
[movedbg #238] pre(grounded=False, jumping=False, normal=(0.000,1.000,0.000), vel=(-0.869,-5.281,-0.011)) probe(trace_dist=0.0508, hit=False, normal_y=None, fraction=None) post(grounded=False, vel=(-0.869,-5.363,-0.011), horiz_speed=0.869, pos=(-20.351,1.325,0.315))
[movedbg #239] pre(grounded=False, jumping=False, normal=(0.000,1.000,0.000), vel=(-0.869,-5.363,-0.011)) probe(trace_dist=0.0508, hit=False, normal_y=None, fraction=None) post(grounded=False, vel=(-0.869,-5.445,-0.011), horiz_speed=0.869, pos=(-20.358,1.280,0.314))
[movedbg #240] pre(grounded=False, jumping=False, normal=(0.000,1.000,0.000), vel=(-0.869,-5.445,-0.011)) probe(trace_dist=0.0508, hit=False, normal_y=None, fraction=None) post(grounded=False, vel=(-0.869,-5.527,-0.011), horiz_speed=0.869, pos=(-20.366,1.233,0.314))
[movedbg #241] pre(grounded=False, jumping=False, normal=(0.000,1.000,0.000), vel=(-0.869,-5.527,-0.011)) probe(trace_dist=0.0508, hit=False, normal_y=None, fraction=None) post(grounded=False, vel=(-0.869,-5.608,-0.011), horiz_speed=0.869, pos=(-20.373,1.187,0.314))
[movedbg #242] pre(grounded=False, jumping=False, normal=(0.000,1.000,0.000), vel=(-0.869,-5.608,-0.011)) probe(trace_dist=0.0508, hit=False, normal_y=None, fraction=None) post(grounded=False, vel=(-0.869,-5.690,-0.011), horiz_speed=0.869, pos=(-20.380,1.139,0.314))
[movedbg #243] pre(grounded=False, jumping=False, normal=(0.000,1.000,0.000), vel=(-0.869,-5.690,-0.011)) probe(trace_dist=0.0508, hit=False, normal_y=None, fraction=None) post(grounded=False, vel=(-0.869,-5.772,-0.011), horiz_speed=0.869, pos=(-20.387,1.091,0.314))
[movedbg #244] pre(grounded=False, jumping=False, normal=(0.000,1.000,0.000), vel=(-0.869,-5.772,-0.011)) probe(trace_dist=0.0508, hit=False, normal_y=None, fraction=None) post(grounded=False, vel=(-0.869,-5.854,-0.011), horiz_speed=0.869, pos=(-20.395,1.042,0.314))
[movedbg #245] pre(grounded=True, jumping=False, normal=(0.000,1.000,0.000), vel=(-0.869,-5.854,-0.011)) probe(trace_dist=0.0508, hit=True, normal_y=1.0000001192092896, fraction=0.7678501605987549) post(grounded=True, vel=(-1.137,0.000,0.132), horiz_speed=1.145, pos=(-20.404,1.003,0.315))
[movedbg #246] pre(grounded=True, jumping=False, normal=(0.000,1.000,-0.000), vel=(-1.137,0.000,0.132)) probe(trace_dist=0.0508, hit=True, normal_y=1.0000001192092896, fraction=0.0) post(grounded=True, vel=(-1.401,0.000,0.269), horiz_speed=1.426, pos=(-20.416,1.003,0.317))
[movedbg #247] pre(grounded=True, jumping=False, normal=(0.000,1.000,-0.000), vel=(-1.401,0.000,0.269)) probe(trace_dist=0.0508, hit=True, normal_y=1.0000001192092896, fraction=0.0) post(grounded=True, vel=(-1.656,0.000,0.402), horiz_speed=1.704, pos=(-20.430,1.003,0.321))
[movedbg #248] pre(grounded=True, jumping=False, normal=(0.000,1.000,0.000), vel=(-1.656,0.000,0.402)) probe(trace_dist=0.0508, hit=True, normal_y=1.0000001192092896, fraction=0.0) post(grounded=True, vel=(-1.902,0.000,0.531), horiz_speed=1.975, pos=(-20.445,1.003,0.325))
[movedbg #249] pre(grounded=True, jumping=False, normal=(0.000,1.000,-0.000), vel=(-1.902,0.000,0.531)) probe(trace_dist=0.0508, hit=True, normal_y=1.0000001192092896, fraction=0.0) post(grounded=True, vel=(-2.152,0.000,0.400), horiz_speed=2.189, pos=(-20.463,1.003,0.328))
[movedbg #250] pre(grounded=True, jumping=False, normal=(0.000,1.000,0.000), vel=(-2.152,0.000,0.400)) probe(trace_dist=0.0508, hit=True, normal_y=1.0000001192092896, fraction=0.0) post(grounded=True, vel=(-2.394,0.000,0.272), horiz_speed=2.409, pos=(-20.483,1.003,0.331))
[movedbg #251] pre(grounded=True, jumping=False, normal=(0.000,1.000,-0.000), vel=(-2.394,0.000,0.272)) probe(trace_dist=0.0508, hit=True, normal_y=1.0000001192092896, fraction=0.0) post(grounded=True, vel=(-2.627,0.000,0.149), horiz_speed=2.631, pos=(-20.505,1.003,0.332))
[movedbg #252] pre(grounded=True, jumping=False, normal=(0.000,1.000,0.000), vel=(-2.627,0.000,0.149)) probe(trace_dist=0.0508, hit=True, normal_y=1.0000001192092896, fraction=0.0) post(grounded=True, vel=(-2.852,0.000,0.030), horiz_speed=2.853, pos=(-20.529,1.003,0.332))
[movedbg #253] pre(grounded=True, jumping=False, normal=(-0.000,1.000,0.000), vel=(-2.852,0.000,0.030)) probe(trace_dist=0.0508, hit=True, normal_y=1.0000001192092896, fraction=0.0) post(grounded=True, vel=(-3.070,0.000,-0.086), horiz_speed=3.072, pos=(-20.555,1.003,0.331))
[movedbg #254] pre(grounded=True, jumping=False, normal=(0.000,1.000,-0.000), vel=(-3.070,0.000,-0.086)) probe(trace_dist=0.0508, hit=True, normal_y=1.0000001192092896, fraction=0.0) post(grounded=True, vel=(-2.968,0.000,-0.083), horiz_speed=2.969, pos=(-20.579,1.003,0.331))
[movedbg #255] pre(grounded=True, jumping=False, normal=(0.000,1.000,-0.000), vel=(-2.968,0.000,-0.083)) probe(trace_dist=0.0508, hit=True, normal_y=1.0000001192092896, fraction=0.0) post(grounded=True, vel=(-2.869,0.000,-0.080), horiz_speed=2.870, pos=(-20.603,1.003,0.330))
[movedbg #256] pre(grounded=True, jumping=False, normal=(0.000,1.000,0.000), vel=(-2.869,0.000,-0.080)) probe(trace_dist=0.0508, hit=True, normal_y=1.0000001192092896, fraction=0.0) post(grounded=True, vel=(-2.774,0.000,-0.078), horiz_speed=2.775, pos=(-20.626,1.003,0.329))
[movedbg #257] pre(grounded=True, jumping=False, normal=(0.000,1.000,0.000), vel=(-2.774,0.000,-0.078)) probe(trace_dist=0.0508, hit=True, normal_y=1.0000001192092896, fraction=0.0) post(grounded=True, vel=(-2.681,0.000,-0.075), horiz_speed=2.682, pos=(-20.649,1.003,0.329))
[movedbg #258] pre(grounded=True, jumping=False, normal=(0.000,1.000,-0.000), vel=(-2.681,0.000,-0.075)) probe(trace_dist=0.0508, hit=True, normal_y=1.0000001192092896, fraction=0.0) post(grounded=True, vel=(-2.592,0.000,-0.073), horiz_speed=2.593, pos=(-20.670,1.003,0.328))
[movedbg #259] pre(grounded=True, jumping=False, normal=(0.000,1.000,0.000), vel=(-2.592,0.000,-0.073)) probe(trace_dist=0.0508, hit=True, normal_y=1.0000001192092896, fraction=0.0) post(grounded=True, vel=(-2.505,0.000,-0.070), horiz_speed=2.506, pos=(-20.691,1.003,0.328))
[movedbg #260] pre(grounded=True, jumping=False, normal=(0.000,1.000,0.000), vel=(-2.505,0.000,-0.070)) probe(trace_dist=0.0508, hit=True, normal_y=1.0000001192092896, fraction=0.0) post(grounded=True, vel=(-2.422,0.000,-0.068), horiz_speed=2.423, pos=(-20.711,1.003,0.327))
[movedbg #261] pre(grounded=True, jumping=False, normal=(0.000,1.000,-0.000), vel=(-2.422,0.000,-0.068)) probe(trace_dist=0.0508, hit=True, normal_y=1.0000001192092896, fraction=0.0) post(grounded=True, vel=(-2.341,0.000,-0.066), horiz_speed=2.342, pos=(-20.731,1.003,0.327))
[movedbg #262] pre(grounded=True, jumping=False, normal=(0.000,1.000,-0.000), vel=(-2.341,0.000,-0.066)) probe(trace_dist=0.0508, hit=True, normal_y=1.0000001192092896, fraction=0.0) post(grounded=True, vel=(-2.263,0.000,-0.063), horiz_speed=2.264, pos=(-20.750,1.003,0.326))
[movedbg #263] pre(grounded=True, jumping=False, normal=(0.000,1.000,-0.000), vel=(-2.263,0.000,-0.063)) probe(trace_dist=0.0508, hit=True, normal_y=1.0000001192092896, fraction=0.0) post(grounded=True, vel=(-2.188,0.000,-0.061), horiz_speed=2.188, pos=(-20.768,1.003,0.326))
[movedbg #264] pre(grounded=True, jumping=False, normal=(0.000,1.000,-0.000), vel=(-2.188,0.000,-0.061)) probe(trace_dist=0.0508, hit=True, normal_y=1.0000001192092896, fraction=0.0) post(grounded=True, vel=(-2.115,0.000,-0.059), horiz_speed=2.116, pos=(-20.786,1.003,0.325))
[movedbg #265] pre(grounded=True, jumping=False, normal=(0.000,1.000,-0.000), vel=(-2.115,0.000,-0.059)) probe(trace_dist=0.0508, hit=True, normal_y=1.0000001192092896, fraction=0.0) post(grounded=True, vel=(-2.044,0.000,-0.057), horiz_speed=2.045, pos=(-20.803,1.003,0.325))
[movedbg #266] pre(grounded=True, jumping=False, normal=(0.000,1.000,-0.000), vel=(-2.044,0.000,-0.057)) probe(trace_dist=0.0508, hit=True, normal_y=1.0000001192092896, fraction=0.0) post(grounded=True, vel=(-1.976,0.000,-0.055), horiz_speed=1.977, pos=(-20.819,1.003,0.324))
[movedbg #267] pre(grounded=True, jumping=False, normal=(0.000,1.000,-0.000), vel=(-1.976,0.000,-0.055)) probe(trace_dist=0.0508, hit=True, normal_y=1.0000001192092896, fraction=0.0) post(grounded=True, vel=(-1.910,0.000,-0.053), horiz_speed=1.911, pos=(-20.835,1.003,0.324))
[movedbg #268] pre(grounded=True, jumping=False, normal=(0.000,1.000,0.000), vel=(-1.910,0.000,-0.053)) probe(trace_dist=0.0508, hit=True, normal_y=1.0000001192092896, fraction=0.0) post(grounded=True, vel=(-1.847,0.000,-0.052), horiz_speed=1.847, pos=(-20.850,1.003,0.323))
[movedbg #269] pre(grounded=True, jumping=False, normal=(-0.000,1.000,-0.000), vel=(-1.847,0.000,-0.052)) probe(trace_dist=0.0508, hit=True, normal_y=1.0000001192092896, fraction=0.0) post(grounded=True, vel=(-1.785,0.000,-0.050), horiz_speed=1.786, pos=(-20.865,1.003,0.323))
[movedbg #270] pre(grounded=True, jumping=False, normal=(0.000,1.000,0.000), vel=(-1.785,0.000,-0.050)) probe(trace_dist=0.0508, hit=True, normal_y=1.0000001192092896, fraction=0.0) post(grounded=True, vel=(-1.725,0.000,-0.048), horiz_speed=1.726, pos=(-20.880,1.003,0.322))
[movedbg #271] pre(grounded=True, jumping=False, normal=(0.000,1.000,0.000), vel=(-1.725,0.000,-0.048)) probe(trace_dist=0.0508, hit=True, normal_y=1.0000001192092896, fraction=0.0) post(grounded=True, vel=(-1.668,0.000,-0.047), horiz_speed=1.669, pos=(-20.894,1.003,0.322))
[movedbg #272] pre(grounded=True, jumping=False, normal=(0.000,1.000,-0.000), vel=(-1.668,0.000,-0.047)) probe(trace_dist=0.0508, hit=True, normal_y=1.0000001192092896, fraction=0.0) post(grounded=True, vel=(-1.612,0.000,-0.045), horiz_speed=1.613, pos=(-20.907,1.003,0.322))
[movedbg #273] pre(grounded=True, jumping=False, normal=(0.000,1.000,-0.000), vel=(-1.612,0.000,-0.045)) probe(trace_dist=0.0508, hit=True, normal_y=1.0000001192092896, fraction=0.0) post(grounded=True, vel=(-1.559,0.000,-0.044), horiz_speed=1.559, pos=(-20.920,1.003,0.321))
[movedbg #274] pre(grounded=True, jumping=False, normal=(0.000,1.000,0.000), vel=(-1.559,0.000,-0.044)) probe(trace_dist=0.0508, hit=True, normal_y=1.0000001192092896, fraction=0.0) post(grounded=True, vel=(-1.507,0.000,-0.042), horiz_speed=1.507, pos=(-20.932,1.003,0.321))
[movedbg #275] pre(grounded=True, jumping=False, normal=(0.000,1.000,-0.000), vel=(-1.507,0.000,-0.042)) probe(trace_dist=0.0508, hit=True, normal_y=1.0000001192092896, fraction=0.0) post(grounded=True, vel=(-1.456,0.000,-0.041), horiz_speed=1.457, pos=(-20.945,1.003,0.321))
[movedbg #276] pre(grounded=True, jumping=False, normal=(0.000,1.000,-0.000), vel=(-1.456,0.000,-0.041)) probe(trace_dist=0.0508, hit=True, normal_y=1.0000001192092896, fraction=0.0) post(grounded=True, vel=(-1.408,0.000,-0.039), horiz_speed=1.408, pos=(-20.956,1.003,0.320))
[movedbg #277] pre(grounded=True, jumping=False, normal=(-0.139,0.990,0.000), vel=(-1.408,0.000,-0.039)) probe(trace_dist=0.0508, hit=True, normal_y=0.9902986884117126, fraction=0.0) post(grounded=True, vel=(-1.361,0.000,-0.038), horiz_speed=1.361, pos=(-20.968,0.999,0.320))
[movedbg #278] pre(grounded=True, jumping=False, normal=(-0.369,0.929,-0.000), vel=(-1.361,0.000,-0.038)) probe(trace_dist=0.0508, hit=True, normal_y=0.9293535947799683, fraction=0.0) post(grounded=True, vel=(-1.316,0.000,-0.037), horiz_speed=1.316, pos=(-20.979,0.995,0.320))
[movedbg #279] pre(grounded=True, jumping=False, normal=(-0.369,0.929,0.000), vel=(-1.316,0.000,-0.037)) probe(trace_dist=0.0508, hit=True, normal_y=0.9293695092201233, fraction=0.0) post(grounded=True, vel=(-1.272,0.000,-0.036), horiz_speed=1.272, pos=(-20.989,0.991,0.319))
[movedbg #280] pre(grounded=True, jumping=False, normal=(-0.369,0.929,-0.000), vel=(-1.272,0.000,-0.036)) probe(trace_dist=0.0508, hit=True, normal_y=0.9293424487113953, fraction=0.0) post(grounded=True, vel=(-1.229,0.000,-0.034), horiz_speed=1.230, pos=(-21.000,0.987,0.319))
[movedbg #281] pre(grounded=True, jumping=False, normal=(-0.369,0.929,0.000), vel=(-1.229,0.000,-0.034)) probe(trace_dist=0.0508, hit=True, normal_y=0.9293710589408875, fraction=0.0) post(grounded=True, vel=(-1.188,0.000,-0.033), horiz_speed=1.189, pos=(-21.009,0.983,0.319))
[movedbg #282] pre(grounded=True, jumping=False, normal=(-0.369,0.929,-0.000), vel=(-1.188,0.000,-0.033)) probe(trace_dist=0.0508, hit=True, normal_y=0.9293684363365173, fraction=0.0) post(grounded=True, vel=(-1.149,0.000,-0.032), horiz_speed=1.149, pos=(-21.019,0.979,0.318))
[movedbg #283] pre(grounded=True, jumping=False, normal=(-0.369,0.929,-0.000), vel=(-1.149,0.000,-0.032)) probe(trace_dist=0.0508, hit=True, normal_y=0.9293574690818787, fraction=0.0) post(grounded=True, vel=(-1.110,0.000,-0.031), horiz_speed=1.111, pos=(-21.028,0.975,0.318))
[movedbg #284] pre(grounded=True, jumping=False, normal=(-0.369,0.929,0.000), vel=(-1.110,0.000,-0.031)) probe(trace_dist=0.0508, hit=True, normal_y=0.9293442368507385, fraction=0.0) post(grounded=True, vel=(-1.073,0.000,-0.030), horiz_speed=1.074, pos=(-21.037,0.972,0.318))
[movedbg #285] pre(grounded=True, jumping=False, normal=(-0.369,0.929,-0.000), vel=(-1.073,0.000,-0.030)) probe(trace_dist=0.0508, hit=True, normal_y=0.9293581247329712, fraction=0.0) post(grounded=True, vel=(-1.038,0.000,-0.029), horiz_speed=1.038, pos=(-21.046,0.968,0.318))
[movedbg #286] pre(grounded=True, jumping=False, normal=(-0.369,0.929,0.000), vel=(-1.038,0.000,-0.029)) probe(trace_dist=0.0508, hit=True, normal_y=0.9293577075004578, fraction=0.0) post(grounded=True, vel=(-1.003,0.000,-0.028), horiz_speed=1.003, pos=(-21.054,0.965,0.318))
[movedbg #287] pre(grounded=True, jumping=False, normal=(-0.369,0.929,0.000), vel=(-1.003,0.000,-0.028)) probe(trace_dist=0.0508, hit=True, normal_y=0.9293566346168518, fraction=0.0) post(grounded=True, vel=(-0.970,0.000,-0.027), horiz_speed=0.970, pos=(-21.062,0.962,0.317))
[movedbg #288] pre(grounded=True, jumping=False, normal=(-0.369,0.929,0.000), vel=(-0.970,0.000,-0.027)) probe(trace_dist=0.0508, hit=True, normal_y=0.9293550848960876, fraction=0.0) post(grounded=True, vel=(-0.936,0.000,-0.026), horiz_speed=0.937, pos=(-21.070,0.959,0.317))
[movedbg #289] pre(grounded=True, jumping=False, normal=(-0.369,0.929,-0.000), vel=(-0.936,0.000,-0.026)) probe(trace_dist=0.0508, hit=True, normal_y=0.9293565154075623, fraction=0.0) post(grounded=True, vel=(-0.903,0.000,-0.025), horiz_speed=0.903, pos=(-21.078,0.956,0.317))
[movedbg #290] pre(grounded=True, jumping=False, normal=(-0.369,0.929,0.000), vel=(-0.903,0.000,-0.025)) probe(trace_dist=0.0508, hit=True, normal_y=0.9293581247329712, fraction=0.0) post(grounded=True, vel=(-0.870,0.000,-0.024), horiz_speed=0.870, pos=(-21.085,0.953,0.317))
[movedbg #291] pre(grounded=True, jumping=False, normal=(-0.369,0.929,-0.000), vel=(-0.870,0.000,-0.024)) probe(trace_dist=0.0508, hit=True, normal_y=0.929344892501831, fraction=0.0) post(grounded=True, vel=(-0.836,0.000,-0.023), horiz_speed=0.837, pos=(-21.092,0.951,0.316))
[movedbg #292] pre(grounded=True, jumping=False, normal=(-0.369,0.929,-0.000), vel=(-0.836,0.000,-0.023)) probe(trace_dist=0.0508, hit=True, normal_y=0.9293606877326965, fraction=0.0) post(grounded=True, vel=(-0.803,0.000,-0.022), horiz_speed=0.803, pos=(-21.098,0.947,0.316))
[movedbg #293] pre(grounded=True, jumping=False, normal=(-0.369,0.929,0.000), vel=(-0.803,0.000,-0.022)) probe(trace_dist=0.0508, hit=True, normal_y=0.9293562173843384, fraction=0.0) post(grounded=True, vel=(-0.770,0.000,-0.022), horiz_speed=0.770, pos=(-21.105,0.945,0.316))
[movedbg #294] pre(grounded=True, jumping=False, normal=(-0.369,0.929,-0.000), vel=(-0.770,0.000,-0.022)) probe(trace_dist=0.0508, hit=True, normal_y=0.9293684363365173, fraction=0.0) post(grounded=True, vel=(-0.736,0.000,-0.021), horiz_speed=0.737, pos=(-21.111,0.942,0.316))
[movedbg #295] pre(grounded=True, jumping=False, normal=(-0.369,0.929,0.000), vel=(-0.736,0.000,-0.021)) probe(trace_dist=0.0508, hit=True, normal_y=0.9293581247329712, fraction=0.0) post(grounded=True, vel=(-0.703,0.000,-0.020), horiz_speed=0.703, pos=(-21.117,0.940,0.316))
[movedbg #296] pre(grounded=True, jumping=False, normal=(-0.369,0.929,0.000), vel=(-0.703,0.000,-0.020)) probe(trace_dist=0.0508, hit=True, normal_y=0.9293566346168518, fraction=0.0) post(grounded=True, vel=(-0.670,0.000,-0.019), horiz_speed=0.670, pos=(-21.122,0.938,0.316))
[movedbg #297] pre(grounded=True, jumping=False, normal=(-0.369,0.929,-0.000), vel=(-0.670,0.000,-0.019)) probe(trace_dist=0.0508, hit=True, normal_y=0.9293563365936279, fraction=0.0) post(grounded=True, vel=(-0.636,0.000,-0.018), horiz_speed=0.637, pos=(-21.128,0.936,0.315))
[movedbg #298] pre(grounded=True, jumping=False, normal=(-0.369,0.929,0.000), vel=(-0.636,0.000,-0.018)) probe(trace_dist=0.0508, hit=True, normal_y=0.9293712973594666, fraction=0.0) post(grounded=True, vel=(-0.603,0.000,-0.017), horiz_speed=0.603, pos=(-21.133,0.934,0.315))
[movedbg #299] pre(grounded=True, jumping=False, normal=(-0.369,0.929,-0.000), vel=(-0.603,0.000,-0.017)) probe(trace_dist=0.0508, hit=True, normal_y=0.9293283820152283, fraction=0.0) post(grounded=True, vel=(-0.570,0.000,-0.016), horiz_speed=0.570, pos=(-21.138,0.932,0.315))
[movedbg #300] pre(grounded=True, jumping=False, normal=(-0.369,0.929,-0.000), vel=(-0.570,0.000,-0.016)) probe(trace_dist=0.0508, hit=True, normal_y=0.9293577075004578, fraction=0.0) post(grounded=True, vel=(-0.536,0.000,-0.015), horiz_speed=0.537, pos=(-21.142,0.930,0.315))
[movedbg #301] pre(grounded=True, jumping=False, normal=(-0.369,0.929,0.000), vel=(-0.536,0.000,-0.015)) probe(trace_dist=0.0508, hit=True, normal_y=0.9293606877326965, fraction=0.0) post(grounded=True, vel=(-0.503,0.000,-0.014), horiz_speed=0.503, pos=(-21.146,0.929,0.315))
[movedbg #302] pre(grounded=True, jumping=False, normal=(-0.369,0.929,-0.000), vel=(-0.503,0.000,-0.014)) probe(trace_dist=0.0508, hit=True, normal_y=0.9293460845947266, fraction=0.0) post(grounded=True, vel=(-0.470,0.000,-0.013), horiz_speed=0.470, pos=(-21.150,0.927,0.315))
[movedbg #303] pre(grounded=True, jumping=False, normal=(-0.369,0.929,-0.000), vel=(-0.470,0.000,-0.013)) probe(trace_dist=0.0508, hit=True, normal_y=0.9293465614318848, fraction=0.0) post(grounded=True, vel=(-0.437,0.000,-0.012), horiz_speed=0.437, pos=(-21.154,0.926,0.315))
[movedbg #304] pre(grounded=True, jumping=False, normal=(-0.369,0.929,0.000), vel=(-0.437,0.000,-0.012)) probe(trace_dist=0.0508, hit=True, normal_y=0.9293708801269531, fraction=0.0) post(grounded=True, vel=(-0.403,0.000,-0.011), horiz_speed=0.403, pos=(-21.157,0.924,0.315))
[movedbg #305] pre(grounded=True, jumping=False, normal=(-0.369,0.929,-0.000), vel=(-0.403,0.000,-0.011)) probe(trace_dist=0.0508, hit=True, normal_y=0.9293452501296997, fraction=0.0) post(grounded=True, vel=(-0.370,0.000,-0.010), horiz_speed=0.370, pos=(-21.160,0.923,0.315))
[movedbg #306] pre(grounded=True, jumping=False, normal=(-0.369,0.929,-0.000), vel=(-0.370,0.000,-0.010)) probe(trace_dist=0.0508, hit=True, normal_y=0.9293563365936279, fraction=0.0) post(grounded=True, vel=(-0.337,0.000,-0.009), horiz_speed=0.337, pos=(-21.163,0.922,0.314))
[movedbg #307] pre(grounded=True, jumping=False, normal=(-0.369,0.929,0.000), vel=(-0.337,0.000,-0.009)) probe(trace_dist=0.0508, hit=True, normal_y=0.9293563365936279, fraction=0.0) post(grounded=True, vel=(-0.303,0.000,-0.008), horiz_speed=0.303, pos=(-21.166,0.921,0.314))
[movedbg #308] pre(grounded=True, jumping=False, normal=(-0.369,0.929,-0.000), vel=(-0.303,0.000,-0.008)) probe(trace_dist=0.0508, hit=True, normal_y=0.9293577671051025, fraction=0.0) post(grounded=True, vel=(-0.270,0.000,-0.008), horiz_speed=0.270, pos=(-21.168,0.920,0.314))
[movedbg #309] pre(grounded=True, jumping=False, normal=(-0.369,0.929,0.000), vel=(-0.270,0.000,-0.008)) probe(trace_dist=0.0508, hit=True, normal_y=0.9293562173843384, fraction=0.0) post(grounded=True, vel=(-0.237,0.000,-0.007), horiz_speed=0.237, pos=(-21.170,0.919,0.314))
[movedbg #310] pre(grounded=True, jumping=False, normal=(-0.369,0.929,-0.000), vel=(-0.237,0.000,-0.007)) probe(trace_dist=0.0508, hit=True, normal_y=0.9293572306632996, fraction=0.0) post(grounded=True, vel=(-0.203,0.000,-0.006), horiz_speed=0.203, pos=(-21.171,0.918,0.314))
[movedbg #311] pre(grounded=True, jumping=False, normal=(-0.369,0.929,0.000), vel=(-0.203,0.000,-0.006)) probe(trace_dist=0.0508, hit=True, normal_y=0.9293572306632996, fraction=0.0) post(grounded=True, vel=(-0.170,0.000,-0.005), horiz_speed=0.170, pos=(-21.173,0.918,0.314))
[movedbg #312] pre(grounded=True, jumping=False, normal=(-0.369,0.929,0.000), vel=(-0.170,0.000,-0.005)) probe(trace_dist=0.0508, hit=True, normal_y=0.9293574690818787, fraction=0.0) post(grounded=True, vel=(-0.137,0.000,-0.004), horiz_speed=0.137, pos=(-21.174,0.917,0.314))
[movedbg #313] pre(grounded=True, jumping=False, normal=(-0.369,0.929,-0.000), vel=(-0.137,0.000,-0.004)) probe(trace_dist=0.0508, hit=True, normal_y=0.9293705821037292, fraction=0.0) post(grounded=True, vel=(-0.103,0.000,-0.003), horiz_speed=0.103, pos=(-21.175,0.917,0.314))
[movedbg #314] pre(grounded=True, jumping=False, normal=(-0.369,0.929,-0.000), vel=(-0.103,0.000,-0.003)) probe(trace_dist=0.0508, hit=True, normal_y=0.9293566346168518, fraction=0.0) post(grounded=True, vel=(-0.070,0.000,-0.002), horiz_speed=0.070, pos=(-21.175,0.917,0.314))
[movedbg #315] pre(grounded=True, jumping=False, normal=(-0.369,0.929,-0.000), vel=(-0.070,0.000,-0.002)) probe(trace_dist=0.0508, hit=True, normal_y=0.9293570518493652, fraction=0.0) post(grounded=True, vel=(-0.037,0.000,-0.001), horiz_speed=0.037, pos=(-21.176,0.917,0.314))
[movedbg #316] pre(grounded=True, jumping=False, normal=(-0.369,0.929,-0.000), vel=(-0.037,0.000,-0.001)) probe(trace_dist=0.0508, hit=True, normal_y=0.9293695092201233, fraction=0.0) post(grounded=True, vel=(-0.003,0.000,-0.000), horiz_speed=0.003, pos=(-21.176,0.917,0.314))
[movedbg #317] pre(grounded=True, jumping=False, normal=(-0.369,0.929,-0.000), vel=(-0.003,0.000,-0.000)) probe(trace_dist=0.0508, hit=True, normal_y=0.929344117641449, fraction=0.0) post(grounded=True, vel=(-0.000,0.000,-0.000), horiz_speed=0.000, pos=(-21.176,0.917,0.314))
[movedbg #318] pre(grounded=True, jumping=False, normal=(-0.369,0.929,-0.000), vel=(-0.000,0.000,-0.000)) probe(trace_dist=0.0508, hit=True, normal_y=0.9293602705001831, fraction=0.0) post(grounded=True, vel=(0.000,0.000,0.000), horiz_speed=0.000, pos=(-21.176,0.917,0.314))
[movedbg #319] pre(grounded=True, jumping=False, normal=(-0.369,0.929,0.000), vel=(0.000,0.000,0.000)) probe(trace_dist=0.0508, hit=True, normal_y=0.9293451309204102, fraction=0.0) post(grounded=True, vel=(0.000,0.000,0.000), horiz_speed=0.000, pos=(-21.176,0.917,0.314))
[movedbg #320] pre(grounded=True, jumping=False, normal=(-0.369,0.929,0.000), vel=(0.000,0.000,0.000)) probe(trace_dist=0.0508, hit=True, normal_y=0.9293442368507385, fraction=0.0) post(grounded=True, vel=(0.000,0.000,0.000), horiz_speed=0.000, pos=(-21.176,0.917,0.314))
[movedbg #321] pre(grounded=True, jumping=False, normal=(-0.369,0.929,-0.000), vel=(0.000,0.000,0.000)) probe(trace_dist=0.0508, hit=True, normal_y=0.9293690919876099, fraction=0.0) post(grounded=True, vel=(0.000,0.000,0.000), horiz_speed=0.000, pos=(-21.176,0.917,0.314))
[movedbg #322] pre(grounded=True, jumping=False, normal=(-0.369,0.929,-0.000), vel=(0.000,0.000,0.000)) probe(trace_dist=0.0508, hit=True, normal_y=0.9293565154075623, fraction=0.0) post(grounded=True, vel=(0.000,0.000,0.000), horiz_speed=0.000, pos=(-21.176,0.917,0.314))
[movedbg #323] pre(grounded=True, jumping=False, normal=(-0.369,0.929,-0.000), vel=(0.000,0.000,0.000)) probe(trace_dist=0.0508, hit=True, normal_y=0.9293814897537231, fraction=0.0) post(grounded=True, vel=(0.000,0.000,0.000), horiz_speed=0.000, pos=(-21.176,0.917,0.314))
[movedbg #324] pre(grounded=True, jumping=False, normal=(-0.369,0.929,0.000), vel=(0.000,0.000,0.000)) probe(trace_dist=0.0508, hit=True, normal_y=0.9293556809425354, fraction=0.0) post(grounded=True, vel=(0.000,0.000,0.000), horiz_speed=0.000, pos=(-21.176,0.917,0.314))
[movedbg #325] pre(grounded=True, jumping=False, normal=(-0.369,0.929,-0.000), vel=(0.000,0.000,0.000)) probe(trace_dist=0.0508, hit=True, normal_y=0.9293479919433594, fraction=0.0) post(grounded=True, vel=(0.000,0.000,0.000), horiz_speed=0.000, pos=(-21.176,0.917,0.314))
[movedbg #326] pre(grounded=True, jumping=False, normal=(-0.369,0.929,-0.000), vel=(0.000,0.000,0.000)) probe(trace_dist=0.0508, hit=True, normal_y=0.9293581247329712, fraction=0.0) post(grounded=True, vel=(0.000,0.000,0.000), horiz_speed=0.000, pos=(-21.176,0.917,0.314))
[movedbg #327] pre(grounded=True, jumping=False, normal=(-0.369,0.929,0.000), vel=(0.000,0.000,0.000)) probe(trace_dist=0.0508, hit=True, normal_y=0.9293535947799683, fraction=0.0) post(grounded=True, vel=(0.000,0.000,0.000), horiz_speed=0.000, pos=(-21.176,0.917,0.314))
[movedbg #328] pre(grounded=True, jumping=False, normal=(-0.369,0.929,-0.000), vel=(0.000,0.000,0.000)) probe(trace_dist=0.0508, hit=True, normal_y=0.9293556809425354, fraction=0.0) post(grounded=True, vel=(0.000,0.000,0.000), horiz_speed=0.000, pos=(-21.176,0.917,0.314))
[movedbg #329] pre(grounded=True, jumping=False, normal=(-0.369,0.929,-0.000), vel=(0.000,0.000,0.000)) probe(trace_dist=0.0508, hit=True, normal_y=0.9293818473815918, fraction=0.0) post(grounded=True, vel=(0.000,0.000,0.000), horiz_speed=0.000, pos=(-21.176,0.917,0.314))
[movedbg #330] pre(grounded=True, jumping=False, normal=(-0.369,0.929,-0.000), vel=(0.000,0.000,0.000)) probe(trace_dist=0.0508, hit=True, normal_y=0.929343044757843, fraction=0.0) post(grounded=True, vel=(0.000,0.000,0.000), horiz_speed=0.000, pos=(-21.176,0.917,0.314))
[movedbg #331] pre(grounded=True, jumping=False, normal=(-0.369,0.929,-0.000), vel=(0.000,0.000,0.000)) probe(trace_dist=0.0508, hit=True, normal_y=0.9293818473815918, fraction=0.0) post(grounded=True, vel=(0.000,0.000,0.000), horiz_speed=0.000, pos=(-21.176,0.917,0.314))
[movedbg #332] pre(grounded=True, jumping=False, normal=(-0.369,0.929,-0.000), vel=(0.000,0.000,0.000)) probe(trace_dist=0.0508, hit=True, normal_y=0.9293688535690308, fraction=0.0) post(grounded=True, vel=(0.000,0.000,0.000), horiz_speed=0.000, pos=(-21.176,0.917,0.314))
[movedbg #333] pre(grounded=True, jumping=False, normal=(-0.369,0.929,0.000), vel=(0.000,0.000,0.000)) probe(trace_dist=0.0508, hit=True, normal_y=0.9293723702430725, fraction=0.0) post(grounded=True, vel=(0.000,0.000,0.000), horiz_speed=0.000, pos=(-21.176,0.917,0.314))
[movedbg #334] pre(grounded=True, jumping=False, normal=(-0.369,0.929,0.000), vel=(0.000,0.000,0.000)) probe(trace_dist=0.0508, hit=True, normal_y=0.9293714761734009, fraction=0.0) post(grounded=True, vel=(0.000,0.000,0.000), horiz_speed=0.000, pos=(-21.176,0.917,0.314))
[movedbg #335] pre(grounded=True, jumping=False, normal=(-0.369,0.929,-0.000), vel=(0.000,0.000,0.000)) probe(trace_dist=0.0508, hit=True, normal_y=0.9293535947799683, fraction=0.0) post(grounded=True, vel=(0.000,0.000,0.000), horiz_speed=0.000, pos=(-21.176,0.917,0.314))
[movedbg #336] pre(grounded=True, jumping=False, normal=(-0.369,0.929,-0.000), vel=(0.000,0.000,0.000)) probe(trace_dist=0.0508, hit=True, normal_y=0.9293688535690308, fraction=0.0) post(grounded=True, vel=(0.000,0.000,0.000), horiz_speed=0.000, pos=(-21.176,0.917,0.314))
[movedbg #337] pre(grounded=True, jumping=False, normal=(-0.369,0.929,0.000), vel=(0.000,0.000,0.000)) probe(trace_dist=0.0508, hit=True, normal_y=0.9293565154075623, fraction=0.0) post(grounded=True, vel=(0.000,0.000,0.000), horiz_speed=0.000, pos=(-21.176,0.917,0.314))
[movedbg #338] pre(grounded=True, jumping=False, normal=(-0.369,0.929,0.000), vel=(0.000,0.000,0.000)) probe(trace_dist=0.0508, hit=True, normal_y=0.9293572306632996, fraction=0.0) post(grounded=True, vel=(0.000,0.000,0.000), horiz_speed=0.000, pos=(-21.176,0.917,0.314))
[movedbg #339] pre(grounded=True, jumping=False, normal=(-0.369,0.929,-0.000), vel=(0.000,0.000,0.000)) probe(trace_dist=0.0508, hit=True, normal_y=0.9293688535690308, fraction=0.0) post(grounded=True, vel=(0.000,0.000,0.000), horiz_speed=0.000, pos=(-21.176,0.917,0.314))
[movedbg #340] pre(grounded=True, jumping=False, normal=(-0.369,0.929,-0.000), vel=(0.000,0.000,0.000)) probe(trace_dist=0.0508, hit=True, normal_y=0.9293735027313232, fraction=0.0) post(grounded=True, vel=(0.000,0.000,0.000), horiz_speed=0.000, pos=(-21.176,0.917,0.314))
[movedbg #341] pre(grounded=True, jumping=False, normal=(-0.369,0.929,0.000), vel=(0.000,0.000,0.000)) probe(trace_dist=0.0508, hit=True, normal_y=0.9293715357780457, fraction=0.0) post(grounded=True, vel=(0.000,0.000,0.000), horiz_speed=0.000, pos=(-21.176,0.917,0.314))
[movedbg #342] pre(grounded=True, jumping=False, normal=(-0.369,0.929,-0.000), vel=(0.000,0.000,0.000)) probe(trace_dist=0.0508, hit=True, normal_y=0.9293556809425354, fraction=0.0) post(grounded=True, vel=(0.000,0.000,0.000), horiz_speed=0.000, pos=(-21.176,0.917,0.314))
[movedbg #343] pre(grounded=True, jumping=False, normal=(-0.369,0.929,-0.000), vel=(0.000,0.000,0.000)) probe(trace_dist=0.0508, hit=True, normal_y=0.9293688535690308, fraction=0.0) post(grounded=True, vel=(0.000,0.000,0.000), horiz_speed=0.000, pos=(-21.176,0.917,0.314))
[movedbg #344] pre(grounded=True, jumping=False, normal=(-0.369,0.929,-0.000), vel=(0.000,0.000,0.000)) probe(trace_dist=0.0508, hit=True, normal_y=0.9293565154075623, fraction=0.0) post(grounded=True, vel=(0.000,0.000,0.000), horiz_speed=0.000, pos=(-21.176,0.917,0.314))
[movedbg #345] pre(grounded=True, jumping=False, normal=(-0.369,0.929,0.000), vel=(0.000,0.000,0.000)) probe(trace_dist=0.0508, hit=True, normal_y=0.9293442368507385, fraction=0.0) post(grounded=True, vel=(0.000,0.000,0.000), horiz_speed=0.000, pos=(-21.176,0.917,0.314))
[movedbg #346] pre(grounded=True, jumping=False, normal=(-0.369,0.929,-0.000), vel=(0.000,0.000,0.000)) probe(trace_dist=0.0508, hit=True, normal_y=0.9293688535690308, fraction=0.0) post(grounded=True, vel=(0.000,0.000,0.000), horiz_speed=0.000, pos=(-21.176,0.917,0.314))
[movedbg #347] pre(grounded=True, jumping=False, normal=(-0.369,0.929,0.000), vel=(0.000,0.000,0.000)) probe(trace_dist=0.0508, hit=True, normal_y=0.9293689131736755, fraction=0.0) post(grounded=True, vel=(0.000,0.000,0.000), horiz_speed=0.000, pos=(-21.176,0.917,0.314))
[movedbg #348] pre(grounded=True, jumping=False, normal=(-0.369,0.929,-0.000), vel=(0.000,0.000,0.000)) probe(trace_dist=0.0508, hit=True, normal_y=0.9293565154075623, fraction=0.0) post(grounded=True, vel=(0.000,0.000,0.000), horiz_speed=0.000, pos=(-21.176,0.917,0.314))
[movedbg #349] pre(grounded=True, jumping=False, normal=(-0.369,0.929,-0.000), vel=(0.000,0.000,0.000)) probe(trace_dist=0.0508, hit=True, normal_y=0.9293695092201233, fraction=0.0) post(grounded=True, vel=(0.000,0.000,0.000), horiz_speed=0.000, pos=(-21.176,0.917,0.314))
[movedbg #350] pre(grounded=True, jumping=False, normal=(-0.369,0.929,-0.000), vel=(0.000,0.000,0.000)) probe(trace_dist=0.0508, hit=True, normal_y=0.9293556809425354, fraction=0.0) post(grounded=True, vel=(0.000,0.000,0.000), horiz_speed=0.000, pos=(-21.176,0.917,0.314))
[movedbg #351] pre(grounded=True, jumping=False, normal=(-0.369,0.929,0.000), vel=(0.000,0.000,0.000)) probe(trace_dist=0.0508, hit=True, normal_y=0.9293442368507385, fraction=0.0) post(grounded=True, vel=(0.000,0.000,0.000), horiz_speed=0.000, pos=(-21.176,0.917,0.314))
[movedbg #352] pre(grounded=True, jumping=False, normal=(-0.369,0.929,-0.000), vel=(0.000,0.000,0.000)) probe(trace_dist=0.0508, hit=True, normal_y=0.9293572306632996, fraction=0.0) post(grounded=True, vel=(0.000,0.000,0.000), horiz_speed=0.000, pos=(-21.176,0.917,0.314))
[movedbg #353] pre(grounded=True, jumping=False, normal=(-0.369,0.929,-0.000), vel=(0.000,0.000,0.000)) probe(trace_dist=0.0508, hit=True, normal_y=0.9293537735939026, fraction=0.0) post(grounded=True, vel=(0.000,0.000,0.000), horiz_speed=0.000, pos=(-21.176,0.917,0.314))
[movedbg #354] pre(grounded=True, jumping=False, normal=(-0.369,0.929,-0.000), vel=(0.000,0.000,0.000)) probe(trace_dist=0.0508, hit=True, normal_y=0.9293603897094727, fraction=0.0) post(grounded=True, vel=(0.000,0.000,0.000), horiz_speed=0.000, pos=(-21.176,0.917,0.314))
[movedbg #355] pre(grounded=True, jumping=False, normal=(-0.369,0.929,0.000), vel=(0.000,0.000,0.000)) probe(trace_dist=0.0508, hit=True, normal_y=0.9293581247329712, fraction=0.0) post(grounded=True, vel=(0.000,0.000,0.000), horiz_speed=0.000, pos=(-21.176,0.917,0.314))
[movedbg #356] pre(grounded=True, jumping=False, normal=(-0.369,0.929,-0.000), vel=(0.000,0.000,0.000)) probe(trace_dist=0.0508, hit=True, normal_y=0.9293547868728638, fraction=0.0) post(grounded=True, vel=(0.000,0.000,0.000), horiz_speed=0.000, pos=(-21.176,0.917,0.314))
[movedbg #357] pre(grounded=True, jumping=False, normal=(-0.369,0.929,-0.000), vel=(0.000,0.000,0.000)) probe(trace_dist=0.0508, hit=True, normal_y=0.9293688535690308, fraction=0.0) post(grounded=True, vel=(0.000,0.000,0.000), horiz_speed=0.000, pos=(-21.176,0.917,0.314))
[movedbg #358] pre(grounded=True, jumping=False, normal=(-0.369,0.929,0.000), vel=(0.000,0.000,0.000)) probe(trace_dist=0.0508, hit=True, normal_y=0.9293556809425354, fraction=0.0) post(grounded=True, vel=(0.000,0.000,0.000), horiz_speed=0.000, pos=(-21.176,0.917,0.314))
[movedbg #359] pre(grounded=True, jumping=False, normal=(-0.369,0.929,-0.000), vel=(0.000,0.000,0.000)) probe(trace_dist=0.0508, hit=True, normal_y=0.9293603897094727, fraction=0.0) post(grounded=True, vel=(0.000,0.000,0.000), horiz_speed=0.000, pos=(-21.176,0.917,0.314))
[movedbg #360] pre(grounded=True, jumping=False, normal=(-0.369,0.929,0.000), vel=(0.000,0.000,0.000)) probe(trace_dist=0.0508, hit=True, normal_y=0.9293584823608398, fraction=0.0) post(grounded=True, vel=(0.000,0.000,0.000), horiz_speed=0.000, pos=(-21.176,0.917,0.314))
[movedbg #361] pre(grounded=True, jumping=False, normal=(-0.369,0.929,0.000), vel=(0.000,0.000,0.000)) probe(trace_dist=0.0508, hit=True, normal_y=0.9293572306632996, fraction=0.0) post(grounded=True, vel=(0.000,0.000,0.000), horiz_speed=0.000, pos=(-21.176,0.917,0.314))
[movedbg #362] pre(grounded=True, jumping=False, normal=(-0.369,0.929,-0.000), vel=(0.000,0.000,0.000)) probe(trace_dist=0.0508, hit=True, normal_y=0.9293535947799683, fraction=0.0) post(grounded=True, vel=(0.000,0.000,0.000), horiz_speed=0.000, pos=(-21.176,0.917,0.314))
[movedbg #363] pre(grounded=True, jumping=False, normal=(-0.369,0.929,0.000), vel=(0.000,0.000,0.000)) probe(trace_dist=0.0508, hit=True, normal_y=0.9293452501296997, fraction=0.0) post(grounded=True, vel=(0.000,0.000,0.000), horiz_speed=0.000, pos=(-21.176,0.917,0.314))
[movedbg #364] pre(grounded=True, jumping=False, normal=(-0.369,0.929,-0.000), vel=(0.000,0.000,0.000)) probe(trace_dist=0.0508, hit=True, normal_y=0.9293546080589294, fraction=0.0) post(grounded=True, vel=(0.000,0.000,0.000), horiz_speed=0.000, pos=(-21.176,0.917,0.314))
[movedbg #365] pre(grounded=True, jumping=False, normal=(-0.369,0.929,-0.000), vel=(0.000,0.000,0.000)) probe(trace_dist=0.0508, hit=True, normal_y=0.9293572306632996, fraction=0.0) post(grounded=True, vel=(0.000,0.000,0.000), horiz_speed=0.000, pos=(-21.176,0.917,0.314))
[movedbg #366] pre(grounded=True, jumping=False, normal=(-0.369,0.929,0.000), vel=(0.000,0.000,0.000)) probe(trace_dist=0.0508, hit=True, normal_y=0.9293573498725891, fraction=0.0) post(grounded=True, vel=(0.000,0.000,0.000), horiz_speed=0.000, pos=(-21.176,0.917,0.314))
[movedbg #367] pre(grounded=True, jumping=False, normal=(-0.369,0.929,-0.000), vel=(0.000,0.000,0.000)) probe(trace_dist=0.0508, hit=True, normal_y=0.9293426871299744, fraction=0.0) post(grounded=True, vel=(0.000,0.000,0.000), horiz_speed=0.000, pos=(-21.176,0.917,0.314))
[movedbg #368] pre(grounded=True, jumping=False, normal=(-0.369,0.929,-0.000), vel=(0.000,0.000,0.000)) probe(trace_dist=0.0508, hit=True, normal_y=0.9293349385261536, fraction=0.0) post(grounded=True, vel=(0.000,0.000,0.000), horiz_speed=0.000, pos=(-21.176,0.917,0.314))
[movedbg #369] pre(grounded=True, jumping=False, normal=(-0.369,0.929,0.000), vel=(0.000,0.000,0.000)) probe(trace_dist=0.0508, hit=True, normal_y=0.9293717741966248, fraction=0.0) post(grounded=True, vel=(0.000,0.000,0.000), horiz_speed=0.000, pos=(-21.176,0.917,0.314))
[movedbg #370] pre(grounded=True, jumping=False, normal=(-0.369,0.929,-0.000), vel=(0.000,0.000,0.000)) probe(trace_dist=0.0508, hit=True, normal_y=0.9293563365936279, fraction=0.0) post(grounded=True, vel=(0.000,0.000,0.000), horiz_speed=0.000, pos=(-21.176,0.917,0.314))
[movedbg #371] pre(grounded=True, jumping=False, normal=(-0.369,0.929,0.000), vel=(0.000,0.000,0.000)) probe(trace_dist=0.0508, hit=True, normal_y=0.9293826818466187, fraction=0.0) post(grounded=True, vel=(0.000,0.000,0.000), horiz_speed=0.000, pos=(-21.176,0.917,0.314))
[movedbg #372] pre(grounded=True, jumping=False, normal=(-0.369,0.929,-0.000), vel=(0.000,0.000,0.000)) probe(trace_dist=0.0508, hit=True, normal_y=0.9293547868728638, fraction=0.0) post(grounded=True, vel=(0.000,0.000,0.000), horiz_speed=0.000, pos=(-21.176,0.917,0.314))
[movedbg #373] pre(grounded=True, jumping=False, normal=(-0.369,0.929,0.000), vel=(0.000,0.000,0.000)) probe(trace_dist=0.0508, hit=True, normal_y=0.9293546080589294, fraction=0.0) post(grounded=True, vel=(0.000,0.000,0.000), horiz_speed=0.000, pos=(-21.176,0.917,0.314))
[movedbg #374] pre(grounded=True, jumping=False, normal=(-0.369,0.929,-0.000), vel=(0.000,0.000,0.000)) probe(trace_dist=0.0508, hit=True, normal_y=0.9293556809425354, fraction=0.0) post(grounded=True, vel=(0.000,0.000,0.000), horiz_speed=0.000, pos=(-21.176,0.917,0.314))
[movedbg #375] pre(grounded=True, jumping=False, normal=(-0.369,0.929,-0.000), vel=(0.000,0.000,0.000)) probe(trace_dist=0.0508, hit=True, normal_y=0.9293556809425354, fraction=0.0) post(grounded=True, vel=(0.000,0.000,0.000), horiz_speed=0.000, pos=(-21.176,0.917,0.314))
[movedbg #376] pre(grounded=True, jumping=False, normal=(-0.369,0.929,-0.000), vel=(0.000,0.000,0.000)) probe(trace_dist=0.0508, hit=True, normal_y=0.9293556809425354, fraction=0.0) post(grounded=True, vel=(0.000,0.000,0.000), horiz_speed=0.000, pos=(-21.176,0.917,0.314))
[movedbg #377] pre(grounded=True, jumping=False, normal=(-0.369,0.929,-0.000), vel=(0.000,0.000,0.000)) probe(trace_dist=0.0508, hit=True, normal_y=0.9293556809425354, fraction=0.0) post(grounded=True, vel=(0.000,0.000,0.000), horiz_speed=0.000, pos=(-21.176,0.917,0.314))
[movedbg #378] pre(grounded=True, jumping=False, normal=(-0.369,0.929,-0.000), vel=(0.000,0.000,0.000)) probe(trace_dist=0.0508, hit=True, normal_y=0.9293556809425354, fraction=0.0) post(grounded=True, vel=(0.000,0.000,0.000), horiz_speed=0.000, pos=(-21.176,0.917,0.314))
[movedbg #379] pre(grounded=True, jumping=False, normal=(-0.369,0.929,-0.000), vel=(0.000,0.000,0.000)) probe(trace_dist=0.0508, hit=True, normal_y=0.9293556809425354, fraction=0.0) post(grounded=True, vel=(0.000,0.000,0.000), horiz_speed=0.000, pos=(-21.176,0.917,0.314))
[movedbg #380] pre(grounded=True, jumping=False, normal=(-0.369,0.929,-0.000), vel=(0.000,0.000,0.000)) probe(trace_dist=0.0508, hit=True, normal_y=0.9293556809425354, fraction=0.0) post(grounded=True, vel=(0.000,0.000,0.000), horiz_speed=0.000, pos=(-21.176,0.917,0.314))
[movedbg #381] pre(grounded=True, jumping=False, normal=(-0.369,0.929,-0.000), vel=(0.000,0.000,0.000)) probe(trace_dist=0.0508, hit=True, normal_y=0.9293556809425354, fraction=0.0) post(grounded=True, vel=(0.000,0.000,0.000), horiz_speed=0.000, pos=(-21.176,0.917,0.314))
[movedbg #382] pre(grounded=True, jumping=False, normal=(-0.369,0.929,-0.000), vel=(0.000,0.000,0.000)) probe(trace_dist=0.0508, hit=True, normal_y=0.9293556809425354, fraction=0.0) post(grounded=True, vel=(0.000,0.000,0.000), horiz_speed=0.000, pos=(-21.176,0.917,0.314))
[movedbg #383] pre(grounded=True, jumping=False, normal=(-0.369,0.929,-0.000), vel=(0.000,0.000,0.000)) probe(trace_dist=0.0508, hit=True, normal_y=0.9293556809425354, fraction=0.0) post(grounded=True, vel=(0.000,0.000,0.000), horiz_speed=0.000, pos=(-21.176,0.917,0.314))
[movedbg #384] pre(grounded=True, jumping=False, normal=(-0.369,0.929,-0.000), vel=(0.000,0.000,0.000)) probe(trace_dist=0.0508, hit=True, normal_y=0.9293556809425354, fraction=0.0) post(grounded=True, vel=(0.000,0.000,0.000), horiz_speed=0.000, pos=(-21.176,0.917,0.314))
[movedbg #385] pre(grounded=True, jumping=False, normal=(-0.369,0.929,-0.000), vel=(0.000,0.000,0.000)) probe(trace_dist=0.0508, hit=True, normal_y=0.9293556809425354, fraction=0.0) post(grounded=False, vel=(-0.000,5.918,0.000), horiz_speed=0.000, pos=(-21.176,0.966,0.315))
[movedbg #386] pre(grounded=False, jumping=True, normal=(0.000,1.000,0.000), vel=(-0.000,5.918,0.000)) probe(trace_dist=0.0508, hit=True, normal_y=0.9293556809425354, fraction=0.0) post(grounded=False, vel=(-0.000,5.837,0.000), horiz_speed=0.000, pos=(-21.176,1.015,0.315))
[movedbg #387] pre(grounded=False, jumping=True, normal=(0.000,1.000,0.000), vel=(-0.000,5.837,0.000)) probe(trace_dist=0.0508, hit=True, normal_y=0.9293556809425354, fraction=0.0) post(grounded=False, vel=(-0.000,5.755,0.000), horiz_speed=0.000, pos=(-21.176,1.063,0.315))
[movedbg #388] pre(grounded=False, jumping=True, normal=(0.000,1.000,0.000), vel=(-0.000,5.755,0.000)) probe(trace_dist=0.0508, hit=True, normal_y=0.9293556809425354, fraction=0.0) post(grounded=False, vel=(-0.000,5.673,0.000), horiz_speed=0.000, pos=(-21.176,1.110,0.315))
[movedbg #389] pre(grounded=False, jumping=True, normal=(0.000,1.000,0.000), vel=(-0.000,5.673,0.000)) probe(trace_dist=0.0508, hit=True, normal_y=0.9293556809425354, fraction=0.0) post(grounded=False, vel=(-0.000,5.591,0.000), horiz_speed=0.000, pos=(-21.176,1.157,0.315))
[movedbg #390] pre(grounded=False, jumping=True, normal=(0.000,1.000,0.000), vel=(-0.000,5.591,0.000)) probe(trace_dist=0.0508, hit=True, normal_y=0.9293556809425354, fraction=0.0) post(grounded=False, vel=(-0.000,5.510,0.000), horiz_speed=0.000, pos=(-21.176,1.202,0.315))
[movedbg #391] pre(grounded=False, jumping=True, normal=(0.000,1.000,0.000), vel=(-0.000,5.510,0.000)) probe(trace_dist=0.0508, hit=True, normal_y=0.9293556809425354, fraction=0.0) post(grounded=False, vel=(-0.000,5.428,0.000), horiz_speed=0.000, pos=(-21.176,1.248,0.315))
[movedbg #392] pre(grounded=False, jumping=True, normal=(0.000,1.000,0.000), vel=(-0.000,5.428,0.000)) probe(trace_dist=0.0508, hit=True, normal_y=0.9293556809425354, fraction=0.0) post(grounded=False, vel=(-0.000,5.346,0.000), horiz_speed=0.000, pos=(-21.176,1.292,0.315))
[movedbg #393] pre(grounded=False, jumping=True, normal=(0.000,1.000,0.000), vel=(-0.000,5.346,0.000)) probe(trace_dist=0.0508, hit=True, normal_y=0.9293556809425354, fraction=0.0) post(grounded=False, vel=(-0.000,5.264,0.000), horiz_speed=0.000, pos=(-21.176,1.336,0.315))
[movedbg #394] pre(grounded=False, jumping=True, normal=(0.000,1.000,0.000), vel=(-0.000,5.264,0.000)) probe(trace_dist=0.0508, hit=True, normal_y=0.9293556809425354, fraction=0.0) post(grounded=False, vel=(-0.000,5.183,0.000), horiz_speed=0.000, pos=(-21.176,1.379,0.315))
[movedbg #395] pre(grounded=False, jumping=True, normal=(0.000,1.000,0.000), vel=(-0.000,5.183,0.000)) probe(trace_dist=0.0508, hit=True, normal_y=0.9293556809425354, fraction=0.0) post(grounded=False, vel=(-0.000,5.101,0.000), horiz_speed=0.000, pos=(-21.176,1.422,0.315))
[movedbg #396] pre(grounded=False, jumping=True, normal=(0.000,1.000,0.000), vel=(-0.000,5.101,0.000)) probe(trace_dist=0.0508, hit=True, normal_y=0.9293556809425354, fraction=0.0) post(grounded=False, vel=(-0.000,5.019,0.000), horiz_speed=0.000, pos=(-21.176,1.464,0.315))
[movedbg #397] pre(grounded=False, jumping=True, normal=(0.000,1.000,0.000), vel=(-0.000,5.019,0.000)) probe(trace_dist=0.0508, hit=True, normal_y=0.9293556809425354, fraction=0.0) post(grounded=False, vel=(-0.000,4.937,0.000), horiz_speed=0.000, pos=(-21.176,1.505,0.315))
[movedbg #398] pre(grounded=False, jumping=True, normal=(0.000,1.000,0.000), vel=(-0.000,4.937,0.000)) probe(trace_dist=0.0508, hit=True, normal_y=0.9293556809425354, fraction=0.0) post(grounded=False, vel=(-0.000,4.856,0.000), horiz_speed=0.000, pos=(-21.176,1.545,0.315))
[movedbg #399] pre(grounded=False, jumping=True, normal=(0.000,1.000,0.000), vel=(-0.000,4.856,0.000)) probe(trace_dist=0.0508, hit=True, normal_y=0.9293556809425354, fraction=0.0) post(grounded=False, vel=(-0.000,4.774,0.000), horiz_speed=0.000, pos=(-21.176,1.585,0.315))
[movedbg #400] pre(grounded=False, jumping=True, normal=(0.000,1.000,0.000), vel=(-0.000,4.774,0.000)) probe(trace_dist=0.0508, hit=True, normal_y=0.9293556809425354, fraction=0.0) post(grounded=False, vel=(-0.000,4.692,0.000), horiz_speed=0.000, pos=(-21.176,1.624,0.315))
[movedbg #401] pre(grounded=False, jumping=True, normal=(0.000,1.000,0.000), vel=(-0.000,4.692,0.000)) probe(trace_dist=0.0508, hit=True, normal_y=0.9293556809425354, fraction=0.0) post(grounded=False, vel=(-0.000,4.610,0.000), horiz_speed=0.000, pos=(-21.176,1.663,0.315))
[movedbg #402] pre(grounded=False, jumping=True, normal=(0.000,1.000,0.000), vel=(-0.000,4.610,0.000)) probe(trace_dist=0.0508, hit=True, normal_y=0.9293556809425354, fraction=0.0) post(grounded=False, vel=(-0.000,4.529,0.000), horiz_speed=0.000, pos=(-21.176,1.700,0.315))
[movedbg #403] pre(grounded=False, jumping=True, normal=(0.000,1.000,0.000), vel=(-0.000,4.529,0.000)) probe(trace_dist=0.0508, hit=True, normal_y=0.9293556809425354, fraction=0.0) post(grounded=False, vel=(-0.000,4.447,0.000), horiz_speed=0.000, pos=(-21.176,1.737,0.315))
[movedbg #404] pre(grounded=False, jumping=True, normal=(0.000,1.000,0.000), vel=(-0.000,4.447,0.000)) probe(trace_dist=0.0508, hit=True, normal_y=0.9293556809425354, fraction=0.0) post(grounded=False, vel=(-0.000,4.365,0.000), horiz_speed=0.000, pos=(-21.176,1.774,0.315))
[movedbg #405] pre(grounded=False, jumping=True, normal=(0.000,1.000,0.000), vel=(-0.000,4.365,0.000)) probe(trace_dist=0.0508, hit=True, normal_y=0.9293556809425354, fraction=0.0) post(grounded=False, vel=(-0.000,4.283,0.000), horiz_speed=0.000, pos=(-21.176,1.809,0.315))
[movedbg #406] pre(grounded=False, jumping=True, normal=(0.000,1.000,0.000), vel=(-0.000,4.283,0.000)) probe(trace_dist=0.0508, hit=True, normal_y=0.9293556809425354, fraction=0.0) post(grounded=False, vel=(-0.000,4.202,0.000), horiz_speed=0.000, pos=(-21.176,1.844,0.315))
[movedbg #407] pre(grounded=False, jumping=True, normal=(0.000,1.000,0.000), vel=(-0.000,4.202,0.000)) probe(trace_dist=0.0508, hit=True, normal_y=0.9293556809425354, fraction=0.0) post(grounded=False, vel=(-0.000,4.120,0.000), horiz_speed=0.000, pos=(-21.176,1.879,0.315))
[movedbg #408] pre(grounded=False, jumping=True, normal=(0.000,1.000,0.000), vel=(-0.000,4.120,0.000)) probe(trace_dist=0.0508, hit=True, normal_y=0.9293556809425354, fraction=0.0) post(grounded=False, vel=(-0.000,4.038,0.000), horiz_speed=0.000, pos=(-21.176,1.912,0.315))
[movedbg #409] pre(grounded=False, jumping=True, normal=(0.000,1.000,0.000), vel=(-0.000,4.038,0.000)) probe(trace_dist=0.0508, hit=True, normal_y=0.9293556809425354, fraction=0.0) post(grounded=False, vel=(-0.000,3.956,0.000), horiz_speed=0.000, pos=(-21.176,1.945,0.315))
[movedbg #410] pre(grounded=False, jumping=True, normal=(0.000,1.000,0.000), vel=(-0.000,3.956,0.000)) probe(trace_dist=0.0508, hit=True, normal_y=0.9293556809425354, fraction=0.0) post(grounded=False, vel=(-0.000,3.875,0.000), horiz_speed=0.000, pos=(-21.176,1.978,0.315))
[movedbg #411] pre(grounded=False, jumping=True, normal=(0.000,1.000,0.000), vel=(-0.000,3.875,0.000)) probe(trace_dist=0.0508, hit=True, normal_y=0.9293556809425354, fraction=0.0) post(grounded=False, vel=(-0.000,3.793,0.000), horiz_speed=0.000, pos=(-21.176,2.009,0.315))
[movedbg #412] pre(grounded=False, jumping=True, normal=(0.000,1.000,0.000), vel=(-0.000,3.793,0.000)) probe(trace_dist=0.0508, hit=True, normal_y=0.9293556809425354, fraction=0.0) post(grounded=False, vel=(-0.000,3.711,0.000), horiz_speed=0.000, pos=(-21.176,2.040,0.315))
[movedbg #413] pre(grounded=False, jumping=True, normal=(0.000,1.000,0.000), vel=(-0.000,3.711,0.000)) probe(trace_dist=0.0508, hit=True, normal_y=0.9293556809425354, fraction=0.0) post(grounded=False, vel=(-0.000,3.629,0.000), horiz_speed=0.000, pos=(-21.176,2.070,0.315))
[movedbg #414] pre(grounded=False, jumping=True, normal=(0.000,1.000,0.000), vel=(-0.000,3.629,0.000)) probe(trace_dist=0.0508, hit=True, normal_y=0.9293556809425354, fraction=0.0) post(grounded=False, vel=(-0.000,3.548,0.000), horiz_speed=0.000, pos=(-21.176,2.100,0.315))
[movedbg #415] pre(grounded=False, jumping=True, normal=(0.000,1.000,0.000), vel=(-0.000,3.548,0.000)) probe(trace_dist=0.0508, hit=True, normal_y=0.9293556809425354, fraction=0.0) post(grounded=False, vel=(-0.000,3.466,0.000), horiz_speed=0.000, pos=(-21.176,2.129,0.315))
[movedbg #416] pre(grounded=False, jumping=True, normal=(0.000,1.000,0.000), vel=(-0.000,3.466,0.000)) probe(trace_dist=0.0508, hit=True, normal_y=0.9293556809425354, fraction=0.0) post(grounded=False, vel=(-0.000,3.384,0.000), horiz_speed=0.000, pos=(-21.176,2.157,0.315))
[movedbg #417] pre(grounded=False, jumping=True, normal=(0.000,1.000,0.000), vel=(-0.000,3.384,0.000)) probe(trace_dist=0.0508, hit=True, normal_y=0.9293556809425354, fraction=0.0) post(grounded=False, vel=(-0.000,3.302,0.000), horiz_speed=0.000, pos=(-21.176,2.185,0.315))
[movedbg #418] pre(grounded=False, jumping=True, normal=(0.000,1.000,0.000), vel=(-0.000,3.302,0.000)) probe(trace_dist=0.0508, hit=True, normal_y=0.9293556809425354, fraction=0.0) post(grounded=False, vel=(-0.000,3.221,0.000), horiz_speed=0.000, pos=(-21.176,2.211,0.315))
[movedbg #419] pre(grounded=False, jumping=True, normal=(0.000,1.000,0.000), vel=(-0.000,3.221,0.000)) probe(trace_dist=0.0508, hit=True, normal_y=0.9293556809425354, fraction=0.0) post(grounded=False, vel=(-0.327,3.139,0.064), horiz_speed=0.333, pos=(-21.179,2.238,0.315))
[movedbg #420] pre(grounded=False, jumping=True, normal=(0.000,1.000,0.000), vel=(-0.327,3.139,0.064)) probe(trace_dist=0.0508, hit=True, normal_y=0.9293556809425354, fraction=0.0) post(grounded=False, vel=(-0.654,3.057,0.128), horiz_speed=0.667, pos=(-21.185,2.263,0.317))
[movedbg #421] pre(grounded=False, jumping=True, normal=(0.000,1.000,0.000), vel=(-0.654,3.057,0.128)) probe(trace_dist=0.0508, hit=True, normal_y=0.9293556809425354, fraction=0.0) post(grounded=False, vel=(-0.748,2.975,0.147), horiz_speed=0.762, pos=(-21.191,2.288,0.318))
[movedbg #422] pre(grounded=False, jumping=True, normal=(0.000,1.000,0.000), vel=(-0.748,2.975,0.147)) probe(trace_dist=0.0508, hit=True, normal_y=0.9293556809425354, fraction=0.0) post(grounded=False, vel=(-0.748,2.894,0.147), horiz_speed=0.762, pos=(-21.197,2.312,0.319))
[movedbg #423] pre(grounded=False, jumping=True, normal=(0.000,1.000,0.000), vel=(-0.748,2.894,0.147)) probe(trace_dist=0.0508, hit=True, normal_y=0.9293556809425354, fraction=0.0) post(grounded=False, vel=(-0.748,2.812,0.147), horiz_speed=0.762, pos=(-21.203,2.335,0.320))
[movedbg #424] pre(grounded=False, jumping=True, normal=(0.000,1.000,0.000), vel=(-0.748,2.812,0.147)) probe(trace_dist=0.0508, hit=True, normal_y=0.9293556809425354, fraction=0.0) post(grounded=False, vel=(-0.748,2.730,0.147), horiz_speed=0.762, pos=(-21.209,2.358,0.321))
[movedbg #425] pre(grounded=False, jumping=True, normal=(0.000,1.000,0.000), vel=(-0.748,2.730,0.147)) probe(trace_dist=0.0508, hit=True, normal_y=0.9293556809425354, fraction=0.0) post(grounded=False, vel=(-0.748,2.648,0.147), horiz_speed=0.762, pos=(-21.216,2.380,0.323))
[movedbg #426] pre(grounded=False, jumping=True, normal=(0.000,1.000,0.000), vel=(-0.748,2.648,0.147)) probe(trace_dist=0.0508, hit=True, normal_y=0.9293556809425354, fraction=0.0) post(grounded=False, vel=(-0.748,2.567,0.147), horiz_speed=0.762, pos=(-21.222,2.402,0.324))
[movedbg #427] pre(grounded=False, jumping=True, normal=(0.000,1.000,0.000), vel=(-0.748,2.567,0.147)) probe(trace_dist=0.0508, hit=True, normal_y=0.9293556809425354, fraction=0.0) post(grounded=False, vel=(-0.748,2.485,0.147), horiz_speed=0.762, pos=(-21.228,2.422,0.325))
[movedbg #428] pre(grounded=False, jumping=True, normal=(0.000,1.000,0.000), vel=(-0.748,2.485,0.147)) probe(trace_dist=0.0508, hit=True, normal_y=0.9293556809425354, fraction=0.0) post(grounded=False, vel=(-0.748,2.403,0.147), horiz_speed=0.762, pos=(-21.234,2.442,0.326))
[movedbg #429] pre(grounded=False, jumping=True, normal=(0.000,1.000,0.000), vel=(-0.748,2.403,0.147)) probe(trace_dist=0.0508, hit=True, normal_y=0.9293556809425354, fraction=0.0) post(grounded=False, vel=(-0.748,2.321,0.147), horiz_speed=0.762, pos=(-21.241,2.462,0.328))
[movedbg #430] pre(grounded=False, jumping=True, normal=(0.000,1.000,0.000), vel=(-0.748,2.321,0.147)) probe(trace_dist=0.0508, hit=True, normal_y=0.9293556809425354, fraction=0.0) post(grounded=False, vel=(-0.748,2.240,0.147), horiz_speed=0.762, pos=(-21.247,2.480,0.329))
[movedbg #431] pre(grounded=False, jumping=True, normal=(0.000,1.000,0.000), vel=(-0.748,2.240,0.147)) probe(trace_dist=0.0508, hit=True, normal_y=0.9293556809425354, fraction=0.0) post(grounded=False, vel=(-0.748,2.158,0.147), horiz_speed=0.762, pos=(-21.253,2.498,0.330))
[movedbg #432] pre(grounded=False, jumping=True, normal=(0.000,1.000,0.000), vel=(-0.748,2.158,0.147)) probe(trace_dist=0.0508, hit=True, normal_y=0.9293556809425354, fraction=0.0) post(grounded=False, vel=(-0.748,2.076,0.147), horiz_speed=0.762, pos=(-21.259,2.516,0.331))
[movedbg #433] pre(grounded=False, jumping=True, normal=(0.000,1.000,0.000), vel=(-0.748,2.076,0.147)) probe(trace_dist=0.0508, hit=True, normal_y=0.9293556809425354, fraction=0.0) post(grounded=False, vel=(-0.748,1.994,0.147), horiz_speed=0.762, pos=(-21.266,2.532,0.332))
[movedbg #434] pre(grounded=False, jumping=True, normal=(0.000,1.000,0.000), vel=(-0.748,1.994,0.147)) probe(trace_dist=0.0508, hit=True, normal_y=0.9293556809425354, fraction=0.0) post(grounded=False, vel=(-0.748,1.913,0.147), horiz_speed=0.762, pos=(-21.272,2.548,0.334))
[movedbg #435] pre(grounded=False, jumping=True, normal=(0.000,1.000,0.000), vel=(-0.748,1.913,0.147)) probe(trace_dist=0.0508, hit=True, normal_y=0.9293556809425354, fraction=0.0) post(grounded=False, vel=(-0.748,1.831,0.147), horiz_speed=0.762, pos=(-21.278,2.563,0.335))
[movedbg #436] pre(grounded=False, jumping=True, normal=(0.000,1.000,0.000), vel=(-0.748,1.831,0.147)) probe(trace_dist=0.0508, hit=True, normal_y=0.9293556809425354, fraction=0.0) post(grounded=False, vel=(-0.748,1.749,0.147), horiz_speed=0.762, pos=(-21.284,2.578,0.336))
[movedbg #437] pre(grounded=False, jumping=True, normal=(0.000,1.000,0.000), vel=(-0.748,1.749,0.147)) probe(trace_dist=0.0508, hit=True, normal_y=0.9293556809425354, fraction=0.0) post(grounded=False, vel=(-0.748,1.667,0.147), horiz_speed=0.762, pos=(-21.290,2.592,0.337))
[movedbg #438] pre(grounded=False, jumping=True, normal=(0.000,1.000,0.000), vel=(-0.748,1.667,0.147)) probe(trace_dist=0.0508, hit=True, normal_y=0.9293556809425354, fraction=0.0) post(grounded=False, vel=(-0.748,1.586,0.147), horiz_speed=0.762, pos=(-21.297,2.605,0.339))
[movedbg #439] pre(grounded=False, jumping=True, normal=(0.000,1.000,0.000), vel=(-0.748,1.586,0.147)) probe(trace_dist=0.0508, hit=True, normal_y=0.9293556809425354, fraction=0.0) post(grounded=False, vel=(-0.748,1.504,0.147), horiz_speed=0.762, pos=(-21.303,2.618,0.340))
[movedbg #440] pre(grounded=False, jumping=True, normal=(0.000,1.000,0.000), vel=(-0.748,1.504,0.147)) probe(trace_dist=0.0508, hit=True, normal_y=0.9293556809425354, fraction=0.0) post(grounded=False, vel=(-0.748,1.422,0.147), horiz_speed=0.762, pos=(-21.309,2.629,0.341))
[movedbg #441] pre(grounded=False, jumping=True, normal=(0.000,1.000,0.000), vel=(-0.748,1.422,0.147)) probe(trace_dist=0.0508, hit=True, normal_y=0.9293556809425354, fraction=0.0) post(grounded=False, vel=(-0.748,1.340,0.147), horiz_speed=0.762, pos=(-21.315,2.641,0.342))
[movedbg #442] pre(grounded=False, jumping=True, normal=(0.000,1.000,0.000), vel=(-0.748,1.340,0.147)) probe(trace_dist=0.0508, hit=True, normal_y=0.9293556809425354, fraction=0.0) post(grounded=False, vel=(-0.748,1.259,0.147), horiz_speed=0.762, pos=(-21.322,2.651,0.343))
[movedbg #443] pre(grounded=False, jumping=True, normal=(0.000,1.000,0.000), vel=(-0.748,1.259,0.147)) probe(trace_dist=0.0508, hit=True, normal_y=0.9293556809425354, fraction=0.0) post(grounded=False, vel=(-0.748,1.177,0.147), horiz_speed=0.762, pos=(-21.328,2.661,0.345))
[movedbg #444] pre(grounded=False, jumping=True, normal=(0.000,1.000,0.000), vel=(-0.748,1.177,0.147)) probe(trace_dist=0.0508, hit=True, normal_y=0.9293556809425354, fraction=0.0) post(grounded=False, vel=(-0.748,1.095,0.147), horiz_speed=0.762, pos=(-21.334,2.670,0.346))
[movedbg #445] pre(grounded=False, jumping=True, normal=(0.000,1.000,0.000), vel=(-0.748,1.095,0.147)) probe(trace_dist=0.0508, hit=True, normal_y=0.9293556809425354, fraction=0.0) post(grounded=False, vel=(-0.748,1.013,0.147), horiz_speed=0.762, pos=(-21.340,2.679,0.347))
[movedbg #446] pre(grounded=False, jumping=True, normal=(0.000,1.000,0.000), vel=(-0.748,1.013,0.147)) probe(trace_dist=0.0508, hit=True, normal_y=0.9293556809425354, fraction=0.0) post(grounded=False, vel=(-0.748,0.932,0.147), horiz_speed=0.762, pos=(-21.347,2.686,0.348))
[movedbg #447] pre(grounded=False, jumping=True, normal=(0.000,1.000,0.000), vel=(-0.748,0.932,0.147)) probe(trace_dist=0.0508, hit=True, normal_y=0.9293556809425354, fraction=0.0) post(grounded=False, vel=(-0.748,0.850,0.147), horiz_speed=0.762, pos=(-21.353,2.693,0.350))
[movedbg #448] pre(grounded=False, jumping=True, normal=(0.000,1.000,0.000), vel=(-0.748,0.850,0.147)) probe(trace_dist=0.0508, hit=True, normal_y=0.9293556809425354, fraction=0.0) post(grounded=False, vel=(-0.748,0.768,0.147), horiz_speed=0.762, pos=(-21.359,2.700,0.351))
[movedbg #449] pre(grounded=False, jumping=True, normal=(0.000,1.000,0.000), vel=(-0.748,0.768,0.147)) probe(trace_dist=0.0508, hit=True, normal_y=0.9293556809425354, fraction=0.0) post(grounded=False, vel=(-0.748,0.686,0.147), horiz_speed=0.762, pos=(-21.365,2.705,0.352))
[movedbg #450] pre(grounded=False, jumping=True, normal=(0.000,1.000,0.000), vel=(-0.748,0.686,0.147)) probe(trace_dist=0.0508, hit=True, normal_y=0.9293556809425354, fraction=0.0) post(grounded=False, vel=(-0.748,0.605,0.147), horiz_speed=0.762, pos=(-21.371,2.711,0.353))
[movedbg #451] pre(grounded=False, jumping=True, normal=(0.000,1.000,0.000), vel=(-0.748,0.605,0.147)) probe(trace_dist=0.0508, hit=True, normal_y=0.9293556809425354, fraction=0.0) post(grounded=False, vel=(-0.748,0.523,0.147), horiz_speed=0.762, pos=(-21.378,2.715,0.354))
[movedbg #452] pre(grounded=False, jumping=True, normal=(0.000,1.000,0.000), vel=(-0.748,0.523,0.147)) probe(trace_dist=0.0508, hit=True, normal_y=0.9293556809425354, fraction=0.0) post(grounded=False, vel=(-0.748,0.441,0.147), horiz_speed=0.762, pos=(-21.384,2.719,0.356))
[movedbg #453] pre(grounded=False, jumping=True, normal=(0.000,1.000,0.000), vel=(-0.748,0.441,0.147)) probe(trace_dist=0.0508, hit=True, normal_y=0.9293556809425354, fraction=0.0) post(grounded=False, vel=(-0.748,0.359,0.147), horiz_speed=0.762, pos=(-21.390,2.722,0.357))
[movedbg #454] pre(grounded=False, jumping=True, normal=(0.000,1.000,0.000), vel=(-0.748,0.359,0.147)) probe(trace_dist=0.0508, hit=True, normal_y=0.9293556809425354, fraction=0.0) post(grounded=False, vel=(-0.748,0.278,0.147), horiz_speed=0.762, pos=(-21.396,2.724,0.358))
[movedbg #455] pre(grounded=False, jumping=True, normal=(0.000,1.000,0.000), vel=(-0.748,0.278,0.147)) probe(trace_dist=0.0508, hit=True, normal_y=0.9293556809425354, fraction=0.0) post(grounded=False, vel=(-0.748,0.196,0.147), horiz_speed=0.762, pos=(-21.403,2.725,0.359))
[movedbg #456] pre(grounded=False, jumping=True, normal=(0.000,1.000,0.000), vel=(-0.748,0.196,0.147)) probe(trace_dist=0.0508, hit=True, normal_y=0.9293556809425354, fraction=0.0) post(grounded=False, vel=(-0.748,0.114,0.147), horiz_speed=0.762, pos=(-21.409,2.726,0.361))
[movedbg #457] pre(grounded=False, jumping=True, normal=(0.000,1.000,0.000), vel=(-0.748,0.114,0.147)) probe(trace_dist=0.0508, hit=True, normal_y=0.9293556809425354, fraction=0.0) post(grounded=False, vel=(-0.748,0.032,0.147), horiz_speed=0.762, pos=(-21.415,2.727,0.362))
[movedbg #458] pre(grounded=False, jumping=True, normal=(0.000,1.000,0.000), vel=(-0.748,0.032,0.147)) probe(trace_dist=0.0508, hit=True, normal_y=0.9293556809425354, fraction=0.0) post(grounded=False, vel=(-0.748,-0.049,0.147), horiz_speed=0.762, pos=(-21.421,2.726,0.363))
[movedbg #459] pre(grounded=False, jumping=False, normal=(0.000,1.000,0.000), vel=(-0.748,-0.049,0.147)) probe(trace_dist=0.0508, hit=False, normal_y=None, fraction=None) post(grounded=False, vel=(-0.748,-0.131,0.147), horiz_speed=0.762, pos=(-21.428,2.725,0.364))
[movedbg #460] pre(grounded=False, jumping=False, normal=(0.000,1.000,0.000), vel=(-0.748,-0.131,0.147)) probe(trace_dist=0.0508, hit=False, normal_y=None, fraction=None) post(grounded=False, vel=(-0.748,-0.213,0.147), horiz_speed=0.762, pos=(-21.434,2.723,0.365))
[movedbg #461] pre(grounded=False, jumping=False, normal=(0.000,1.000,0.000), vel=(-0.748,-0.213,0.147)) probe(trace_dist=0.0508, hit=False, normal_y=None, fraction=None) post(grounded=False, vel=(-0.748,-0.295,0.147), horiz_speed=0.762, pos=(-21.440,2.721,0.367))
[movedbg #462] pre(grounded=False, jumping=False, normal=(0.000,1.000,0.000), vel=(-0.748,-0.295,0.147)) probe(trace_dist=0.0508, hit=False, normal_y=None, fraction=None) post(grounded=False, vel=(-0.748,-0.376,0.147), horiz_speed=0.762, pos=(-21.446,2.718,0.368))
[movedbg #463] pre(grounded=False, jumping=False, normal=(0.000,1.000,0.000), vel=(-0.748,-0.376,0.147)) probe(trace_dist=0.0508, hit=False, normal_y=None, fraction=None) post(grounded=False, vel=(-0.748,-0.458,0.147), horiz_speed=0.762, pos=(-21.453,2.714,0.369))
[movedbg #464] pre(grounded=False, jumping=False, normal=(0.000,1.000,0.000), vel=(-0.748,-0.458,0.147)) probe(trace_dist=0.0508, hit=False, normal_y=None, fraction=None) post(grounded=False, vel=(-0.748,-0.540,0.147), horiz_speed=0.762, pos=(-21.459,2.710,0.370))
[movedbg #465] pre(grounded=False, jumping=False, normal=(0.000,1.000,0.000), vel=(-0.748,-0.540,0.147)) probe(trace_dist=0.0508, hit=False, normal_y=None, fraction=None) post(grounded=False, vel=(-0.748,-0.622,0.147), horiz_speed=0.762, pos=(-21.465,2.704,0.372))
[movedbg #466] pre(grounded=False, jumping=False, normal=(0.000,1.000,0.000), vel=(-0.748,-0.622,0.147)) probe(trace_dist=0.0508, hit=False, normal_y=None, fraction=None) post(grounded=False, vel=(-0.748,-0.703,0.147), horiz_speed=0.762, pos=(-21.471,2.698,0.373))
[movedbg #467] pre(grounded=False, jumping=False, normal=(0.000,1.000,0.000), vel=(-0.748,-0.703,0.147)) probe(trace_dist=0.0508, hit=False, normal_y=None, fraction=None) post(grounded=False, vel=(-0.748,-0.785,0.147), horiz_speed=0.762, pos=(-21.477,2.692,0.374))
[movedbg #468] pre(grounded=False, jumping=False, normal=(0.000,1.000,0.000), vel=(-0.748,-0.785,0.147)) probe(trace_dist=0.0508, hit=False, normal_y=None, fraction=None) post(grounded=False, vel=(-0.748,-0.867,0.147), horiz_speed=0.762, pos=(-21.484,2.685,0.375))
[movedbg #469] pre(grounded=False, jumping=False, normal=(0.000,1.000,0.000), vel=(-0.748,-0.867,0.147)) probe(trace_dist=0.0508, hit=False, normal_y=None, fraction=None) post(grounded=False, vel=(-0.748,-0.949,0.147), horiz_speed=0.762, pos=(-21.490,2.677,0.376))
[movedbg #470] pre(grounded=False, jumping=False, normal=(0.000,1.000,0.000), vel=(-0.748,-0.949,0.147)) probe(trace_dist=0.0508, hit=False, normal_y=None, fraction=None) post(grounded=False, vel=(-0.748,-1.030,0.147), horiz_speed=0.762, pos=(-21.496,2.668,0.378))
[movedbg #471] pre(grounded=False, jumping=False, normal=(0.000,1.000,0.000), vel=(-0.748,-1.030,0.147)) probe(trace_dist=0.0508, hit=False, normal_y=None, fraction=None) post(grounded=False, vel=(-0.748,-1.112,0.147), horiz_speed=0.762, pos=(-21.502,2.659,0.379))
[movedbg #472] pre(grounded=False, jumping=False, normal=(0.000,1.000,0.000), vel=(-0.748,-1.112,0.147)) probe(trace_dist=0.0508, hit=False, normal_y=None, fraction=None) post(grounded=False, vel=(-0.748,-1.194,0.147), horiz_speed=0.762, pos=(-21.509,2.649,0.380))
[movedbg #473] pre(grounded=False, jumping=False, normal=(0.000,1.000,0.000), vel=(-0.748,-1.194,0.147)) probe(trace_dist=0.0508, hit=False, normal_y=None, fraction=None) post(grounded=False, vel=(-0.748,-1.276,0.147), horiz_speed=0.762, pos=(-21.515,2.638,0.381))
[movedbg #474] pre(grounded=False, jumping=False, normal=(0.000,1.000,0.000), vel=(-0.748,-1.276,0.147)) probe(trace_dist=0.0508, hit=False, normal_y=None, fraction=None) post(grounded=False, vel=(-0.748,-1.357,0.147), horiz_speed=0.762, pos=(-21.521,2.627,0.383))
[movedbg #475] pre(grounded=False, jumping=False, normal=(0.000,1.000,0.000), vel=(-0.748,-1.357,0.147)) probe(trace_dist=0.0508, hit=False, normal_y=None, fraction=None) post(grounded=False, vel=(-0.748,-1.439,0.147), horiz_speed=0.762, pos=(-21.527,2.615,0.384))
[movedbg #476] pre(grounded=False, jumping=False, normal=(0.000,1.000,0.000), vel=(-0.748,-1.439,0.147)) probe(trace_dist=0.0508, hit=False, normal_y=None, fraction=None) post(grounded=False, vel=(-0.748,-1.521,0.147), horiz_speed=0.762, pos=(-21.534,2.602,0.385))
[movedbg #477] pre(grounded=False, jumping=False, normal=(0.000,1.000,0.000), vel=(-0.748,-1.521,0.147)) probe(trace_dist=0.0508, hit=False, normal_y=None, fraction=None) post(grounded=False, vel=(-0.748,-1.603,0.147), horiz_speed=0.762, pos=(-21.540,2.589,0.386))
[movedbg #478] pre(grounded=False, jumping=False, normal=(0.000,1.000,0.000), vel=(-0.748,-1.603,0.147)) probe(trace_dist=0.0508, hit=False, normal_y=None, fraction=None) post(grounded=False, vel=(-0.748,-1.684,0.147), horiz_speed=0.762, pos=(-21.546,2.575,0.387))
[movedbg #479] pre(grounded=False, jumping=False, normal=(0.000,1.000,0.000), vel=(-0.748,-1.684,0.147)) probe(trace_dist=0.0508, hit=False, normal_y=None, fraction=None) post(grounded=False, vel=(-0.748,-1.766,0.147), horiz_speed=0.762, pos=(-21.552,2.560,0.389))
[movedbg #480] pre(grounded=False, jumping=False, normal=(0.000,1.000,0.000), vel=(-0.748,-1.766,0.147)) probe(trace_dist=0.0508, hit=False, normal_y=None, fraction=None) post(grounded=False, vel=(-0.748,-1.848,0.147), horiz_speed=0.762, pos=(-21.558,2.545,0.390))
[movedbg #481] pre(grounded=False, jumping=False, normal=(0.000,1.000,0.000), vel=(-0.748,-1.848,0.147)) probe(trace_dist=0.0508, hit=False, normal_y=None, fraction=None) post(grounded=False, vel=(-0.748,-1.930,0.147), horiz_speed=0.762, pos=(-21.565,2.529,0.391))
[movedbg #482] pre(grounded=False, jumping=False, normal=(0.000,1.000,0.000), vel=(-0.748,-1.930,0.147)) probe(trace_dist=0.0508, hit=False, normal_y=None, fraction=None) post(grounded=False, vel=(-0.748,-2.011,0.147), horiz_speed=0.762, pos=(-21.571,2.512,0.392))
[movedbg #483] pre(grounded=False, jumping=False, normal=(0.000,1.000,0.000), vel=(-0.748,-2.011,0.147)) probe(trace_dist=0.0508, hit=False, normal_y=None, fraction=None) post(grounded=False, vel=(-0.748,-2.093,0.147), horiz_speed=0.762, pos=(-21.577,2.495,0.394))
[movedbg #484] pre(grounded=False, jumping=False, normal=(0.000,1.000,0.000), vel=(-0.748,-2.093,0.147)) probe(trace_dist=0.0508, hit=False, normal_y=None, fraction=None) post(grounded=False, vel=(-0.748,-2.175,0.147), horiz_speed=0.762, pos=(-21.583,2.476,0.395))
[movedbg #485] pre(grounded=False, jumping=False, normal=(0.000,1.000,0.000), vel=(-0.748,-2.175,0.147)) probe(trace_dist=0.0508, hit=False, normal_y=None, fraction=None) post(grounded=False, vel=(-0.748,-2.257,0.147), horiz_speed=0.762, pos=(-21.590,2.458,0.396))
[movedbg #486] pre(grounded=False, jumping=False, normal=(0.000,1.000,0.000), vel=(-0.748,-2.257,0.147)) probe(trace_dist=0.0508, hit=False, normal_y=None, fraction=None) post(grounded=False, vel=(-0.748,-2.338,0.147), horiz_speed=0.762, pos=(-21.596,2.438,0.397))
[movedbg #487] pre(grounded=False, jumping=False, normal=(0.000,1.000,0.000), vel=(-0.748,-2.338,0.147)) probe(trace_dist=0.0508, hit=False, normal_y=None, fraction=None) post(grounded=False, vel=(-0.748,-2.420,0.147), horiz_speed=0.762, pos=(-21.602,2.418,0.398))
[movedbg #488] pre(grounded=False, jumping=False, normal=(0.000,1.000,0.000), vel=(-0.748,-2.420,0.147)) probe(trace_dist=0.0508, hit=False, normal_y=None, fraction=None) post(grounded=False, vel=(-0.748,-2.502,0.147), horiz_speed=0.762, pos=(-21.608,2.397,0.400))
[movedbg #489] pre(grounded=False, jumping=False, normal=(0.000,1.000,0.000), vel=(-0.748,-2.502,0.147)) probe(trace_dist=0.0508, hit=False, normal_y=None, fraction=None) post(grounded=False, vel=(-0.748,-2.584,0.147), horiz_speed=0.762, pos=(-21.615,2.376,0.401))
[movedbg #490] pre(grounded=False, jumping=False, normal=(0.000,1.000,0.000), vel=(-0.748,-2.584,0.147)) probe(trace_dist=0.0508, hit=False, normal_y=None, fraction=None) post(grounded=False, vel=(-0.748,-2.665,0.147), horiz_speed=0.762, pos=(-21.621,2.353,0.402))
[movedbg #491] pre(grounded=False, jumping=False, normal=(0.000,1.000,0.000), vel=(-0.748,-2.665,0.147)) probe(trace_dist=0.0508, hit=False, normal_y=None, fraction=None) post(grounded=False, vel=(-0.748,-2.747,0.147), horiz_speed=0.762, pos=(-21.627,2.331,0.403))
[movedbg #492] pre(grounded=False, jumping=False, normal=(0.000,1.000,0.000), vel=(-0.748,-2.747,0.147)) probe(trace_dist=0.0508, hit=False, normal_y=None, fraction=None) post(grounded=False, vel=(-0.748,-2.829,0.147), horiz_speed=0.762, pos=(-21.633,2.307,0.405))
[movedbg #493] pre(grounded=False, jumping=False, normal=(0.000,1.000,0.000), vel=(-0.748,-2.829,0.147)) probe(trace_dist=0.0508, hit=False, normal_y=None, fraction=None) post(grounded=False, vel=(-0.748,-2.911,0.147), horiz_speed=0.762, pos=(-21.640,2.283,0.406))
[movedbg #494] pre(grounded=False, jumping=False, normal=(0.000,1.000,0.000), vel=(-0.748,-2.911,0.147)) probe(trace_dist=0.0508, hit=False, normal_y=None, fraction=None) post(grounded=False, vel=(-0.748,-2.992,0.147), horiz_speed=0.762, pos=(-21.646,2.258,0.407))
[movedbg #495] pre(grounded=False, jumping=False, normal=(0.000,1.000,0.000), vel=(-0.748,-2.992,0.147)) probe(trace_dist=0.0508, hit=False, normal_y=None, fraction=None) post(grounded=False, vel=(-0.748,-3.074,0.147), horiz_speed=0.762, pos=(-21.652,2.232,0.408))
[movedbg #496] pre(grounded=False, jumping=False, normal=(0.000,1.000,0.000), vel=(-0.748,-3.074,0.147)) probe(trace_dist=0.0508, hit=False, normal_y=None, fraction=None) post(grounded=False, vel=(-0.748,-3.156,0.147), horiz_speed=0.762, pos=(-21.658,2.206,0.410))
[movedbg #497] pre(grounded=False, jumping=False, normal=(0.000,1.000,0.000), vel=(-0.748,-3.156,0.147)) probe(trace_dist=0.0508, hit=False, normal_y=None, fraction=None) post(grounded=False, vel=(-0.748,-3.238,0.147), horiz_speed=0.762, pos=(-21.664,2.179,0.411))
[movedbg #498] pre(grounded=False, jumping=False, normal=(0.000,1.000,0.000), vel=(-0.748,-3.238,0.147)) probe(trace_dist=0.0508, hit=False, normal_y=None, fraction=None) post(grounded=False, vel=(-0.748,-3.319,0.147), horiz_speed=0.762, pos=(-21.671,2.151,0.412))
[movedbg #499] pre(grounded=False, jumping=False, normal=(0.000,1.000,0.000), vel=(-0.748,-3.319,0.147)) probe(trace_dist=0.0508, hit=False, normal_y=None, fraction=None) post(grounded=False, vel=(-0.748,-3.401,0.147), horiz_speed=0.762, pos=(-21.677,2.123,0.413))
[movedbg #500] pre(grounded=False, jumping=False, normal=(0.000,1.000,0.000), vel=(-0.748,-3.401,0.147)) probe(trace_dist=0.0508, hit=False, normal_y=None, fraction=None) post(grounded=False, vel=(-0.748,-3.483,0.147), horiz_speed=0.762, pos=(-21.683,2.094,0.414))
[movedbg #501] pre(grounded=False, jumping=False, normal=(0.000,1.000,0.000), vel=(-0.748,-3.483,0.147)) probe(trace_dist=0.0508, hit=False, normal_y=None, fraction=None) post(grounded=False, vel=(-0.748,-3.565,0.147), horiz_speed=0.762, pos=(-21.689,2.064,0.416))
[movedbg #502] pre(grounded=False, jumping=False, normal=(0.000,1.000,0.000), vel=(-0.748,-3.565,0.147)) probe(trace_dist=0.0508, hit=False, normal_y=None, fraction=None) post(grounded=False, vel=(-0.748,-3.646,0.147), horiz_speed=0.762, pos=(-21.696,2.034,0.417))
[movedbg #503] pre(grounded=False, jumping=False, normal=(0.000,1.000,0.000), vel=(-0.748,-3.646,0.147)) probe(trace_dist=0.0508, hit=False, normal_y=None, fraction=None) post(grounded=False, vel=(-0.748,-3.728,0.147), horiz_speed=0.762, pos=(-21.702,2.003,0.418))
[movedbg #504] pre(grounded=False, jumping=False, normal=(0.000,1.000,0.000), vel=(-0.748,-3.728,0.147)) probe(trace_dist=0.0508, hit=False, normal_y=None, fraction=None) post(grounded=False, vel=(-0.748,-3.810,0.147), horiz_speed=0.762, pos=(-21.708,1.971,0.419))
[movedbg #505] pre(grounded=False, jumping=False, normal=(0.000,1.000,0.000), vel=(-0.748,-3.810,0.147)) probe(trace_dist=0.0508, hit=False, normal_y=None, fraction=None) post(grounded=False, vel=(-0.748,-3.892,0.147), horiz_speed=0.762, pos=(-21.714,1.938,0.421))
[movedbg #506] pre(grounded=False, jumping=False, normal=(0.000,1.000,0.000), vel=(-0.748,-3.892,0.147)) probe(trace_dist=0.0508, hit=False, normal_y=None, fraction=None) post(grounded=False, vel=(-0.748,-3.973,0.147), horiz_speed=0.762, pos=(-21.721,1.905,0.422))
[movedbg #507] pre(grounded=False, jumping=False, normal=(0.000,1.000,0.000), vel=(-0.748,-3.973,0.147)) probe(trace_dist=0.0508, hit=False, normal_y=None, fraction=None) post(grounded=False, vel=(-0.748,-4.055,0.147), horiz_speed=0.762, pos=(-21.727,1.872,0.423))
[movedbg #508] pre(grounded=False, jumping=False, normal=(0.000,1.000,0.000), vel=(-0.748,-4.055,0.147)) probe(trace_dist=0.0508, hit=False, normal_y=None, fraction=None) post(grounded=False, vel=(-0.748,-4.137,0.147), horiz_speed=0.762, pos=(-21.733,1.837,0.424))
[movedbg #509] pre(grounded=False, jumping=False, normal=(0.000,1.000,0.000), vel=(-0.748,-4.137,0.147)) probe(trace_dist=0.0508, hit=False, normal_y=None, fraction=None) post(grounded=False, vel=(-0.748,-4.219,0.147), horiz_speed=0.762, pos=(-21.739,1.802,0.425))
[movedbg #510] pre(grounded=False, jumping=False, normal=(0.000,1.000,0.000), vel=(-0.748,-4.219,0.147)) probe(trace_dist=0.0508, hit=False, normal_y=None, fraction=None) post(grounded=False, vel=(-0.748,-4.300,0.147), horiz_speed=0.762, pos=(-21.745,1.766,0.427))
[movedbg #511] pre(grounded=False, jumping=False, normal=(0.000,1.000,0.000), vel=(-0.748,-4.300,0.147)) probe(trace_dist=0.0508, hit=False, normal_y=None, fraction=None) post(grounded=False, vel=(-0.748,-4.382,0.147), horiz_speed=0.762, pos=(-21.752,1.730,0.428))
[movedbg #512] pre(grounded=False, jumping=False, normal=(0.000,1.000,0.000), vel=(-0.748,-4.382,0.147)) probe(trace_dist=0.0508, hit=False, normal_y=None, fraction=None) post(grounded=False, vel=(-0.748,-4.464,0.147), horiz_speed=0.762, pos=(-21.758,1.692,0.429))
[movedbg #513] pre(grounded=False, jumping=False, normal=(0.000,1.000,0.000), vel=(-0.748,-4.464,0.147)) probe(trace_dist=0.0508, hit=False, normal_y=None, fraction=None) post(grounded=False, vel=(-0.748,-4.546,0.147), horiz_speed=0.762, pos=(-21.764,1.655,0.430))
[movedbg #514] pre(grounded=False, jumping=False, normal=(0.000,1.000,0.000), vel=(-0.748,-4.546,0.147)) probe(trace_dist=0.0508, hit=False, normal_y=None, fraction=None) post(grounded=False, vel=(-0.748,-4.627,0.147), horiz_speed=0.762, pos=(-21.770,1.616,0.432))
[movedbg #515] pre(grounded=False, jumping=False, normal=(0.000,1.000,0.000), vel=(-0.748,-4.627,0.147)) probe(trace_dist=0.0508, hit=False, normal_y=None, fraction=None) post(grounded=False, vel=(-0.748,-4.709,0.147), horiz_speed=0.762, pos=(-21.777,1.577,0.433))
[movedbg #516] pre(grounded=False, jumping=False, normal=(0.000,1.000,0.000), vel=(-0.748,-4.709,0.147)) probe(trace_dist=0.0508, hit=False, normal_y=None, fraction=None) post(grounded=False, vel=(-0.748,-4.791,0.147), horiz_speed=0.762, pos=(-21.783,1.537,0.434))
[movedbg #517] pre(grounded=False, jumping=False, normal=(0.000,1.000,0.000), vel=(-0.748,-4.791,0.147)) probe(trace_dist=0.0508, hit=False, normal_y=None, fraction=None) post(grounded=False, vel=(-0.748,-4.873,0.147), horiz_speed=0.762, pos=(-21.789,1.496,0.435))
[movedbg #518] pre(grounded=False, jumping=False, normal=(0.000,1.000,0.000), vel=(-0.748,-4.873,0.147)) probe(trace_dist=0.0508, hit=False, normal_y=None, fraction=None) post(grounded=False, vel=(-0.748,-4.954,0.147), horiz_speed=0.762, pos=(-21.795,1.455,0.436))
[movedbg #519] pre(grounded=False, jumping=False, normal=(0.000,1.000,0.000), vel=(-0.748,-4.954,0.147)) probe(trace_dist=0.0508, hit=False, normal_y=None, fraction=None) post(grounded=False, vel=(-0.748,-5.036,0.147), horiz_speed=0.762, pos=(-21.802,1.413,0.438))
[movedbg #520] pre(grounded=False, jumping=False, normal=(0.000,1.000,0.000), vel=(-0.748,-5.036,0.147)) probe(trace_dist=0.0508, hit=False, normal_y=None, fraction=None) post(grounded=False, vel=(-0.748,-5.118,0.147), horiz_speed=0.762, pos=(-21.808,1.370,0.439))
[movedbg #521] pre(grounded=False, jumping=False, normal=(0.000,1.000,0.000), vel=(-0.748,-5.118,0.147)) probe(trace_dist=0.0508, hit=False, normal_y=None, fraction=None) post(grounded=False, vel=(-0.748,-5.200,0.147), horiz_speed=0.762, pos=(-21.814,1.327,0.440))
[movedbg #522] pre(grounded=False, jumping=False, normal=(0.000,1.000,0.000), vel=(-0.748,-5.200,0.147)) probe(trace_dist=0.0508, hit=False, normal_y=None, fraction=None) post(grounded=False, vel=(-0.748,-5.281,0.147), horiz_speed=0.762, pos=(-21.820,1.283,0.441))
[movedbg #523] pre(grounded=False, jumping=False, normal=(0.000,1.000,0.000), vel=(-0.748,-5.281,0.147)) probe(trace_dist=0.0508, hit=False, normal_y=None, fraction=None) post(grounded=False, vel=(-0.748,-5.363,0.147), horiz_speed=0.762, pos=(-21.827,1.238,0.443))
[movedbg #524] pre(grounded=False, jumping=False, normal=(0.000,1.000,0.000), vel=(-0.748,-5.363,0.147)) probe(trace_dist=0.0508, hit=False, normal_y=None, fraction=None) post(grounded=False, vel=(-0.748,-5.445,0.147), horiz_speed=0.762, pos=(-21.833,1.193,0.444))
[movedbg #525] pre(grounded=False, jumping=False, normal=(0.000,1.000,0.000), vel=(-0.748,-5.445,0.147)) probe(trace_dist=0.0508, hit=False, normal_y=None, fraction=None) post(grounded=False, vel=(-0.748,-5.527,0.147), horiz_speed=0.762, pos=(-21.839,1.147,0.445))
[movedbg #526] pre(grounded=False, jumping=False, normal=(0.000,1.000,0.000), vel=(-0.748,-5.527,0.147)) probe(trace_dist=0.0508, hit=False, normal_y=None, fraction=None) post(grounded=False, vel=(-0.748,-5.608,0.147), horiz_speed=0.762, pos=(-21.845,1.100,0.446))
[movedbg #527] pre(grounded=False, jumping=False, normal=(0.000,1.000,0.000), vel=(-0.748,-5.608,0.147)) probe(trace_dist=0.0508, hit=False, normal_y=None, fraction=None) post(grounded=False, vel=(-0.748,-5.690,0.147), horiz_speed=0.762, pos=(-21.851,1.053,0.447))
[movedbg #528] pre(grounded=False, jumping=False, normal=(0.000,1.000,0.000), vel=(-0.748,-5.690,0.147)) probe(trace_dist=0.0508, hit=False, normal_y=None, fraction=None) post(grounded=False, vel=(-0.748,-5.772,0.147), horiz_speed=0.762, pos=(-21.858,1.005,0.449))
[movedbg #529] pre(grounded=False, jumping=False, normal=(0.000,1.000,0.000), vel=(-0.748,-5.772,0.147)) probe(trace_dist=0.0508, hit=False, normal_y=None, fraction=None) post(grounded=False, vel=(-0.748,-5.854,0.147), horiz_speed=0.762, pos=(-21.864,0.956,0.450))
[movedbg #530] pre(grounded=False, jumping=False, normal=(0.000,1.000,0.000), vel=(-0.748,-5.854,0.147)) probe(trace_dist=0.0508, hit=False, normal_y=None, fraction=None) post(grounded=False, vel=(-0.748,-5.935,0.147), horiz_speed=0.762, pos=(-21.870,0.906,0.451))
[movedbg #531] pre(grounded=False, jumping=False, normal=(0.000,1.000,0.000), vel=(-0.748,-5.935,0.147)) probe(trace_dist=0.0508, hit=False, normal_y=None, fraction=None) post(grounded=False, vel=(-0.748,-6.017,0.147), horiz_speed=0.762, pos=(-21.876,0.856,0.452))
[movedbg #532] pre(grounded=False, jumping=False, normal=(0.000,1.000,0.000), vel=(-0.748,-6.017,0.147)) probe(trace_dist=0.0508, hit=False, normal_y=None, fraction=None) post(grounded=False, vel=(-0.748,-6.099,0.147), horiz_speed=0.762, pos=(-21.883,0.805,0.454))
[movedbg #533] pre(grounded=False, jumping=False, normal=(0.000,1.000,0.000), vel=(-0.748,-6.099,0.147)) probe(trace_dist=0.0508, hit=False, normal_y=None, fraction=None) post(grounded=False, vel=(-0.748,-6.181,0.147), horiz_speed=0.762, pos=(-21.889,0.754,0.455))
[movedbg #534] pre(grounded=False, jumping=False, normal=(0.000,1.000,0.000), vel=(-0.748,-6.181,0.147)) probe(trace_dist=0.0515, hit=False, normal_y=None, fraction=None) post(grounded=False, vel=(-0.748,-6.262,0.147), horiz_speed=0.762, pos=(-21.895,0.702,0.456))
[movedbg #535] pre(grounded=False, jumping=False, normal=(0.000,1.000,0.000), vel=(-0.748,-6.262,0.147)) probe(trace_dist=0.0522, hit=False, normal_y=None, fraction=None) post(grounded=True, vel=(-0.646,0.000,0.147), horiz_speed=0.662, pos=(-21.901,0.684,0.457))
[movedbg #536] pre(grounded=False, jumping=False, normal=(0.000,1.000,0.000), vel=(-0.646,0.000,0.147)) probe(trace_dist=0.0508, hit=False, normal_y=None, fraction=None) post(grounded=False, vel=(-0.646,-0.082,0.147), horiz_speed=0.662, pos=(-21.906,0.684,0.458))
[movedbg #537] pre(grounded=False, jumping=False, normal=(0.000,1.000,0.000), vel=(-0.646,-0.082,0.147)) probe(trace_dist=0.0508, hit=False, normal_y=None, fraction=None) post(grounded=False, vel=(-0.646,-0.164,0.147), horiz_speed=0.662, pos=(-21.912,0.682,0.460))
[movedbg #538] pre(grounded=False, jumping=False, normal=(0.000,1.000,0.000), vel=(-0.646,-0.164,0.147)) probe(trace_dist=0.0508, hit=False, normal_y=None, fraction=None) post(grounded=False, vel=(-0.646,-0.245,0.147), horiz_speed=0.662, pos=(-21.917,0.680,0.461))
[movedbg #539] pre(grounded=False, jumping=False, normal=(0.000,1.000,0.000), vel=(-0.646,-0.245,0.147)) probe(trace_dist=0.0508, hit=False, normal_y=None, fraction=None) post(grounded=False, vel=(-0.646,-0.327,0.147), horiz_speed=0.662, pos=(-21.923,0.678,0.462))
[movedbg #540] pre(grounded=False, jumping=False, normal=(0.000,1.000,0.000), vel=(-0.646,-0.327,0.147)) probe(trace_dist=0.0508, hit=False, normal_y=None, fraction=None) post(grounded=False, vel=(-0.646,-0.409,0.147), horiz_speed=0.662, pos=(-21.928,0.674,0.463))
[movedbg #541] pre(grounded=False, jumping=False, normal=(0.000,1.000,0.000), vel=(-0.646,-0.409,0.147)) probe(trace_dist=0.0508, hit=False, normal_y=None, fraction=None) post(grounded=True, vel=(-0.558,0.000,0.147), horiz_speed=0.577, pos=(-21.934,0.672,0.465))
[movedbg #542] pre(grounded=False, jumping=False, normal=(0.000,1.000,0.000), vel=(-0.558,0.000,0.147)) probe(trace_dist=0.0508, hit=False, normal_y=None, fraction=None) post(grounded=False, vel=(-0.558,-0.082,0.147), horiz_speed=0.577, pos=(-21.938,0.671,0.466))
[movedbg #543] pre(grounded=False, jumping=False, normal=(0.000,1.000,0.000), vel=(-0.558,-0.082,0.147)) probe(trace_dist=0.0508, hit=False, normal_y=None, fraction=None) post(grounded=False, vel=(-0.558,-0.164,0.147), horiz_speed=0.577, pos=(-21.943,0.670,0.467))
[movedbg #544] pre(grounded=False, jumping=False, normal=(0.000,1.000,0.000), vel=(-0.558,-0.164,0.147)) probe(trace_dist=0.0508, hit=False, normal_y=None, fraction=None) post(grounded=False, vel=(-0.558,-0.245,0.147), horiz_speed=0.577, pos=(-21.948,0.667,0.468))
[movedbg #545] pre(grounded=False, jumping=False, normal=(0.000,1.000,0.000), vel=(-0.558,-0.245,0.147)) probe(trace_dist=0.0508, hit=False, normal_y=None, fraction=None) post(grounded=False, vel=(-0.558,-0.327,0.147), horiz_speed=0.577, pos=(-21.952,0.665,0.469))
[movedbg #546] pre(grounded=False, jumping=False, normal=(0.000,1.000,0.000), vel=(-0.558,-0.327,0.147)) probe(trace_dist=0.0508, hit=False, normal_y=None, fraction=None) post(grounded=False, vel=(-0.558,-0.409,0.147), horiz_speed=0.577, pos=(-21.957,0.661,0.471))
[movedbg #547] pre(grounded=False, jumping=False, normal=(0.000,1.000,0.000), vel=(-0.558,-0.409,0.147)) probe(trace_dist=0.0508, hit=False, normal_y=None, fraction=None) post(grounded=True, vel=(-0.482,0.000,0.147), horiz_speed=0.504, pos=(-21.961,0.661,0.472))
[movedbg #548] pre(grounded=False, jumping=False, normal=(0.000,1.000,0.000), vel=(-0.482,0.000,0.147)) probe(trace_dist=0.0508, hit=False, normal_y=None, fraction=None) post(grounded=False, vel=(-0.482,-0.082,0.147), horiz_speed=0.504, pos=(-21.965,0.660,0.473))
[movedbg #549] pre(grounded=False, jumping=False, normal=(0.000,1.000,0.000), vel=(-0.482,-0.082,0.147)) probe(trace_dist=0.0508, hit=False, normal_y=None, fraction=None) post(grounded=False, vel=(-0.482,-0.164,0.147), horiz_speed=0.504, pos=(-21.969,0.659,0.474))
[movedbg #550] pre(grounded=False, jumping=False, normal=(0.000,1.000,0.000), vel=(-0.482,-0.164,0.147)) probe(trace_dist=0.0508, hit=False, normal_y=None, fraction=None) post(grounded=False, vel=(-0.482,-0.245,0.147), horiz_speed=0.504, pos=(-21.973,0.657,0.476))
[movedbg #551] pre(grounded=False, jumping=False, normal=(0.000,1.000,0.000), vel=(-0.482,-0.245,0.147)) probe(trace_dist=0.0508, hit=False, normal_y=None, fraction=None) post(grounded=False, vel=(-0.482,-0.327,0.147), horiz_speed=0.504, pos=(-21.977,0.654,0.477))
[movedbg #552] pre(grounded=False, jumping=False, normal=(0.000,1.000,0.000), vel=(-0.482,-0.327,0.147)) probe(trace_dist=0.0508, hit=False, normal_y=None, fraction=None) post(grounded=True, vel=(-0.416,0.000,0.147), horiz_speed=0.441, pos=(-21.981,0.653,0.478))
[movedbg #553] pre(grounded=False, jumping=False, normal=(0.000,1.000,0.000), vel=(-0.416,0.000,0.147)) probe(trace_dist=0.0508, hit=False, normal_y=None, fraction=None) post(grounded=False, vel=(-0.416,-0.082,0.147), horiz_speed=0.441, pos=(-21.985,0.653,0.479))
[movedbg #554] pre(grounded=False, jumping=False, normal=(0.000,1.000,0.000), vel=(-0.416,-0.082,0.147)) probe(trace_dist=0.0508, hit=False, normal_y=None, fraction=None) post(grounded=False, vel=(-0.416,-0.164,0.147), horiz_speed=0.441, pos=(-21.988,0.651,0.480))
[movedbg #555] pre(grounded=False, jumping=False, normal=(0.000,1.000,0.000), vel=(-0.416,-0.164,0.147)) probe(trace_dist=0.0508, hit=False, normal_y=None, fraction=None) post(grounded=False, vel=(-0.416,-0.245,0.147), horiz_speed=0.441, pos=(-21.992,0.649,0.482))
[movedbg #556] pre(grounded=False, jumping=False, normal=(0.000,1.000,0.000), vel=(-0.416,-0.245,0.147)) probe(trace_dist=0.0508, hit=False, normal_y=None, fraction=None) post(grounded=False, vel=(-0.416,-0.327,0.147), horiz_speed=0.441, pos=(-21.995,0.647,0.483))
[movedbg #557] pre(grounded=False, jumping=False, normal=(0.000,1.000,0.000), vel=(-0.416,-0.327,0.147)) probe(trace_dist=0.0508, hit=False, normal_y=None, fraction=None) post(grounded=True, vel=(-0.359,0.000,0.147), horiz_speed=0.388, pos=(-21.998,0.646,0.484))
[movedbg #558] pre(grounded=False, jumping=False, normal=(0.000,1.000,0.000), vel=(-0.359,0.000,0.147)) probe(trace_dist=0.0508, hit=False, normal_y=None, fraction=None) post(grounded=False, vel=(-0.359,-0.082,0.147), horiz_speed=0.388, pos=(-22.001,0.646,0.485))
[movedbg #559] pre(grounded=False, jumping=False, normal=(0.000,1.000,0.000), vel=(-0.359,-0.082,0.147)) probe(trace_dist=0.0508, hit=False, normal_y=None, fraction=None) post(grounded=False, vel=(-0.359,-0.164,0.147), horiz_speed=0.388, pos=(-22.004,0.644,0.487))
[movedbg #560] pre(grounded=False, jumping=False, normal=(0.000,1.000,0.000), vel=(-0.359,-0.164,0.147)) probe(trace_dist=0.0508, hit=False, normal_y=None, fraction=None) post(grounded=False, vel=(-0.359,-0.245,0.147), horiz_speed=0.388, pos=(-22.007,0.642,0.488))
[movedbg #561] pre(grounded=False, jumping=False, normal=(0.000,1.000,0.000), vel=(-0.359,-0.245,0.147)) probe(trace_dist=0.0508, hit=False, normal_y=None, fraction=None) post(grounded=True, vel=(-0.310,0.000,0.147), horiz_speed=0.343, pos=(-22.010,0.642,0.489))
[movedbg #562] pre(grounded=False, jumping=False, normal=(0.000,1.000,0.000), vel=(-0.310,0.000,0.147)) probe(trace_dist=0.0508, hit=False, normal_y=None, fraction=None) post(grounded=False, vel=(-0.310,-0.082,0.147), horiz_speed=0.343, pos=(-22.013,0.641,0.490))
[movedbg #563] pre(grounded=False, jumping=False, normal=(0.000,1.000,0.000), vel=(-0.310,-0.082,0.147)) probe(trace_dist=0.0508, hit=False, normal_y=None, fraction=None) post(grounded=False, vel=(-0.310,-0.164,0.147), horiz_speed=0.343, pos=(-22.016,0.640,0.491))
[movedbg #564] pre(grounded=False, jumping=False, normal=(0.000,1.000,0.000), vel=(-0.310,-0.164,0.147)) probe(trace_dist=0.0508, hit=False, normal_y=None, fraction=None) post(grounded=False, vel=(-0.310,-0.245,0.147), horiz_speed=0.343, pos=(-22.018,0.638,0.493))
[movedbg #565] pre(grounded=False, jumping=False, normal=(0.000,1.000,0.000), vel=(-0.310,-0.245,0.147)) probe(trace_dist=0.0508, hit=False, normal_y=None, fraction=None) post(grounded=True, vel=(-0.268,0.000,0.147), horiz_speed=0.306, pos=(-22.021,0.637,0.494))
[movedbg #566] pre(grounded=False, jumping=False, normal=(0.000,1.000,0.000), vel=(-0.268,0.000,0.147)) probe(trace_dist=0.0508, hit=False, normal_y=None, fraction=None) post(grounded=False, vel=(-0.268,-0.082,0.147), horiz_speed=0.306, pos=(-22.023,0.636,0.495))
[movedbg #567] pre(grounded=False, jumping=False, normal=(0.000,1.000,0.000), vel=(-0.268,-0.082,0.147)) probe(trace_dist=0.0508, hit=False, normal_y=None, fraction=None) post(grounded=False, vel=(-0.268,-0.164,0.147), horiz_speed=0.306, pos=(-22.025,0.635,0.496))
[movedbg #568] pre(grounded=False, jumping=False, normal=(0.000,1.000,0.000), vel=(-0.268,-0.164,0.147)) probe(trace_dist=0.0508, hit=False, normal_y=None, fraction=None) post(grounded=True, vel=(-0.232,0.000,0.147), horiz_speed=0.274, pos=(-22.028,0.635,0.498))
[movedbg #569] pre(grounded=False, jumping=False, normal=(0.000,1.000,0.000), vel=(-0.232,0.000,0.147)) probe(trace_dist=0.0508, hit=False, normal_y=None, fraction=None) post(grounded=False, vel=(-0.232,-0.082,0.147), horiz_speed=0.274, pos=(-22.030,0.634,0.499))
[movedbg #570] pre(grounded=False, jumping=False, normal=(0.000,1.000,0.000), vel=(-0.232,-0.082,0.147)) probe(trace_dist=0.0508, hit=False, normal_y=None, fraction=None) post(grounded=False, vel=(-0.232,-0.164,0.147), horiz_speed=0.274, pos=(-22.032,0.633,0.500))
[movedbg #571] pre(grounded=False, jumping=False, normal=(0.000,1.000,0.000), vel=(-0.232,-0.164,0.147)) probe(trace_dist=0.0508, hit=False, normal_y=None, fraction=None) post(grounded=False, vel=(-0.232,-0.245,0.147), horiz_speed=0.274, pos=(-22.033,0.631,0.501))
[movedbg #572] pre(grounded=False, jumping=False, normal=(0.000,1.000,0.000), vel=(-0.232,-0.245,0.147)) probe(trace_dist=0.0508, hit=False, normal_y=None, fraction=None) post(grounded=True, vel=(-0.200,0.000,0.147), horiz_speed=0.248, pos=(-22.036,0.631,0.502))
[movedbg #573] pre(grounded=False, jumping=False, normal=(0.000,1.000,0.000), vel=(-0.200,0.000,0.147)) probe(trace_dist=0.0508, hit=False, normal_y=None, fraction=None) post(grounded=False, vel=(-0.200,-0.082,0.147), horiz_speed=0.248, pos=(-22.037,0.630,0.504))
[movedbg #574] pre(grounded=False, jumping=False, normal=(0.000,1.000,0.000), vel=(-0.200,-0.082,0.147)) probe(trace_dist=0.0508, hit=False, normal_y=None, fraction=None) post(grounded=False, vel=(-0.200,-0.164,0.147), horiz_speed=0.248, pos=(-22.039,0.629,0.505))
[movedbg #575] pre(grounded=False, jumping=False, normal=(0.000,1.000,0.000), vel=(-0.200,-0.164,0.147)) probe(trace_dist=0.0508, hit=False, normal_y=None, fraction=None) post(grounded=True, vel=(-0.173,0.000,0.147), horiz_speed=0.227, pos=(-22.041,0.629,0.506))
[movedbg #576] pre(grounded=False, jumping=False, normal=(0.000,1.000,0.000), vel=(-0.173,0.000,0.147)) probe(trace_dist=0.0508, hit=False, normal_y=None, fraction=None) post(grounded=False, vel=(-0.173,-0.082,0.147), horiz_speed=0.227, pos=(-22.042,0.629,0.507))
[movedbg #577] pre(grounded=False, jumping=False, normal=(0.000,1.000,0.000), vel=(-0.173,-0.082,0.147)) probe(trace_dist=0.0508, hit=False, normal_y=None, fraction=None) post(grounded=False, vel=(-0.173,-0.164,0.147), horiz_speed=0.227, pos=(-22.044,0.627,0.509))
[movedbg #578] pre(grounded=False, jumping=False, normal=(0.000,1.000,0.000), vel=(-0.173,-0.164,0.147)) probe(trace_dist=0.0508, hit=False, normal_y=None, fraction=None) post(grounded=True, vel=(-0.149,0.000,0.147), horiz_speed=0.209, pos=(-22.045,0.628,0.510))
[movedbg #579] pre(grounded=False, jumping=False, normal=(0.000,1.000,0.000), vel=(-0.149,0.000,0.147)) probe(trace_dist=0.0508, hit=False, normal_y=None, fraction=None) post(grounded=False, vel=(-0.149,-0.082,0.147), horiz_speed=0.209, pos=(-22.046,0.627,0.511))
[movedbg #580] pre(grounded=False, jumping=False, normal=(0.000,1.000,0.000), vel=(-0.149,-0.082,0.147)) probe(trace_dist=0.0508, hit=False, normal_y=None, fraction=None) post(grounded=False, vel=(-0.149,-0.164,0.147), horiz_speed=0.209, pos=(-22.048,0.626,0.512))
[movedbg #581] pre(grounded=False, jumping=False, normal=(0.000,1.000,0.000), vel=(-0.149,-0.164,0.147)) probe(trace_dist=0.0508, hit=False, normal_y=None, fraction=None) post(grounded=True, vel=(-0.129,0.000,0.147), horiz_speed=0.195, pos=(-22.049,0.626,0.513))
[movedbg #582] pre(grounded=False, jumping=False, normal=(0.000,1.000,0.000), vel=(-0.129,0.000,0.147)) probe(trace_dist=0.0508, hit=False, normal_y=None, fraction=None) post(grounded=False, vel=(-0.129,-0.082,0.147), horiz_speed=0.195, pos=(-22.050,0.626,0.515))
[movedbg #583] pre(grounded=False, jumping=False, normal=(0.000,1.000,0.000), vel=(-0.129,-0.082,0.147)) probe(trace_dist=0.0508, hit=False, normal_y=None, fraction=None) post(grounded=False, vel=(-0.129,-0.164,0.147), horiz_speed=0.195, pos=(-22.051,0.624,0.516))
[movedbg #584] pre(grounded=False, jumping=False, normal=(0.000,1.000,0.000), vel=(-0.129,-0.164,0.147)) probe(trace_dist=0.0508, hit=False, normal_y=None, fraction=None) post(grounded=True, vel=(-0.111,0.000,0.147), horiz_speed=0.184, pos=(-22.053,0.625,0.517))
[movedbg #585] pre(grounded=False, jumping=False, normal=(0.000,1.000,0.000), vel=(-0.111,0.000,0.147)) probe(trace_dist=0.0508, hit=False, normal_y=None, fraction=None) post(grounded=False, vel=(-0.111,-0.082,0.147), horiz_speed=0.184, pos=(-22.053,0.624,0.518))
[movedbg #586] pre(grounded=False, jumping=False, normal=(0.000,1.000,0.000), vel=(-0.111,-0.082,0.147)) probe(trace_dist=0.0508, hit=False, normal_y=None, fraction=None) post(grounded=False, vel=(-0.111,-0.164,0.147), horiz_speed=0.184, pos=(-22.054,0.623,0.520))
[movedbg #587] pre(grounded=False, jumping=False, normal=(0.000,1.000,0.000), vel=(-0.111,-0.164,0.147)) probe(trace_dist=0.0508, hit=False, normal_y=None, fraction=None) post(grounded=True, vel=(-0.096,0.000,0.147), horiz_speed=0.176, pos=(-22.056,0.623,0.521))
[movedbg #588] pre(grounded=False, jumping=False, normal=(0.000,1.000,0.000), vel=(-0.096,0.000,0.147)) probe(trace_dist=0.0508, hit=False, normal_y=None, fraction=None) post(grounded=False, vel=(-0.096,-0.082,0.147), horiz_speed=0.176, pos=(-22.056,0.623,0.522))
[movedbg #589] pre(grounded=False, jumping=False, normal=(0.000,1.000,0.000), vel=(-0.096,-0.082,0.147)) probe(trace_dist=0.0508, hit=False, normal_y=None, fraction=None) post(grounded=True, vel=(-0.083,0.000,0.147), horiz_speed=0.169, pos=(-22.057,0.623,0.523))
[movedbg #590] pre(grounded=False, jumping=False, normal=(0.000,1.000,0.000), vel=(-0.083,0.000,0.147)) probe(trace_dist=0.0508, hit=False, normal_y=None, fraction=None) post(grounded=False, vel=(-0.083,-0.082,0.147), horiz_speed=0.169, pos=(-22.058,0.623,0.525))
[movedbg #591] pre(grounded=False, jumping=False, normal=(0.000,1.000,0.000), vel=(-0.083,-0.082,0.147)) probe(trace_dist=0.0508, hit=False, normal_y=None, fraction=None) post(grounded=False, vel=(-0.083,-0.164,0.147), horiz_speed=0.169, pos=(-22.059,0.621,0.526))
[movedbg #592] pre(grounded=False, jumping=False, normal=(0.000,1.000,0.000), vel=(-0.083,-0.164,0.147)) probe(trace_dist=0.0508, hit=False, normal_y=None, fraction=None) post(grounded=True, vel=(-0.072,0.000,0.147), horiz_speed=0.163, pos=(-22.060,0.622,0.527))
[movedbg #593] pre(grounded=False, jumping=False, normal=(0.000,1.000,0.000), vel=(-0.072,0.000,0.147)) probe(trace_dist=0.0508, hit=False, normal_y=None, fraction=None) post(grounded=False, vel=(-0.072,-0.082,0.147), horiz_speed=0.163, pos=(-22.060,0.621,0.528))
[movedbg #594] pre(grounded=False, jumping=False, normal=(0.000,1.000,0.000), vel=(-0.072,-0.082,0.147)) probe(trace_dist=0.0508, hit=False, normal_y=None, fraction=None) post(grounded=False, vel=(-0.072,-0.164,0.147), horiz_speed=0.163, pos=(-22.061,0.620,0.529))
[movedbg #595] pre(grounded=False, jumping=False, normal=(0.000,1.000,0.000), vel=(-0.072,-0.164,0.147)) probe(trace_dist=0.0508, hit=False, normal_y=None, fraction=None) post(grounded=True, vel=(-0.062,0.000,0.147), horiz_speed=0.159, pos=(-22.062,0.621,0.531))
[movedbg #596] pre(grounded=False, jumping=False, normal=(0.000,1.000,0.000), vel=(-0.062,0.000,0.147)) probe(trace_dist=0.0508, hit=False, normal_y=None, fraction=None) post(grounded=False, vel=(-0.062,-0.082,0.147), horiz_speed=0.159, pos=(-22.062,0.620,0.532))
[movedbg #597] pre(grounded=False, jumping=False, normal=(0.000,1.000,0.000), vel=(-0.062,-0.082,0.147)) probe(trace_dist=0.0508, hit=False, normal_y=None, fraction=None) post(grounded=True, vel=(-0.054,0.000,0.147), horiz_speed=0.156, pos=(-22.063,0.621,0.533))
[movedbg #598] pre(grounded=False, jumping=False, normal=(0.000,1.000,0.000), vel=(-0.054,0.000,0.147)) probe(trace_dist=0.0508, hit=False, normal_y=None, fraction=None) post(grounded=False, vel=(-0.054,-0.082,0.147), horiz_speed=0.156, pos=(-22.064,0.620,0.534))
[movedbg #599] pre(grounded=False, jumping=False, normal=(0.000,1.000,0.000), vel=(-0.054,-0.082,0.147)) probe(trace_dist=0.0508, hit=False, normal_y=None, fraction=None) post(grounded=False, vel=(-0.054,-0.164,0.147), horiz_speed=0.156, pos=(-22.064,0.619,0.536))
[movedbg #600] pre(grounded=False, jumping=False, normal=(0.000,1.000,0.000), vel=(-0.054,-0.164,0.147)) probe(trace_dist=0.0508, hit=False, normal_y=None, fraction=None) post(grounded=True, vel=(-0.046,0.000,0.147), horiz_speed=0.154, pos=(-22.065,0.620,0.537))
[movedbg #601] pre(grounded=False, jumping=False, normal=(0.000,1.000,0.000), vel=(-0.046,0.000,0.147)) probe(trace_dist=0.0508, hit=False, normal_y=None, fraction=None) post(grounded=False, vel=(-0.046,-0.082,0.147), horiz_speed=0.154, pos=(-22.065,0.619,0.538))
[movedbg #602] pre(grounded=False, jumping=False, normal=(0.000,1.000,0.000), vel=(-0.046,-0.082,0.147)) probe(trace_dist=0.0508, hit=False, normal_y=None, fraction=None) post(grounded=True, vel=(-0.040,0.000,0.147), horiz_speed=0.152, pos=(-22.066,0.620,0.539))
[movedbg #603] pre(grounded=False, jumping=False, normal=(0.000,1.000,0.000), vel=(-0.040,0.000,0.147)) probe(trace_dist=0.0508, hit=False, normal_y=None, fraction=None) post(grounded=False, vel=(-0.040,-0.082,0.147), horiz_speed=0.152, pos=(-22.066,0.619,0.540))
[movedbg #604] pre(grounded=False, jumping=False, normal=(0.000,1.000,0.000), vel=(-0.040,-0.082,0.147)) probe(trace_dist=0.0508, hit=False, normal_y=None, fraction=None) post(grounded=True, vel=(-0.034,0.000,0.147), horiz_speed=0.151, pos=(-22.067,0.619,0.542))
[movedbg #605] pre(grounded=False, jumping=False, normal=(0.000,1.000,0.000), vel=(-0.034,0.000,0.147)) probe(trace_dist=0.0508, hit=False, normal_y=None, fraction=None) post(grounded=False, vel=(-0.034,-0.082,0.147), horiz_speed=0.151, pos=(-22.067,0.618,0.543))
[movedbg #606] pre(grounded=False, jumping=False, normal=(0.000,1.000,0.000), vel=(-0.034,-0.082,0.147)) probe(trace_dist=0.0508, hit=False, normal_y=None, fraction=None) post(grounded=True, vel=(-0.030,0.000,0.147), horiz_speed=0.150, pos=(-22.068,0.619,0.544))
[movedbg #607] pre(grounded=False, jumping=False, normal=(0.000,1.000,0.000), vel=(-0.030,0.000,0.147)) probe(trace_dist=0.0508, hit=False, normal_y=None, fraction=None) post(grounded=False, vel=(-0.030,-0.082,0.147), horiz_speed=0.150, pos=(-22.068,0.618,0.545))
[movedbg #608] pre(grounded=False, jumping=False, normal=(0.000,1.000,0.000), vel=(-0.030,-0.082,0.147)) probe(trace_dist=0.0508, hit=False, normal_y=None, fraction=None) post(grounded=True, vel=(-0.026,0.000,0.147), horiz_speed=0.149, pos=(-22.069,0.619,0.547))
[movedbg #609] pre(grounded=False, jumping=False, normal=(0.000,1.000,0.000), vel=(-0.026,0.000,0.147)) probe(trace_dist=0.0508, hit=False, normal_y=None, fraction=None) post(grounded=False, vel=(-0.026,-0.082,0.147), horiz_speed=0.149, pos=(-22.069,0.618,0.548))
[movedbg #610] pre(grounded=False, jumping=False, normal=(0.000,1.000,0.000), vel=(-0.026,-0.082,0.147)) probe(trace_dist=0.0508, hit=False, normal_y=None, fraction=None) post(grounded=False, vel=(-0.026,-0.164,0.147), horiz_speed=0.149, pos=(-22.069,0.617,0.549))
[movedbg #611] pre(grounded=False, jumping=False, normal=(0.000,1.000,0.000), vel=(-0.026,-0.164,0.147)) probe(trace_dist=0.0508, hit=False, normal_y=None, fraction=None) post(grounded=True, vel=(-0.022,0.000,0.147), horiz_speed=0.149, pos=(-22.070,0.618,0.550))
[movedbg #612] pre(grounded=False, jumping=False, normal=(0.000,1.000,0.000), vel=(-0.022,0.000,0.147)) probe(trace_dist=0.0508, hit=False, normal_y=None, fraction=None) post(grounded=False, vel=(-0.022,-0.082,0.147), horiz_speed=0.149, pos=(-22.070,0.617,0.551))
[movedbg #613] pre(grounded=False, jumping=False, normal=(0.000,1.000,0.000), vel=(-0.022,-0.082,0.147)) probe(trace_dist=0.0508, hit=False, normal_y=None, fraction=None) post(grounded=True, vel=(-0.019,0.000,0.147), horiz_speed=0.148, pos=(-22.070,0.618,0.553))
[movedbg #614] pre(grounded=False, jumping=False, normal=(0.000,1.000,0.000), vel=(-0.019,0.000,0.147)) probe(trace_dist=0.0508, hit=False, normal_y=None, fraction=None) post(grounded=False, vel=(-0.019,-0.082,0.147), horiz_speed=0.148, pos=(-22.071,0.617,0.554))
[movedbg #615] pre(grounded=False, jumping=False, normal=(0.000,1.000,0.000), vel=(-0.019,-0.082,0.147)) probe(trace_dist=0.0508, hit=False, normal_y=None, fraction=None) post(grounded=True, vel=(-0.017,0.000,0.147), horiz_speed=0.148, pos=(-22.071,0.617,0.555))
[movedbg #616] pre(grounded=False, jumping=False, normal=(0.000,1.000,0.000), vel=(-0.017,0.000,0.147)) probe(trace_dist=0.0508, hit=False, normal_y=None, fraction=None) post(grounded=True, vel=(-0.014,0.000,0.147), horiz_speed=0.148, pos=(-22.072,0.618,0.556))
[movedbg #617] pre(grounded=False, jumping=False, normal=(0.000,1.000,0.000), vel=(-0.014,0.000,0.147)) probe(trace_dist=0.0508, hit=False, normal_y=None, fraction=None) post(grounded=False, vel=(-0.014,-0.082,0.147), horiz_speed=0.148, pos=(-22.072,0.617,0.558))
[movedbg #618] pre(grounded=False, jumping=False, normal=(0.000,1.000,0.000), vel=(-0.014,-0.082,0.147)) probe(trace_dist=0.0508, hit=False, normal_y=None, fraction=None) post(grounded=False, vel=(-0.014,-0.164,0.147), horiz_speed=0.148, pos=(-22.072,0.616,0.559))
[movedbg #619] pre(grounded=False, jumping=False, normal=(0.000,1.000,0.000), vel=(-0.014,-0.164,0.147)) probe(trace_dist=0.0508, hit=False, normal_y=None, fraction=None) post(grounded=True, vel=(-0.012,0.000,0.147), horiz_speed=0.147, pos=(-22.072,0.617,0.560))
[movedbg #620] pre(grounded=False, jumping=False, normal=(0.000,1.000,0.000), vel=(-0.012,0.000,0.147)) probe(trace_dist=0.0508, hit=False, normal_y=None, fraction=None) post(grounded=False, vel=(-0.012,-0.082,0.147), horiz_speed=0.147, pos=(-22.072,0.616,0.561))
[movedbg #621] pre(grounded=False, jumping=False, normal=(0.000,1.000,0.000), vel=(-0.012,-0.082,0.147)) probe(trace_dist=0.0508, hit=False, normal_y=None, fraction=None) post(grounded=True, vel=(-0.011,0.000,0.147), horiz_speed=0.147, pos=(-22.073,0.617,0.562))
[movedbg #622] pre(grounded=False, jumping=False, normal=(0.000,1.000,0.000), vel=(-0.011,0.000,0.147)) probe(trace_dist=0.0508, hit=False, normal_y=None, fraction=None) post(grounded=False, vel=(-0.011,-0.082,0.147), horiz_speed=0.147, pos=(-22.073,0.616,0.564))
[movedbg #623] pre(grounded=False, jumping=False, normal=(0.000,1.000,0.000), vel=(-0.011,-0.082,0.147)) probe(trace_dist=0.0508, hit=False, normal_y=None, fraction=None) post(grounded=True, vel=(-0.009,0.000,0.147), horiz_speed=0.147, pos=(-22.073,0.617,0.565))
[movedbg #624] pre(grounded=False, jumping=False, normal=(0.000,1.000,0.000), vel=(-0.009,0.000,0.147)) probe(trace_dist=0.0508, hit=False, normal_y=None, fraction=None) post(grounded=False, vel=(-0.009,-0.082,0.147), horiz_speed=0.147, pos=(-22.073,0.616,0.566))
[movedbg #625] pre(grounded=False, jumping=False, normal=(0.000,1.000,0.000), vel=(-0.009,-0.082,0.147)) probe(trace_dist=0.0508, hit=False, normal_y=None, fraction=None) post(grounded=False, vel=(-0.009,-0.164,0.147), horiz_speed=0.147, pos=(-22.074,0.615,0.567))
[movedbg #626] pre(grounded=False, jumping=False, normal=(0.000,1.000,0.000), vel=(-0.009,-0.164,0.147)) probe(trace_dist=0.0508, hit=False, normal_y=None, fraction=None) post(grounded=True, vel=(-0.008,0.000,0.147), horiz_speed=0.147, pos=(-22.074,0.616,0.569))
[movedbg #627] pre(grounded=False, jumping=False, normal=(0.000,1.000,0.000), vel=(-0.008,0.000,0.147)) probe(trace_dist=0.0508, hit=False, normal_y=None, fraction=None) post(grounded=False, vel=(-0.008,-0.082,0.147), horiz_speed=0.147, pos=(-22.074,0.615,0.570))
[movedbg #628] pre(grounded=False, jumping=False, normal=(0.000,1.000,0.000), vel=(-0.008,-0.082,0.147)) probe(trace_dist=0.0508, hit=False, normal_y=None, fraction=None) post(grounded=True, vel=(-0.007,0.000,0.147), horiz_speed=0.147, pos=(-22.074,0.616,0.571))
[movedbg #629] pre(grounded=False, jumping=False, normal=(0.000,1.000,0.000), vel=(-0.007,0.000,0.147)) probe(trace_dist=0.0508, hit=False, normal_y=None, fraction=None) post(grounded=False, vel=(-0.007,-0.082,0.147), horiz_speed=0.147, pos=(-22.075,0.616,0.572))
[movedbg #630] pre(grounded=False, jumping=False, normal=(0.000,1.000,0.000), vel=(-0.007,-0.082,0.147)) probe(trace_dist=0.0508, hit=False, normal_y=None, fraction=None) post(grounded=True, vel=(-0.006,0.000,0.147), horiz_speed=0.147, pos=(-22.075,0.616,0.573))
[movedbg #631] pre(grounded=False, jumping=False, normal=(0.000,1.000,0.000), vel=(-0.006,0.000,0.147)) probe(trace_dist=0.0508, hit=False, normal_y=None, fraction=None) post(grounded=False, vel=(-0.006,-0.082,0.147), horiz_speed=0.147, pos=(-22.075,0.616,0.575))
[movedbg #632] pre(grounded=False, jumping=False, normal=(0.000,1.000,0.000), vel=(-0.006,-0.082,0.147)) probe(trace_dist=0.0508, hit=False, normal_y=None, fraction=None) post(grounded=False, vel=(-0.006,-0.164,0.147), horiz_speed=0.147, pos=(-22.075,0.614,0.576))
[movedbg #633] pre(grounded=False, jumping=False, normal=(0.000,1.000,0.000), vel=(-0.006,-0.164,0.147)) probe(trace_dist=0.0508, hit=False, normal_y=None, fraction=None) post(grounded=True, vel=(-0.005,0.000,0.147), horiz_speed=0.147, pos=(-22.075,0.615,0.577))
[movedbg #634] pre(grounded=False, jumping=False, normal=(0.000,1.000,0.000), vel=(-0.005,0.000,0.147)) probe(trace_dist=0.0508, hit=False, normal_y=None, fraction=None) post(grounded=False, vel=(-0.005,-0.082,0.147), horiz_speed=0.147, pos=(-22.076,0.615,0.578))
[movedbg #635] pre(grounded=False, jumping=False, normal=(0.000,1.000,0.000), vel=(-0.005,-0.082,0.147)) probe(trace_dist=0.0508, hit=False, normal_y=None, fraction=None) post(grounded=True, vel=(-0.004,0.000,0.147), horiz_speed=0.147, pos=(-22.076,0.616,0.580))
[movedbg #636] pre(grounded=False, jumping=False, normal=(0.000,1.000,0.000), vel=(-0.004,0.000,0.147)) probe(trace_dist=0.0508, hit=False, normal_y=None, fraction=None) post(grounded=False, vel=(-0.004,-0.082,0.147), horiz_speed=0.147, pos=(-22.076,0.615,0.581))
[movedbg #637] pre(grounded=False, jumping=False, normal=(0.000,1.000,0.000), vel=(-0.004,-0.082,0.147)) probe(trace_dist=0.0508, hit=False, normal_y=None, fraction=None) post(grounded=True, vel=(-0.004,0.000,0.147), horiz_speed=0.147, pos=(-22.076,0.616,0.582))
[movedbg #638] pre(grounded=False, jumping=False, normal=(0.000,1.000,0.000), vel=(-0.004,0.000,0.147)) probe(trace_dist=0.0508, hit=False, normal_y=None, fraction=None) post(grounded=False, vel=(-0.004,-0.082,0.147), horiz_speed=0.147, pos=(-22.076,0.615,0.583))
[movedbg #639] pre(grounded=False, jumping=False, normal=(0.000,1.000,0.000), vel=(-0.004,-0.082,0.147)) probe(trace_dist=0.0508, hit=False, normal_y=None, fraction=None) post(grounded=True, vel=(-0.003,0.000,0.147), horiz_speed=0.147, pos=(-22.077,0.615,0.584))
[movedbg #640] pre(grounded=False, jumping=False, normal=(0.000,1.000,0.000), vel=(-0.003,0.000,0.147)) probe(trace_dist=0.0508, hit=False, normal_y=None, fraction=None) post(grounded=True, vel=(-0.003,0.000,0.147), horiz_speed=0.147, pos=(-22.077,0.616,0.586))
[movedbg #641] pre(grounded=False, jumping=False, normal=(0.000,1.000,0.000), vel=(-0.003,0.000,0.147)) probe(trace_dist=0.0508, hit=False, normal_y=None, fraction=None) post(grounded=False, vel=(-0.003,-0.082,0.147), horiz_speed=0.147, pos=(-22.077,0.615,0.587))
[movedbg #642] pre(grounded=False, jumping=False, normal=(0.000,1.000,0.000), vel=(-0.003,-0.082,0.147)) probe(trace_dist=0.0508, hit=False, normal_y=None, fraction=None) post(grounded=False, vel=(-0.003,-0.164,0.147), horiz_speed=0.147, pos=(-22.077,0.614,0.588))
[movedbg #643] pre(grounded=False, jumping=False, normal=(0.000,1.000,0.000), vel=(-0.003,-0.164,0.147)) probe(trace_dist=0.0508, hit=False, normal_y=None, fraction=None) post(grounded=True, vel=(-0.002,0.000,0.147), horiz_speed=0.147, pos=(-22.078,0.614,0.589))
[movedbg #644] pre(grounded=False, jumping=False, normal=(0.000,1.000,0.000), vel=(-0.002,0.000,0.147)) probe(trace_dist=0.0508, hit=False, normal_y=None, fraction=None) post(grounded=False, vel=(-0.002,-0.082,0.147), horiz_speed=0.147, pos=(-22.078,0.614,0.591))
[movedbg #645] pre(grounded=False, jumping=False, normal=(0.000,1.000,0.000), vel=(-0.002,-0.082,0.147)) probe(trace_dist=0.0508, hit=False, normal_y=None, fraction=None) post(grounded=True, vel=(-0.002,0.000,0.147), horiz_speed=0.147, pos=(-22.078,0.615,0.592))
[movedbg #646] pre(grounded=False, jumping=False, normal=(0.000,1.000,0.000), vel=(-0.002,0.000,0.147)) probe(trace_dist=0.0508, hit=False, normal_y=None, fraction=None) post(grounded=False, vel=(-0.002,-0.082,0.147), horiz_speed=0.147, pos=(-22.078,0.614,0.593))
[movedbg #647] pre(grounded=False, jumping=False, normal=(0.000,1.000,0.000), vel=(-0.002,-0.082,0.147)) probe(trace_dist=0.0508, hit=False, normal_y=None, fraction=None) post(grounded=True, vel=(-0.002,0.000,0.147), horiz_speed=0.147, pos=(-22.078,0.615,0.594))
[movedbg #648] pre(grounded=False, jumping=False, normal=(0.000,1.000,0.000), vel=(-0.002,0.000,0.147)) probe(trace_dist=0.0508, hit=False, normal_y=None, fraction=None) post(grounded=False, vel=(-0.002,-0.082,0.147), horiz_speed=0.147, pos=(-22.078,0.614,0.595))
[movedbg #649] pre(grounded=False, jumping=False, normal=(0.000,1.000,0.000), vel=(-0.002,-0.082,0.147)) probe(trace_dist=0.0508, hit=False, normal_y=None, fraction=None) post(grounded=True, vel=(-0.002,0.000,0.147), horiz_speed=0.147, pos=(-22.079,0.614,0.597))
[movedbg #650] pre(grounded=False, jumping=False, normal=(0.000,1.000,0.000), vel=(-0.002,0.000,0.147)) probe(trace_dist=0.0508, hit=False, normal_y=None, fraction=None) post(grounded=False, vel=(-0.002,-0.082,0.147), horiz_speed=0.147, pos=(-22.079,0.613,0.598))
[movedbg #651] pre(grounded=False, jumping=False, normal=(0.000,1.000,0.000), vel=(-0.002,-0.082,0.147)) probe(trace_dist=0.0508, hit=False, normal_y=None, fraction=None) post(grounded=True, vel=(-0.041,0.000,-0.183), horiz_speed=0.188, pos=(-22.080,0.614,0.596))
[movedbg #652] pre(grounded=False, jumping=False, normal=(0.000,1.000,0.000), vel=(-0.041,0.000,-0.183)) probe(trace_dist=0.0508, hit=False, normal_y=None, fraction=None) post(grounded=False, vel=(-0.087,-0.082,-0.514), horiz_speed=0.521, pos=(-22.080,0.613,0.592))
[movedbg #653] pre(grounded=False, jumping=False, normal=(0.000,1.000,0.000), vel=(-0.087,-0.082,-0.514)) probe(trace_dist=0.0508, hit=False, normal_y=None, fraction=None) post(grounded=False, vel=(-0.120,-0.164,-0.753), horiz_speed=0.762, pos=(-22.081,0.612,0.586))
[movedbg #654] pre(grounded=False, jumping=False, normal=(0.000,1.000,0.000), vel=(-0.120,-0.164,-0.753)) probe(trace_dist=0.0508, hit=False, normal_y=None, fraction=None) post(grounded=True, vel=(-0.104,0.000,-0.753), horiz_speed=0.760, pos=(-22.083,0.613,0.580))
[movedbg #655] pre(grounded=False, jumping=False, normal=(0.000,1.000,0.000), vel=(-0.104,0.000,-0.753)) probe(trace_dist=0.0508, hit=False, normal_y=None, fraction=None) post(grounded=False, vel=(-0.104,-0.082,-0.755), horiz_speed=0.762, pos=(-22.083,0.612,0.573))
[movedbg #656] pre(grounded=False, jumping=False, normal=(0.000,1.000,0.000), vel=(-0.104,-0.082,-0.755)) probe(trace_dist=0.0508, hit=False, normal_y=None, fraction=None) post(grounded=True, vel=(-0.090,0.000,-0.755), horiz_speed=0.760, pos=(-22.084,0.612,0.567))
[movedbg #657] pre(grounded=False, jumping=False, normal=(0.000,1.000,0.000), vel=(-0.090,0.000,-0.755)) probe(trace_dist=0.0508, hit=False, normal_y=None, fraction=None) post(grounded=False, vel=(-0.090,-0.082,-0.757), horiz_speed=0.762, pos=(-22.085,0.612,0.561))
[movedbg #658] pre(grounded=False, jumping=False, normal=(0.000,1.000,0.000), vel=(-0.090,-0.082,-0.757)) probe(trace_dist=0.0508, hit=False, normal_y=None, fraction=None) post(grounded=False, vel=(-0.090,-0.164,-0.757), horiz_speed=0.762, pos=(-22.086,0.610,0.554))
[movedbg #659] pre(grounded=False, jumping=False, normal=(0.000,1.000,0.000), vel=(-0.090,-0.164,-0.757)) probe(trace_dist=0.0508, hit=False, normal_y=None, fraction=None) post(grounded=True, vel=(-0.078,0.000,-0.757), horiz_speed=0.761, pos=(-22.087,0.611,0.548))
[movedbg #660] pre(grounded=False, jumping=False, normal=(0.000,1.000,0.000), vel=(-0.078,0.000,-0.757)) probe(trace_dist=0.0508, hit=False, normal_y=None, fraction=None) post(grounded=False, vel=(-0.078,-0.082,-0.758), horiz_speed=0.762, pos=(-22.088,0.610,0.542))
[movedbg #661] pre(grounded=False, jumping=False, normal=(0.000,1.000,0.000), vel=(-0.078,-0.082,-0.758)) probe(trace_dist=0.0508, hit=False, normal_y=None, fraction=None) post(grounded=False, vel=(-0.078,-0.164,-0.758), horiz_speed=0.762, pos=(-22.088,0.609,0.535))
[movedbg #662] pre(grounded=False, jumping=False, normal=(0.000,1.000,0.000), vel=(-0.078,-0.164,-0.758)) probe(trace_dist=0.0508, hit=False, normal_y=None, fraction=None) post(grounded=True, vel=(-0.067,0.000,-0.758), horiz_speed=0.761, pos=(-22.089,0.610,0.529))
[movedbg #663] pre(grounded=False, jumping=False, normal=(0.000,1.000,0.000), vel=(-0.067,0.000,-0.758)) probe(trace_dist=0.0508, hit=False, normal_y=None, fraction=None) post(grounded=False, vel=(-0.068,-0.082,-0.760), horiz_speed=0.763, pos=(-22.090,0.609,0.523))
[movedbg #664] pre(grounded=False, jumping=False, normal=(0.000,1.000,0.000), vel=(-0.068,-0.082,-0.760)) probe(trace_dist=0.0508, hit=False, normal_y=None, fraction=None) post(grounded=True, vel=(-0.058,0.000,-0.760), horiz_speed=0.762, pos=(-22.091,0.610,0.516))
[movedbg #665] pre(grounded=False, jumping=False, normal=(0.000,1.000,0.000), vel=(-0.058,0.000,-0.760)) probe(trace_dist=0.0508, hit=False, normal_y=None, fraction=None) post(grounded=False, vel=(-0.059,-0.082,-0.761), horiz_speed=0.763, pos=(-22.091,0.609,0.510))
[movedbg #666] pre(grounded=False, jumping=False, normal=(0.000,1.000,0.000), vel=(-0.059,-0.082,-0.761)) probe(trace_dist=0.0508, hit=False, normal_y=None, fraction=None) post(grounded=False, vel=(-0.059,-0.164,-0.761), horiz_speed=0.763, pos=(-22.092,0.608,0.504))
[movedbg #667] pre(grounded=False, jumping=False, normal=(0.000,1.000,0.000), vel=(-0.059,-0.164,-0.761)) probe(trace_dist=0.0508, hit=False, normal_y=None, fraction=None) post(grounded=True, vel=(-0.051,0.000,-0.761), horiz_speed=0.763, pos=(-22.092,0.609,0.497))
[movedbg #668] pre(grounded=False, jumping=False, normal=(0.000,1.000,0.000), vel=(-0.051,0.000,-0.761)) probe(trace_dist=0.0508, hit=False, normal_y=None, fraction=None) post(grounded=False, vel=(-0.051,-0.082,-0.762), horiz_speed=0.764, pos=(-22.093,0.608,0.491))
[movedbg #669] pre(grounded=False, jumping=False, normal=(0.000,1.000,0.000), vel=(-0.051,-0.082,-0.762)) probe(trace_dist=0.0508, hit=False, normal_y=None, fraction=None) post(grounded=True, vel=(-0.044,0.000,-0.762), horiz_speed=0.764, pos=(-22.094,0.609,0.485))
[movedbg #670] pre(grounded=False, jumping=False, normal=(0.000,1.000,0.000), vel=(-0.044,0.000,-0.762)) probe(trace_dist=0.0508, hit=False, normal_y=None, fraction=None) post(grounded=False, vel=(-0.044,-0.082,-0.763), horiz_speed=0.764, pos=(-22.094,0.608,0.478))
[movedbg #671] pre(grounded=False, jumping=False, normal=(0.000,1.000,0.000), vel=(-0.044,-0.082,-0.763)) probe(trace_dist=0.0508, hit=False, normal_y=None, fraction=None) post(grounded=True, vel=(0.056,0.000,-0.907), horiz_speed=0.908, pos=(-22.094,0.608,0.471))
[movedbg #672] pre(grounded=False, jumping=False, normal=(0.000,1.000,0.000), vel=(0.056,0.000,-0.907)) probe(trace_dist=0.0508, hit=False, normal_y=None, fraction=None) post(grounded=False, vel=(0.059,-0.082,-0.911), horiz_speed=0.913, pos=(-22.093,0.607,0.463))
[movedbg #673] pre(grounded=False, jumping=False, normal=(0.000,1.000,0.000), vel=(0.059,-0.082,-0.911)) probe(trace_dist=0.0508, hit=False, normal_y=None, fraction=None) post(grounded=True, vel=(0.051,0.000,-0.911), horiz_speed=0.912, pos=(-22.093,0.608,0.456))
[movedbg #674] pre(grounded=False, jumping=False, normal=(0.000,1.000,0.000), vel=(0.051,0.000,-0.911)) probe(trace_dist=0.0508, hit=False, normal_y=None, fraction=None) post(grounded=False, vel=(0.054,-0.082,-0.915), horiz_speed=0.916, pos=(-22.093,0.608,0.448))
[movedbg #675] pre(grounded=False, jumping=False, normal=(0.000,1.000,0.000), vel=(0.054,-0.082,-0.915)) probe(trace_dist=0.0508, hit=False, normal_y=None, fraction=None) post(grounded=True, vel=(0.046,0.000,-0.915), horiz_speed=0.916, pos=(-22.093,0.609,0.440))
[movedbg #676] pre(grounded=False, jumping=False, normal=(0.000,1.000,0.000), vel=(0.046,0.000,-0.915)) probe(trace_dist=0.0508, hit=False, normal_y=None, fraction=None) post(grounded=False, vel=(0.049,-0.082,-0.918), horiz_speed=0.920, pos=(-22.092,0.608,0.433))
[movedbg #677] pre(grounded=False, jumping=False, normal=(0.000,1.000,0.000), vel=(0.049,-0.082,-0.918)) probe(trace_dist=0.0508, hit=False, normal_y=None, fraction=None) post(grounded=True, vel=(0.042,0.000,-0.918), horiz_speed=0.919, pos=(-22.092,0.609,0.425))
[movedbg #678] pre(grounded=False, jumping=False, normal=(0.000,1.000,0.000), vel=(0.042,0.000,-0.918)) probe(trace_dist=0.0508, hit=False, normal_y=None, fraction=None) post(grounded=False, vel=(0.045,-0.082,-0.921), horiz_speed=0.923, pos=(-22.092,0.608,0.417))
[movedbg #679] pre(grounded=False, jumping=False, normal=(0.000,1.000,0.000), vel=(0.045,-0.082,-0.921)) probe(trace_dist=0.0508, hit=False, normal_y=None, fraction=None) post(grounded=True, vel=(0.039,0.000,-0.921), horiz_speed=0.922, pos=(-22.092,0.610,0.410))
[movedbg #680] pre(grounded=False, jumping=False, normal=(0.000,1.000,0.000), vel=(0.039,0.000,-0.921)) probe(trace_dist=0.0508, hit=False, normal_y=None, fraction=None) post(grounded=False, vel=(0.041,-0.082,-0.924), horiz_speed=0.925, pos=(-22.092,0.609,0.402))
[movedbg #681] pre(grounded=False, jumping=False, normal=(0.000,1.000,0.000), vel=(0.041,-0.082,-0.924)) probe(trace_dist=0.0508, hit=False, normal_y=None, fraction=None) post(grounded=True, vel=(0.035,0.000,-0.924), horiz_speed=0.925, pos=(-22.092,0.609,0.394))
[movedbg #682] pre(grounded=False, jumping=False, normal=(0.000,1.000,0.000), vel=(0.035,0.000,-0.924)) probe(trace_dist=0.0508, hit=False, normal_y=None, fraction=None) post(grounded=False, vel=(0.037,-0.082,-0.927), horiz_speed=0.928, pos=(-22.091,0.608,0.387))
[movedbg #683] pre(grounded=False, jumping=False, normal=(0.000,1.000,0.000), vel=(0.037,-0.082,-0.927)) probe(trace_dist=0.0508, hit=False, normal_y=None, fraction=None) post(grounded=True, vel=(0.032,0.000,-0.927), horiz_speed=0.928, pos=(-22.092,0.609,0.379))
[movedbg #684] pre(grounded=False, jumping=False, normal=(0.000,1.000,0.000), vel=(0.032,0.000,-0.927)) probe(trace_dist=0.0508, hit=False, normal_y=None, fraction=None) post(grounded=False, vel=(0.034,-0.082,-0.930), horiz_speed=0.930, pos=(-22.091,0.608,0.371))
[movedbg #685] pre(grounded=False, jumping=False, normal=(0.000,1.000,0.000), vel=(0.034,-0.082,-0.930)) probe(trace_dist=0.0508, hit=False, normal_y=None, fraction=None) post(grounded=True, vel=(0.030,0.000,-0.930), horiz_speed=0.930, pos=(-22.091,0.609,0.363))
[movedbg #686] pre(grounded=False, jumping=False, normal=(0.000,1.000,0.000), vel=(0.030,0.000,-0.930)) probe(trace_dist=0.0508, hit=False, normal_y=None, fraction=None) post(grounded=True, vel=(0.311,0.000,-0.975), horiz_speed=1.024, pos=(-22.089,0.610,0.355))
[movedbg #687] pre(grounded=False, jumping=False, normal=(0.000,1.000,0.000), vel=(0.311,0.000,-0.975)) probe(trace_dist=0.0508, hit=False, normal_y=None, fraction=None) post(grounded=True, vel=(0.542,0.000,-1.019), horiz_speed=1.155, pos=(-22.084,0.612,0.347))
[movedbg #688] pre(grounded=False, jumping=False, normal=(0.000,1.000,0.000), vel=(0.542,0.000,-1.019)) probe(trace_dist=0.0508, hit=False, normal_y=None, fraction=None) post(grounded=True, vel=(0.541,0.000,-1.031), horiz_speed=1.164, pos=(-22.080,0.613,0.338))
[movedbg #689] pre(grounded=False, jumping=False, normal=(0.000,1.000,0.000), vel=(0.541,0.000,-1.031)) probe(trace_dist=0.0508, hit=False, normal_y=None, fraction=None) post(grounded=True, vel=(0.540,0.000,-1.043), horiz_speed=1.174, pos=(-22.076,0.615,0.329))
[movedbg #690] pre(grounded=False, jumping=False, normal=(0.000,1.000,0.000), vel=(0.540,0.000,-1.043)) probe(trace_dist=0.0508, hit=False, normal_y=None, fraction=None) post(grounded=True, vel=(0.538,0.000,-1.054), horiz_speed=1.184, pos=(-22.071,0.618,0.321))
[movedbg #691] pre(grounded=False, jumping=False, normal=(0.000,1.000,0.000), vel=(0.538,0.000,-1.054)) probe(trace_dist=0.0508, hit=False, normal_y=None, fraction=None) post(grounded=True, vel=(0.537,0.000,-1.066), horiz_speed=1.193, pos=(-22.067,0.619,0.312))
[movedbg #692] pre(grounded=False, jumping=False, normal=(0.000,1.000,0.000), vel=(0.537,0.000,-1.066)) probe(trace_dist=0.0508, hit=False, normal_y=None, fraction=None) post(grounded=True, vel=(0.535,0.000,-1.077), horiz_speed=1.203, pos=(-22.062,0.620,0.303))
[movedbg #693] pre(grounded=False, jumping=False, normal=(0.000,1.000,0.000), vel=(0.535,0.000,-1.077)) probe(trace_dist=0.0508, hit=False, normal_y=None, fraction=None) post(grounded=True, vel=(0.534,0.000,-1.089), horiz_speed=1.213, pos=(-22.058,0.622,0.294))
[movedbg #694] pre(grounded=False, jumping=False, normal=(0.000,1.000,0.000), vel=(0.534,0.000,-1.089)) probe(trace_dist=0.0508, hit=False, normal_y=None, fraction=None) post(grounded=True, vel=(0.000,0.000,0.000), horiz_speed=0.000, pos=(-22.057,0.624,0.290))
[movedbg #695] pre(grounded=False, jumping=False, normal=(0.000,1.000,0.000), vel=(0.000,0.000,0.000)) probe(trace_dist=0.0508, hit=False, normal_y=None, fraction=None) post(grounded=False, vel=(0.330,-0.082,-0.046), horiz_speed=0.333, pos=(-22.054,0.623,0.290))
[movedbg #696] pre(grounded=False, jumping=False, normal=(0.000,1.000,0.000), vel=(0.330,-0.082,-0.046)) probe(trace_dist=0.0508, hit=False, normal_y=None, fraction=None) post(grounded=True, vel=(0.570,0.000,-0.092), horiz_speed=0.578, pos=(-22.050,0.626,0.289))
[movedbg #697] pre(grounded=False, jumping=False, normal=(0.000,1.000,0.000), vel=(0.570,0.000,-0.092)) probe(trace_dist=0.0508, hit=False, normal_y=None, fraction=None) post(grounded=True, vel=(0.650,0.000,-0.117), horiz_speed=0.661, pos=(-22.044,0.628,0.288))
[movedbg #698] pre(grounded=False, jumping=False, normal=(0.000,1.000,0.000), vel=(0.650,0.000,-0.117)) probe(trace_dist=0.0508, hit=False, normal_y=None, fraction=None) post(grounded=True, vel=(0.649,0.000,-0.131), horiz_speed=0.662, pos=(-22.039,0.630,0.287))
[movedbg #699] pre(grounded=False, jumping=False, normal=(0.000,1.000,0.000), vel=(0.649,0.000,-0.131)) probe(trace_dist=0.0508, hit=False, normal_y=None, fraction=None) post(grounded=True, vel=(0.647,0.000,-0.145), horiz_speed=0.663, pos=(-22.034,0.632,0.286))
[movedbg #700] pre(grounded=False, jumping=False, normal=(0.000,1.000,0.000), vel=(0.647,0.000,-0.145)) probe(trace_dist=0.0508, hit=False, normal_y=None, fraction=None) post(grounded=True, vel=(0.645,0.000,-0.159), horiz_speed=0.665, pos=(-22.028,0.634,0.284))
[movedbg #701] pre(grounded=False, jumping=False, normal=(0.000,1.000,0.000), vel=(0.645,0.000,-0.159)) probe(trace_dist=0.0508, hit=False, normal_y=None, fraction=None) post(grounded=True, vel=(0.644,0.000,-0.173), horiz_speed=0.667, pos=(-22.023,0.636,0.283))
[movedbg #702] pre(grounded=False, jumping=False, normal=(0.000,1.000,0.000), vel=(0.644,0.000,-0.173)) probe(trace_dist=0.0508, hit=False, normal_y=None, fraction=None) post(grounded=True, vel=(0.642,0.000,-0.187), horiz_speed=0.669, pos=(-22.018,0.638,0.281))
[movedbg #703] pre(grounded=False, jumping=False, normal=(0.000,1.000,0.000), vel=(0.642,0.000,-0.187)) probe(trace_dist=0.0508, hit=False, normal_y=None, fraction=None) post(grounded=True, vel=(0.640,0.000,-0.200), horiz_speed=0.671, pos=(-22.012,0.640,0.280))
[movedbg #704] pre(grounded=False, jumping=False, normal=(0.000,1.000,0.000), vel=(0.640,0.000,-0.200)) probe(trace_dist=0.0508, hit=False, normal_y=None, fraction=None) post(grounded=True, vel=(0.639,0.000,-0.214), horiz_speed=0.674, pos=(-22.007,0.642,0.278))
[movedbg #705] pre(grounded=False, jumping=False, normal=(0.000,1.000,0.000), vel=(0.639,0.000,-0.214)) probe(trace_dist=0.0508, hit=False, normal_y=None, fraction=None) post(grounded=True, vel=(0.637,0.000,-0.228), horiz_speed=0.676, pos=(-22.002,0.644,0.276))
[movedbg #706] pre(grounded=False, jumping=False, normal=(0.000,1.000,0.000), vel=(0.637,0.000,-0.228)) probe(trace_dist=0.0508, hit=False, normal_y=None, fraction=None) post(grounded=True, vel=(0.635,0.000,-0.241), horiz_speed=0.680, pos=(-21.997,0.646,0.274))
[movedbg #707] pre(grounded=False, jumping=False, normal=(0.000,1.000,0.000), vel=(0.635,0.000,-0.241)) probe(trace_dist=0.0508, hit=False, normal_y=None, fraction=None) post(grounded=True, vel=(0.549,0.000,-0.241), horiz_speed=0.599, pos=(-21.992,0.648,0.272))
[movedbg #708] pre(grounded=False, jumping=False, normal=(0.000,1.000,0.000), vel=(0.549,0.000,-0.241)) probe(trace_dist=0.0508, hit=False, normal_y=None, fraction=None) post(grounded=True, vel=(0.513,0.000,0.089), horiz_speed=0.521, pos=(-21.988,0.650,0.273))
[movedbg #709] pre(grounded=False, jumping=False, normal=(0.000,1.000,0.000), vel=(0.513,0.000,0.089)) probe(trace_dist=0.0508, hit=False, normal_y=None, fraction=None) post(grounded=True, vel=(0.483,0.000,0.419), horiz_speed=0.639, pos=(-21.984,0.652,0.276))
[movedbg #710] pre(grounded=False, jumping=False, normal=(0.000,1.000,0.000), vel=(0.483,0.000,0.419)) probe(trace_dist=0.0508, hit=False, normal_y=None, fraction=None) post(grounded=True, vel=(0.451,0.000,0.697), horiz_speed=0.830, pos=(-21.981,0.653,0.282))
[movedbg #711] pre(grounded=False, jumping=False, normal=(0.000,1.000,0.000), vel=(0.451,0.000,0.697)) probe(trace_dist=0.0508, hit=False, normal_y=None, fraction=None) post(grounded=True, vel=(0.390,0.000,0.707), horiz_speed=0.807, pos=(-21.978,0.655,0.288))
[movedbg #712] pre(grounded=False, jumping=False, normal=(0.000,1.000,0.000), vel=(0.390,0.000,0.707)) probe(trace_dist=0.0508, hit=False, normal_y=None, fraction=None) post(grounded=False, vel=(0.391,-0.082,0.715), horiz_speed=0.815, pos=(-21.974,0.654,0.294))
[movedbg #713] pre(grounded=False, jumping=False, normal=(0.000,1.000,0.000), vel=(0.391,-0.082,0.715)) probe(trace_dist=0.0508, hit=False, normal_y=None, fraction=None) post(grounded=True, vel=(0.338,0.000,0.715), horiz_speed=0.791, pos=(-21.972,0.657,0.300))
[movedbg #714] pre(grounded=False, jumping=False, normal=(0.000,1.000,0.000), vel=(0.338,0.000,0.715)) probe(trace_dist=0.0508, hit=False, normal_y=None, fraction=None) post(grounded=True, vel=(0.293,0.000,0.722), horiz_speed=0.779, pos=(-21.970,0.657,0.306))
[movedbg #715] pre(grounded=False, jumping=False, normal=(0.000,1.000,0.000), vel=(0.293,0.000,0.722)) probe(trace_dist=0.0508, hit=False, normal_y=None, fraction=None) post(grounded=True, vel=(0.254,0.000,0.729), horiz_speed=0.771, pos=(-21.968,0.658,0.312))
[movedbg #716] pre(grounded=False, jumping=False, normal=(0.000,1.000,0.000), vel=(0.254,0.000,0.729)) probe(trace_dist=0.0508, hit=False, normal_y=None, fraction=None) post(grounded=False, vel=(0.053,-0.082,0.994), horiz_speed=0.996, pos=(-21.967,0.657,0.320))
[movedbg #717] pre(grounded=False, jumping=False, normal=(0.000,1.000,0.000), vel=(0.053,-0.082,0.994)) probe(trace_dist=0.0508, hit=False, normal_y=None, fraction=None) post(grounded=True, vel=(0.045,0.000,0.995), horiz_speed=0.996, pos=(-21.967,0.658,0.329))
[movedbg #718] pre(grounded=False, jumping=False, normal=(0.000,1.000,0.000), vel=(0.045,0.000,0.995)) probe(trace_dist=0.0508, hit=False, normal_y=None, fraction=None) post(grounded=False, vel=(0.045,-0.082,0.995), horiz_speed=0.996, pos=(-21.967,0.658,0.337))
[movedbg #719] pre(grounded=False, jumping=False, normal=(0.000,1.000,0.000), vel=(0.045,-0.082,0.995)) probe(trace_dist=0.0508, hit=False, normal_y=None, fraction=None) post(grounded=True, vel=(0.039,0.000,0.995), horiz_speed=0.996, pos=(-21.967,0.659,0.345))
[movedbg #720] pre(grounded=False, jumping=False, normal=(0.000,1.000,0.000), vel=(0.039,0.000,0.995)) probe(trace_dist=0.0508, hit=False, normal_y=None, fraction=None) post(grounded=False, vel=(0.039,-0.082,0.995), horiz_speed=0.996, pos=(-21.967,0.658,0.353))
[movedbg #721] pre(grounded=False, jumping=False, normal=(0.000,1.000,0.000), vel=(0.039,-0.082,0.995)) probe(trace_dist=0.0508, hit=False, normal_y=None, fraction=None) post(grounded=True, vel=(0.034,0.000,0.995), horiz_speed=0.995, pos=(-21.967,0.659,0.362))
[movedbg #722] pre(grounded=False, jumping=False, normal=(0.000,1.000,0.000), vel=(0.034,0.000,0.995)) probe(trace_dist=0.0508, hit=False, normal_y=None, fraction=None) post(grounded=False, vel=(0.034,-0.082,0.995), horiz_speed=0.995, pos=(-21.966,0.659,0.370))
[movedbg #723] pre(grounded=False, jumping=False, normal=(0.000,1.000,0.000), vel=(0.034,-0.082,0.995)) probe(trace_dist=0.0508, hit=False, normal_y=None, fraction=None) post(grounded=True, vel=(0.029,0.000,0.995), horiz_speed=0.995, pos=(-21.966,0.660,0.378))
[movedbg #724] pre(grounded=False, jumping=False, normal=(0.000,1.000,0.000), vel=(0.029,0.000,0.995)) probe(trace_dist=0.0508, hit=False, normal_y=None, fraction=None) post(grounded=False, vel=(0.029,-0.082,0.995), horiz_speed=0.995, pos=(-21.966,0.659,0.387))
[movedbg #725] pre(grounded=False, jumping=False, normal=(0.000,1.000,0.000), vel=(0.029,-0.082,0.995)) probe(trace_dist=0.0508, hit=False, normal_y=None, fraction=None) post(grounded=True, vel=(0.025,0.000,0.995), horiz_speed=0.995, pos=(-21.966,0.659,0.395))
[movedbg #726] pre(grounded=False, jumping=False, normal=(0.000,1.000,0.000), vel=(0.025,0.000,0.995)) probe(trace_dist=0.0508, hit=False, normal_y=None, fraction=None) post(grounded=False, vel=(0.025,-0.082,0.995), horiz_speed=0.995, pos=(-21.966,0.658,0.403))
[movedbg #727] pre(grounded=False, jumping=False, normal=(0.000,1.000,0.000), vel=(0.025,-0.082,0.995)) probe(trace_dist=0.0508, hit=False, normal_y=None, fraction=None) post(grounded=True, vel=(0.022,0.000,0.995), horiz_speed=0.995, pos=(-21.966,0.659,0.411))
[movedbg #728] pre(grounded=False, jumping=False, normal=(0.000,1.000,0.000), vel=(0.022,0.000,0.995)) probe(trace_dist=0.0508, hit=False, normal_y=None, fraction=None) post(grounded=False, vel=(0.022,-0.082,0.995), horiz_speed=0.995, pos=(-21.966,0.658,0.420))
[movedbg #729] pre(grounded=False, jumping=False, normal=(0.000,1.000,0.000), vel=(0.022,-0.082,0.995)) probe(trace_dist=0.0508, hit=False, normal_y=None, fraction=None) post(grounded=True, vel=(0.019,0.000,0.995), horiz_speed=0.995, pos=(-21.966,0.659,0.428))
[movedbg #730] pre(grounded=False, jumping=False, normal=(0.000,1.000,0.000), vel=(0.019,0.000,0.995)) probe(trace_dist=0.0508, hit=False, normal_y=None, fraction=None) post(grounded=False, vel=(0.019,-0.082,0.995), horiz_speed=0.995, pos=(-21.966,0.659,0.436))
[movedbg #731] pre(grounded=False, jumping=False, normal=(0.000,1.000,0.000), vel=(0.019,-0.082,0.995)) probe(trace_dist=0.0508, hit=False, normal_y=None, fraction=None) post(grounded=True, vel=(0.016,0.000,0.995), horiz_speed=0.995, pos=(-21.966,0.659,0.445))
[movedbg #732] pre(grounded=False, jumping=False, normal=(0.000,1.000,0.000), vel=(0.016,0.000,0.995)) probe(trace_dist=0.0508, hit=False, normal_y=None, fraction=None) post(grounded=False, vel=(0.016,-0.082,0.995), horiz_speed=0.995, pos=(-21.966,0.659,0.453))
[movedbg #733] pre(grounded=False, jumping=False, normal=(0.000,1.000,0.000), vel=(0.016,-0.082,0.995)) probe(trace_dist=0.0508, hit=False, normal_y=None, fraction=None) post(grounded=True, vel=(0.014,0.000,0.995), horiz_speed=0.995, pos=(-21.967,0.658,0.461))
[movedbg #734] pre(grounded=False, jumping=False, normal=(0.000,1.000,0.000), vel=(0.014,0.000,0.995)) probe(trace_dist=0.0508, hit=False, normal_y=None, fraction=None) post(grounded=False, vel=(0.014,-0.082,0.995), horiz_speed=0.995, pos=(-21.966,0.658,0.469))
[movedbg #735] pre(grounded=False, jumping=False, normal=(0.000,1.000,0.000), vel=(0.014,-0.082,0.995)) probe(trace_dist=0.0508, hit=False, normal_y=None, fraction=None) post(grounded=True, vel=(0.012,0.000,0.995), horiz_speed=0.995, pos=(-21.967,0.659,0.478))
[movedbg #736] pre(grounded=False, jumping=False, normal=(0.000,1.000,0.000), vel=(0.012,0.000,0.995)) probe(trace_dist=0.0508, hit=False, normal_y=None, fraction=None) post(grounded=False, vel=(0.012,-0.082,0.995), horiz_speed=0.995, pos=(-21.967,0.658,0.486))
[movedbg #737] pre(grounded=False, jumping=False, normal=(0.000,1.000,0.000), vel=(0.012,-0.082,0.995)) probe(trace_dist=0.0508, hit=False, normal_y=None, fraction=None) post(grounded=True, vel=(0.010,0.000,0.995), horiz_speed=0.995, pos=(-21.967,0.659,0.494))
[movedbg #738] pre(grounded=False, jumping=False, normal=(0.000,1.000,0.000), vel=(0.010,0.000,0.995)) probe(trace_dist=0.0508, hit=False, normal_y=None, fraction=None) post(grounded=False, vel=(0.010,-0.082,0.995), horiz_speed=0.995, pos=(-21.967,0.658,0.503))
[movedbg #739] pre(grounded=False, jumping=False, normal=(0.000,1.000,0.000), vel=(0.010,-0.082,0.995)) probe(trace_dist=0.0508, hit=False, normal_y=None, fraction=None) post(grounded=True, vel=(0.009,0.000,0.995), horiz_speed=0.995, pos=(-21.967,0.659,0.511))
[movedbg #740] pre(grounded=False, jumping=False, normal=(0.000,1.000,0.000), vel=(0.009,0.000,0.995)) probe(trace_dist=0.0508, hit=False, normal_y=None, fraction=None) post(grounded=False, vel=(0.009,-0.082,0.995), horiz_speed=0.995, pos=(-21.967,0.659,0.519))
[movedbg #741] pre(grounded=False, jumping=False, normal=(0.000,1.000,0.000), vel=(0.009,-0.082,0.995)) probe(trace_dist=0.0508, hit=False, normal_y=None, fraction=None) post(grounded=False, vel=(0.009,-0.164,0.995), horiz_speed=0.995, pos=(-21.967,0.657,0.527))
[movedbg #742] pre(grounded=False, jumping=False, normal=(0.000,1.000,0.000), vel=(0.009,-0.164,0.995)) probe(trace_dist=0.0508, hit=False, normal_y=None, fraction=None) post(grounded=True, vel=(0.008,0.000,0.995), horiz_speed=0.995, pos=(-21.967,0.658,0.536))
[movedbg #743] pre(grounded=False, jumping=False, normal=(0.000,1.000,0.000), vel=(0.008,0.000,0.995)) probe(trace_dist=0.0508, hit=False, normal_y=None, fraction=None) post(grounded=False, vel=(0.008,-0.082,0.995), horiz_speed=0.995, pos=(-21.967,0.658,0.544))
[movedbg #744] pre(grounded=False, jumping=False, normal=(0.000,1.000,0.000), vel=(0.008,-0.082,0.995)) probe(trace_dist=0.0508, hit=False, normal_y=None, fraction=None) post(grounded=True, vel=(0.007,0.000,0.995), horiz_speed=0.995, pos=(-21.968,0.659,0.552))
[movedbg #745] pre(grounded=False, jumping=False, normal=(0.000,1.000,0.000), vel=(0.007,0.000,0.995)) probe(trace_dist=0.0508, hit=False, normal_y=None, fraction=None) post(grounded=False, vel=(-0.323,-0.082,1.041), horiz_speed=1.090, pos=(-21.970,0.658,0.561))
[movedbg #746] pre(grounded=False, jumping=False, normal=(0.000,1.000,0.000), vel=(-0.323,-0.082,1.041)) probe(trace_dist=0.0508, hit=False, normal_y=None, fraction=None) post(grounded=False, vel=(-0.619,-0.164,1.082), horiz_speed=1.246, pos=(-21.975,0.656,0.570))
[movedbg #747] pre(grounded=False, jumping=False, normal=(0.000,1.000,0.000), vel=(-0.619,-0.164,1.082)) probe(trace_dist=0.0508, hit=False, normal_y=None, fraction=None) post(grounded=False, vel=(-0.619,-0.245,1.082), horiz_speed=1.246, pos=(-21.981,0.654,0.579))
[movedbg #748] pre(grounded=False, jumping=False, normal=(0.000,1.000,0.000), vel=(-0.619,-0.245,1.082)) probe(trace_dist=0.0508, hit=False, normal_y=None, fraction=None) post(grounded=False, vel=(-0.619,-0.327,1.082), horiz_speed=1.246, pos=(-21.986,0.652,0.588))
[movedbg #749] pre(grounded=False, jumping=False, normal=(0.000,1.000,0.000), vel=(-0.619,-0.327,1.082)) probe(trace_dist=0.0508, hit=False, normal_y=None, fraction=None) post(grounded=False, vel=(-0.619,-0.409,1.082), horiz_speed=1.246, pos=(-21.991,0.648,0.597))
[movedbg #750] pre(grounded=False, jumping=False, normal=(0.000,1.000,0.000), vel=(-0.619,-0.409,1.082)) probe(trace_dist=0.0508, hit=False, normal_y=None, fraction=None) post(grounded=True, vel=(-0.535,0.000,1.082), horiz_speed=1.207, pos=(-21.996,0.647,0.606))
[movedbg #751] pre(grounded=False, jumping=False, normal=(0.000,1.000,0.000), vel=(-0.535,0.000,1.082)) probe(trace_dist=0.0508, hit=False, normal_y=None, fraction=None) post(grounded=False, vel=(-0.618,-0.082,1.093), horiz_speed=1.256, pos=(-22.001,0.647,0.615))
[movedbg #752] pre(grounded=False, jumping=False, normal=(0.000,1.000,0.000), vel=(-0.618,-0.082,1.093)) probe(trace_dist=0.0508, hit=False, normal_y=None, fraction=None) post(grounded=False, vel=(-0.618,-0.164,1.093), horiz_speed=1.256, pos=(-22.006,0.645,0.624))
[movedbg #753] pre(grounded=False, jumping=False, normal=(0.000,1.000,0.000), vel=(-0.618,-0.164,1.093)) probe(trace_dist=0.0508, hit=False, normal_y=None, fraction=None) post(grounded=False, vel=(-0.618,-0.245,1.093), horiz_speed=1.256, pos=(-22.011,0.643,0.633))
[movedbg #754] pre(grounded=False, jumping=False, normal=(0.000,1.000,0.000), vel=(-0.618,-0.245,1.093)) probe(trace_dist=0.0508, hit=False, normal_y=None, fraction=None) post(grounded=False, vel=(-0.618,-0.327,1.093), horiz_speed=1.256, pos=(-22.016,0.641,0.643))
[movedbg #755] pre(grounded=False, jumping=False, normal=(0.000,1.000,0.000), vel=(-0.618,-0.327,1.093)) probe(trace_dist=0.0508, hit=False, normal_y=None, fraction=None) post(grounded=False, vel=(-0.618,-0.409,1.093), horiz_speed=1.256, pos=(-22.021,0.637,0.652))
[movedbg #756] pre(grounded=False, jumping=False, normal=(0.000,1.000,0.000), vel=(-0.618,-0.409,1.093)) probe(trace_dist=0.0508, hit=False, normal_y=None, fraction=None) post(grounded=True, vel=(-0.533,0.000,1.093), horiz_speed=1.216, pos=(-22.027,0.635,0.661))
[movedbg #757] pre(grounded=False, jumping=False, normal=(0.000,1.000,0.000), vel=(-0.533,0.000,1.093)) probe(trace_dist=0.0508, hit=False, normal_y=None, fraction=None) post(grounded=False, vel=(-0.616,-0.082,1.105), horiz_speed=1.265, pos=(-22.032,0.634,0.670))
[movedbg #758] pre(grounded=False, jumping=False, normal=(0.000,1.000,0.000), vel=(-0.616,-0.082,1.105)) probe(trace_dist=0.0508, hit=False, normal_y=None, fraction=None) post(grounded=False, vel=(-0.616,-0.164,1.105), horiz_speed=1.265, pos=(-22.037,0.633,0.679))
[movedbg #759] pre(grounded=False, jumping=False, normal=(0.000,1.000,0.000), vel=(-0.616,-0.164,1.105)) probe(trace_dist=0.0508, hit=False, normal_y=None, fraction=None) post(grounded=False, vel=(-0.616,-0.245,1.105), horiz_speed=1.265, pos=(-22.042,0.630,0.688))
[movedbg #760] pre(grounded=False, jumping=False, normal=(0.000,1.000,0.000), vel=(-0.616,-0.245,1.105)) probe(trace_dist=0.0508, hit=False, normal_y=None, fraction=None) post(grounded=False, vel=(-0.616,-0.327,1.105), horiz_speed=1.265, pos=(-22.047,0.628,0.698))
[movedbg #761] pre(grounded=False, jumping=False, normal=(0.000,1.000,0.000), vel=(-0.616,-0.327,1.105)) probe(trace_dist=0.0508, hit=False, normal_y=None, fraction=None) post(grounded=False, vel=(-0.616,-0.409,1.105), horiz_speed=1.265, pos=(-22.052,0.624,0.707))
[movedbg #762] pre(grounded=False, jumping=False, normal=(0.000,1.000,0.000), vel=(-0.616,-0.409,1.105)) probe(trace_dist=0.0508, hit=False, normal_y=None, fraction=None) post(grounded=True, vel=(-0.532,0.000,1.105), horiz_speed=1.226, pos=(-22.057,0.624,0.716))
[movedbg #763] pre(grounded=False, jumping=False, normal=(0.000,1.000,0.000), vel=(-0.532,0.000,1.105)) probe(trace_dist=0.0508, hit=False, normal_y=None, fraction=None) post(grounded=False, vel=(-0.614,-0.082,1.116), horiz_speed=1.274, pos=(-22.062,0.623,0.725))
[movedbg #764] pre(grounded=False, jumping=False, normal=(0.000,1.000,0.000), vel=(-0.614,-0.082,1.116)) probe(trace_dist=0.0508, hit=False, normal_y=None, fraction=None) post(grounded=False, vel=(-0.614,-0.164,1.116), horiz_speed=1.274, pos=(-22.067,0.621,0.735))
[movedbg #765] pre(grounded=False, jumping=False, normal=(0.000,1.000,0.000), vel=(-0.614,-0.164,1.116)) probe(trace_dist=0.0508, hit=False, normal_y=None, fraction=None) post(grounded=False, vel=(-0.614,-0.245,1.116), horiz_speed=1.274, pos=(-22.073,0.619,0.744))
[movedbg #766] pre(grounded=False, jumping=False, normal=(0.000,1.000,0.000), vel=(-0.614,-0.245,1.116)) probe(trace_dist=0.0508, hit=False, normal_y=None, fraction=None) post(grounded=False, vel=(-0.614,-0.327,1.116), horiz_speed=1.274, pos=(-22.078,0.617,0.753))
[movedbg #767] pre(grounded=False, jumping=False, normal=(0.000,1.000,0.000), vel=(-0.614,-0.327,1.116)) probe(trace_dist=0.0508, hit=False, normal_y=None, fraction=None) post(grounded=False, vel=(-0.614,-0.409,1.116), horiz_speed=1.274, pos=(-22.083,0.613,0.763))
[movedbg #768] pre(grounded=False, jumping=False, normal=(0.000,1.000,0.000), vel=(-0.614,-0.409,1.116)) probe(trace_dist=0.0508, hit=False, normal_y=None, fraction=None) post(grounded=False, vel=(-0.614,-0.491,1.116), horiz_speed=1.274, pos=(-22.088,0.609,0.772))
[movedbg #769] pre(grounded=False, jumping=False, normal=(0.000,1.000,0.000), vel=(-0.614,-0.491,1.116)) probe(trace_dist=0.0508, hit=False, normal_y=None, fraction=None) post(grounded=True, vel=(-0.531,0.000,1.116), horiz_speed=1.236, pos=(-22.093,0.608,0.781))
[movedbg #770] pre(grounded=False, jumping=False, normal=(0.000,1.000,0.000), vel=(-0.531,0.000,1.116)) probe(trace_dist=0.0508, hit=False, normal_y=None, fraction=None) post(grounded=False, vel=(-0.613,-0.082,1.128), horiz_speed=1.283, pos=(-22.098,0.608,0.791))
[movedbg #771] pre(grounded=False, jumping=False, normal=(0.000,1.000,0.000), vel=(-0.613,-0.082,1.128)) probe(trace_dist=0.0508, hit=False, normal_y=None, fraction=None) post(grounded=False, vel=(-0.613,-0.164,1.128), horiz_speed=1.283, pos=(-22.103,0.606,0.800))
[movedbg #772] pre(grounded=False, jumping=False, normal=(0.000,1.000,0.000), vel=(-0.613,-0.164,1.128)) probe(trace_dist=0.0508, hit=False, normal_y=None, fraction=None) post(grounded=False, vel=(-0.613,-0.245,1.128), horiz_speed=1.283, pos=(-22.108,0.604,0.809))
[movedbg #773] pre(grounded=False, jumping=False, normal=(0.000,1.000,0.000), vel=(-0.613,-0.245,1.128)) probe(trace_dist=0.0508, hit=False, normal_y=None, fraction=None) post(grounded=False, vel=(-0.613,-0.327,1.128), horiz_speed=1.283, pos=(-22.113,0.602,0.819))
[movedbg #774] pre(grounded=False, jumping=False, normal=(0.000,1.000,0.000), vel=(-0.613,-0.327,1.128)) probe(trace_dist=0.0508, hit=False, normal_y=None, fraction=None) post(grounded=False, vel=(-0.613,-0.409,1.128), horiz_speed=1.283, pos=(-22.118,0.598,0.828))
[movedbg #775] pre(grounded=False, jumping=False, normal=(0.000,1.000,0.000), vel=(-0.613,-0.409,1.128)) probe(trace_dist=0.0508, hit=False, normal_y=None, fraction=None) post(grounded=True, vel=(-0.529,0.000,1.128), horiz_speed=1.246, pos=(-22.123,0.597,0.837))
[movedbg #776] pre(grounded=False, jumping=False, normal=(0.000,1.000,0.000), vel=(-0.529,0.000,1.128)) probe(trace_dist=0.0508, hit=False, normal_y=None, fraction=None) post(grounded=False, vel=(-0.795,-0.082,0.926), horiz_speed=1.221, pos=(-22.130,0.597,0.845))
[movedbg #777] pre(grounded=False, jumping=False, normal=(0.000,1.000,0.000), vel=(-0.795,-0.082,0.926)) probe(trace_dist=0.0508, hit=False, normal_y=None, fraction=None) post(grounded=False, vel=(-1.061,-0.164,0.725), horiz_speed=1.285, pos=(-22.139,0.595,0.851))
[movedbg #778] pre(grounded=False, jumping=False, normal=(0.000,1.000,0.000), vel=(-1.061,-0.164,0.725)) probe(trace_dist=0.0508, hit=False, normal_y=None, fraction=None) post(grounded=False, vel=(-1.327,-0.245,0.524), horiz_speed=1.427, pos=(-22.150,0.593,0.856))
[movedbg #779] pre(grounded=False, jumping=False, normal=(0.000,1.000,0.000), vel=(-1.327,-0.245,0.524)) probe(trace_dist=0.0508, hit=False, normal_y=None, fraction=None) post(grounded=False, vel=(-1.343,-0.327,0.512), horiz_speed=1.437, pos=(-22.161,0.591,0.860))
[movedbg #780] pre(grounded=False, jumping=False, normal=(0.000,1.000,0.000), vel=(-1.343,-0.327,0.512)) probe(trace_dist=0.0508, hit=False, normal_y=None, fraction=None) post(grounded=False, vel=(-1.343,-0.409,0.512), horiz_speed=1.437, pos=(-22.172,0.587,0.864))
[movedbg #781] pre(grounded=False, jumping=False, normal=(0.000,1.000,0.000), vel=(-1.343,-0.409,0.512)) probe(trace_dist=0.0508, hit=False, normal_y=None, fraction=None) post(grounded=False, vel=(-1.343,-0.491,0.512), horiz_speed=1.437, pos=(-22.183,0.583,0.868))
[movedbg #782] pre(grounded=False, jumping=False, normal=(0.000,1.000,0.000), vel=(-1.343,-0.491,0.512)) probe(trace_dist=0.0508, hit=False, normal_y=None, fraction=None) post(grounded=False, vel=(-1.343,-0.572,0.512), horiz_speed=1.437, pos=(-22.194,0.578,0.873))
[movedbg #783] pre(grounded=False, jumping=False, normal=(0.000,1.000,0.000), vel=(-1.343,-0.572,0.512)) probe(trace_dist=0.0508, hit=False, normal_y=None, fraction=None) post(grounded=False, vel=(-1.343,-0.654,0.512), horiz_speed=1.437, pos=(-22.206,0.573,0.877))
[movedbg #784] pre(grounded=False, jumping=False, normal=(0.000,1.000,0.000), vel=(-1.343,-0.654,0.512)) probe(trace_dist=0.0508, hit=False, normal_y=None, fraction=None) post(grounded=False, vel=(-1.343,-0.736,0.512), horiz_speed=1.437, pos=(-22.217,0.567,0.881))
[movedbg #785] pre(grounded=False, jumping=False, normal=(0.000,1.000,0.000), vel=(-1.343,-0.736,0.512)) probe(trace_dist=0.0508, hit=False, normal_y=None, fraction=None) post(grounded=False, vel=(-1.343,-0.817,0.512), horiz_speed=1.437, pos=(-22.228,0.560,0.886))
[movedbg #786] pre(grounded=False, jumping=False, normal=(0.000,1.000,0.000), vel=(-1.343,-0.817,0.512)) probe(trace_dist=0.0508, hit=False, normal_y=None, fraction=None) post(grounded=False, vel=(-1.343,-0.899,0.512), horiz_speed=1.437, pos=(-22.239,0.552,0.890))
[movedbg #787] pre(grounded=False, jumping=False, normal=(0.000,1.000,0.000), vel=(-1.343,-0.899,0.512)) probe(trace_dist=0.0508, hit=False, normal_y=None, fraction=None) post(grounded=True, vel=(-1.160,0.000,0.512), horiz_speed=1.268, pos=(-22.250,0.546,0.894))
[movedbg #788] pre(grounded=False, jumping=False, normal=(0.000,1.000,0.000), vel=(-1.160,0.000,0.512)) probe(trace_dist=0.0508, hit=False, normal_y=None, fraction=None) post(grounded=False, vel=(-1.276,-0.082,0.424), horiz_speed=1.345, pos=(-22.261,0.545,0.898))
[movedbg #789] pre(grounded=False, jumping=False, normal=(0.000,1.000,0.000), vel=(-1.276,-0.082,0.424)) probe(trace_dist=0.0508, hit=False, normal_y=None, fraction=None) post(grounded=False, vel=(-1.276,-0.164,0.424), horiz_speed=1.345, pos=(-22.272,0.544,0.901))
[movedbg #790] pre(grounded=False, jumping=False, normal=(0.000,1.000,0.000), vel=(-1.276,-0.164,0.424)) probe(trace_dist=0.0508, hit=False, normal_y=None, fraction=None) post(grounded=False, vel=(-1.276,-0.245,0.424), horiz_speed=1.345, pos=(-22.282,0.542,0.905))
[movedbg #791] pre(grounded=False, jumping=False, normal=(0.000,1.000,0.000), vel=(-1.276,-0.245,0.424)) probe(trace_dist=0.0508, hit=False, normal_y=None, fraction=None) post(grounded=False, vel=(-1.276,-0.327,0.424), horiz_speed=1.345, pos=(-22.293,0.539,0.908))
[movedbg #792] pre(grounded=False, jumping=False, normal=(0.000,1.000,0.000), vel=(-1.276,-0.327,0.424)) probe(trace_dist=0.0508, hit=False, normal_y=None, fraction=None) post(grounded=False, vel=(-1.276,-0.409,0.424), horiz_speed=1.345, pos=(-22.304,0.535,0.912))
[movedbg #793] pre(grounded=False, jumping=False, normal=(0.000,1.000,0.000), vel=(-1.276,-0.409,0.424)) probe(trace_dist=0.0508, hit=False, normal_y=None, fraction=None) post(grounded=False, vel=(-1.276,-0.491,0.424), horiz_speed=1.345, pos=(-22.314,0.531,0.915))
[movedbg #794] pre(grounded=False, jumping=False, normal=(0.000,1.000,0.000), vel=(-1.276,-0.491,0.424)) probe(trace_dist=0.0508, hit=False, normal_y=None, fraction=None) post(grounded=False, vel=(-1.276,-0.572,0.424), horiz_speed=1.345, pos=(-22.325,0.527,0.919))
[movedbg #795] pre(grounded=False, jumping=False, normal=(0.000,1.000,0.000), vel=(-1.276,-0.572,0.424)) probe(trace_dist=0.0508, hit=False, normal_y=None, fraction=None) post(grounded=False, vel=(-1.276,-0.654,0.424), horiz_speed=1.345, pos=(-22.336,0.521,0.922))
[movedbg #796] pre(grounded=False, jumping=False, normal=(0.000,1.000,0.000), vel=(-1.276,-0.654,0.424)) probe(trace_dist=0.0508, hit=False, normal_y=None, fraction=None) post(grounded=False, vel=(-1.276,-0.736,0.424), horiz_speed=1.345, pos=(-22.346,0.515,0.926))
[movedbg #797] pre(grounded=False, jumping=False, normal=(0.000,1.000,0.000), vel=(-1.276,-0.736,0.424)) probe(trace_dist=0.0508, hit=False, normal_y=None, fraction=None) post(grounded=False, vel=(-1.276,-0.817,0.424), horiz_speed=1.345, pos=(-22.357,0.508,0.929))
[movedbg #798] pre(grounded=False, jumping=False, normal=(0.000,1.000,0.000), vel=(-1.276,-0.817,0.424)) probe(trace_dist=0.0508, hit=False, normal_y=None, fraction=None) post(grounded=False, vel=(-1.276,-0.899,0.424), horiz_speed=1.345, pos=(-22.367,0.501,0.933))
[movedbg #799] pre(grounded=False, jumping=False, normal=(0.000,1.000,0.000), vel=(-1.276,-0.899,0.424)) probe(trace_dist=0.0508, hit=False, normal_y=None, fraction=None) post(grounded=True, vel=(-1.102,0.000,0.424), horiz_speed=1.181, pos=(-22.378,0.495,0.936))
[movedbg #800] pre(grounded=False, jumping=False, normal=(0.000,1.000,0.000), vel=(-1.102,0.000,0.424)) probe(trace_dist=0.0508, hit=False, normal_y=None, fraction=None) post(grounded=False, vel=(-1.213,-0.082,0.341), horiz_speed=1.260, pos=(-22.388,0.494,0.939))
[movedbg #801] pre(grounded=False, jumping=False, normal=(0.000,1.000,0.000), vel=(-1.213,-0.082,0.341)) probe(trace_dist=0.0508, hit=False, normal_y=None, fraction=None) post(grounded=False, vel=(-1.213,-0.164,0.341), horiz_speed=1.260, pos=(-22.398,0.493,0.942))
[movedbg #802] pre(grounded=False, jumping=False, normal=(0.000,1.000,0.000), vel=(-1.213,-0.164,0.341)) probe(trace_dist=0.0508, hit=False, normal_y=None, fraction=None) post(grounded=False, vel=(-1.213,-0.245,0.341), horiz_speed=1.260, pos=(-22.408,0.491,0.945))
[movedbg #803] pre(grounded=False, jumping=False, normal=(0.000,1.000,0.000), vel=(-1.213,-0.245,0.341)) probe(trace_dist=0.0508, hit=False, normal_y=None, fraction=None) post(grounded=False, vel=(-1.213,-0.327,0.341), horiz_speed=1.260, pos=(-22.418,0.488,0.948))
[movedbg #804] pre(grounded=False, jumping=False, normal=(0.000,1.000,0.000), vel=(-1.213,-0.327,0.341)) probe(trace_dist=0.0508, hit=False, normal_y=None, fraction=None) post(grounded=False, vel=(-1.213,-0.409,0.341), horiz_speed=1.260, pos=(-22.429,0.485,0.951))
[movedbg #805] pre(grounded=False, jumping=False, normal=(0.000,1.000,0.000), vel=(-1.213,-0.409,0.341)) probe(trace_dist=0.0508, hit=False, normal_y=None, fraction=None) post(grounded=False, vel=(-1.213,-0.491,0.341), horiz_speed=1.260, pos=(-22.439,0.481,0.954))
[movedbg #806] pre(grounded=False, jumping=False, normal=(0.000,1.000,0.000), vel=(-1.213,-0.491,0.341)) probe(trace_dist=0.0508, hit=False, normal_y=None, fraction=None) post(grounded=False, vel=(-1.213,-0.572,0.341), horiz_speed=1.260, pos=(-22.449,0.476,0.956))
[movedbg #807] pre(grounded=False, jumping=False, normal=(0.000,1.000,0.000), vel=(-1.213,-0.572,0.341)) probe(trace_dist=0.0508, hit=False, normal_y=None, fraction=None) post(grounded=False, vel=(-1.213,-0.654,0.341), horiz_speed=1.260, pos=(-22.459,0.471,0.959))
[movedbg #808] pre(grounded=False, jumping=False, normal=(0.000,1.000,0.000), vel=(-1.213,-0.654,0.341)) probe(trace_dist=0.0508, hit=False, normal_y=None, fraction=None) post(grounded=False, vel=(-1.213,-0.736,0.341), horiz_speed=1.260, pos=(-22.469,0.464,0.962))
[movedbg #809] pre(grounded=False, jumping=False, normal=(0.000,1.000,0.000), vel=(-1.213,-0.736,0.341)) probe(trace_dist=0.0508, hit=False, normal_y=None, fraction=None) post(grounded=False, vel=(-1.213,-0.817,0.341), horiz_speed=1.260, pos=(-22.479,0.458,0.965))
[movedbg #810] pre(grounded=False, jumping=False, normal=(0.000,1.000,0.000), vel=(-1.213,-0.817,0.341)) probe(trace_dist=0.0508, hit=False, normal_y=None, fraction=None) post(grounded=False, vel=(-1.213,-0.899,0.341), horiz_speed=1.260, pos=(-22.489,0.450,0.968))
[movedbg #811] pre(grounded=False, jumping=False, normal=(0.000,1.000,0.000), vel=(-1.213,-0.899,0.341)) probe(trace_dist=0.0508, hit=False, normal_y=None, fraction=None) post(grounded=True, vel=(-1.048,0.000,0.341), horiz_speed=1.102, pos=(-22.498,0.448,0.971))
[movedbg #812] pre(grounded=False, jumping=False, normal=(0.000,1.000,0.000), vel=(-1.048,0.000,0.341)) probe(trace_dist=0.0508, hit=False, normal_y=None, fraction=None) post(grounded=False, vel=(-1.153,-0.082,0.261), horiz_speed=1.182, pos=(-22.508,0.447,0.973))
[movedbg #813] pre(grounded=False, jumping=False, normal=(0.000,1.000,0.000), vel=(-1.153,-0.082,0.261)) probe(trace_dist=0.0508, hit=False, normal_y=None, fraction=None) post(grounded=False, vel=(-1.153,-0.164,0.261), horiz_speed=1.182, pos=(-22.517,0.445,0.975))
[movedbg #814] pre(grounded=False, jumping=False, normal=(0.000,1.000,0.000), vel=(-1.153,-0.164,0.261)) probe(trace_dist=0.0508, hit=False, normal_y=None, fraction=None) post(grounded=False, vel=(-1.153,-0.245,0.261), horiz_speed=1.182, pos=(-22.527,0.443,0.977))
[movedbg #815] pre(grounded=False, jumping=False, normal=(0.000,1.000,0.000), vel=(-1.153,-0.245,0.261)) probe(trace_dist=0.0508, hit=False, normal_y=None, fraction=None) post(grounded=False, vel=(-1.153,-0.327,0.261), horiz_speed=1.182, pos=(-22.537,0.441,0.979))
[movedbg #816] pre(grounded=False, jumping=False, normal=(0.000,1.000,0.000), vel=(-1.153,-0.327,0.261)) probe(trace_dist=0.0508, hit=False, normal_y=None, fraction=None) post(grounded=False, vel=(-1.153,-0.409,0.261), horiz_speed=1.182, pos=(-22.546,0.437,0.981))
[movedbg #817] pre(grounded=False, jumping=False, normal=(0.000,1.000,0.000), vel=(-1.153,-0.409,0.261)) probe(trace_dist=0.0508, hit=False, normal_y=None, fraction=None) post(grounded=False, vel=(-1.153,-0.491,0.261), horiz_speed=1.182, pos=(-22.556,0.433,0.984))
[movedbg #818] pre(grounded=False, jumping=False, normal=(0.000,1.000,0.000), vel=(-1.153,-0.491,0.261)) probe(trace_dist=0.0508, hit=False, normal_y=None, fraction=None) post(grounded=False, vel=(-1.153,-0.572,0.261), horiz_speed=1.182, pos=(-22.566,0.428,0.986))
[movedbg #819] pre(grounded=False, jumping=False, normal=(0.000,1.000,0.000), vel=(-1.153,-0.572,0.261)) probe(trace_dist=0.0508, hit=False, normal_y=None, fraction=None) post(grounded=False, vel=(-1.153,-0.654,0.261), horiz_speed=1.182, pos=(-22.575,0.423,0.988))
[movedbg #820] pre(grounded=False, jumping=False, normal=(0.000,1.000,0.000), vel=(-1.153,-0.654,0.261)) probe(trace_dist=0.0508, hit=False, normal_y=None, fraction=None) post(grounded=False, vel=(-1.153,-0.736,0.261), horiz_speed=1.182, pos=(-22.585,0.417,0.990))
[movedbg #821] pre(grounded=False, jumping=False, normal=(0.000,1.000,0.000), vel=(-1.153,-0.736,0.261)) probe(trace_dist=0.0508, hit=False, normal_y=None, fraction=None) post(grounded=False, vel=(-1.153,-0.817,0.261), horiz_speed=1.182, pos=(-22.594,0.410,0.992))
[movedbg #822] pre(grounded=False, jumping=False, normal=(0.000,1.000,0.000), vel=(-1.153,-0.817,0.261)) probe(trace_dist=0.0508, hit=False, normal_y=None, fraction=None) post(grounded=True, vel=(-0.996,0.000,0.261), horiz_speed=1.029, pos=(-22.604,0.405,0.994))
[movedbg #823] pre(grounded=False, jumping=False, normal=(0.000,1.000,0.000), vel=(-0.996,0.000,0.261)) probe(trace_dist=0.0508, hit=False, normal_y=None, fraction=None) post(grounded=False, vel=(-1.096,-0.082,0.185), horiz_speed=1.111, pos=(-22.613,0.405,0.996))
[movedbg #824] pre(grounded=False, jumping=False, normal=(0.000,1.000,0.000), vel=(-1.096,-0.082,0.185)) probe(trace_dist=0.0508, hit=False, normal_y=None, fraction=None) post(grounded=False, vel=(-1.096,-0.164,0.185), horiz_speed=1.111, pos=(-22.622,0.403,0.998))
[movedbg #825] pre(grounded=False, jumping=False, normal=(0.000,1.000,0.000), vel=(-1.096,-0.164,0.185)) probe(trace_dist=0.0508, hit=False, normal_y=None, fraction=None) post(grounded=False, vel=(-1.096,-0.245,0.185), horiz_speed=1.111, pos=(-22.631,0.401,0.999))
[movedbg #826] pre(grounded=False, jumping=False, normal=(0.000,1.000,0.000), vel=(-1.096,-0.245,0.185)) probe(trace_dist=0.0508, hit=False, normal_y=None, fraction=None) post(grounded=False, vel=(-1.096,-0.327,0.185), horiz_speed=1.111, pos=(-22.640,0.399,1.001))
[movedbg #827] pre(grounded=False, jumping=False, normal=(0.000,1.000,0.000), vel=(-1.096,-0.327,0.185)) probe(trace_dist=0.0508, hit=False, normal_y=None, fraction=None) post(grounded=False, vel=(-1.096,-0.409,0.185), horiz_speed=1.111, pos=(-22.649,0.395,1.002))
[movedbg #828] pre(grounded=False, jumping=False, normal=(0.000,1.000,0.000), vel=(-1.096,-0.409,0.185)) probe(trace_dist=0.0508, hit=False, normal_y=None, fraction=None) post(grounded=False, vel=(-1.096,-0.491,0.185), horiz_speed=1.111, pos=(-22.659,0.391,1.004))
[movedbg #829] pre(grounded=False, jumping=False, normal=(0.000,1.000,0.000), vel=(-1.096,-0.491,0.185)) probe(trace_dist=0.0508, hit=False, normal_y=None, fraction=None) post(grounded=False, vel=(-1.096,-0.572,0.185), horiz_speed=1.111, pos=(-22.668,0.386,1.005))
[movedbg #830] pre(grounded=False, jumping=False, normal=(0.000,1.000,0.000), vel=(-1.096,-0.572,0.185)) probe(trace_dist=0.0508, hit=False, normal_y=None, fraction=None) post(grounded=False, vel=(-1.096,-0.654,0.185), horiz_speed=1.111, pos=(-22.677,0.381,1.007))
[movedbg #831] pre(grounded=False, jumping=False, normal=(0.000,1.000,0.000), vel=(-1.096,-0.654,0.185)) probe(trace_dist=0.0508, hit=False, normal_y=None, fraction=None) post(grounded=False, vel=(-1.096,-0.736,0.185), horiz_speed=1.111, pos=(-22.686,0.375,1.008))
[movedbg #832] pre(grounded=False, jumping=False, normal=(0.000,1.000,0.000), vel=(-1.096,-0.736,0.185)) probe(trace_dist=0.0508, hit=False, normal_y=None, fraction=None) post(grounded=True, vel=(-0.946,0.000,0.185), horiz_speed=0.964, pos=(-22.695,0.369,1.010))
[movedbg #833] pre(grounded=False, jumping=False, normal=(0.000,1.000,0.000), vel=(-0.946,0.000,0.185)) probe(trace_dist=0.0508, hit=False, normal_y=None, fraction=None) post(grounded=False, vel=(-1.041,-0.082,0.114), horiz_speed=1.047, pos=(-22.704,0.368,1.011))
[movedbg #834] pre(grounded=False, jumping=False, normal=(0.000,1.000,0.000), vel=(-1.041,-0.082,0.114)) probe(trace_dist=0.0508, hit=False, normal_y=None, fraction=None) post(grounded=False, vel=(-1.041,-0.164,0.114), horiz_speed=1.047, pos=(-22.713,0.367,1.012))
[movedbg #835] pre(grounded=False, jumping=False, normal=(0.000,1.000,0.000), vel=(-1.041,-0.164,0.114)) probe(trace_dist=0.0508, hit=False, normal_y=None, fraction=None) post(grounded=False, vel=(-1.041,-0.245,0.114), horiz_speed=1.047, pos=(-22.721,0.365,1.013))
[movedbg #836] pre(grounded=False, jumping=False, normal=(0.000,1.000,0.000), vel=(-1.041,-0.245,0.114)) probe(trace_dist=0.0508, hit=False, normal_y=None, fraction=None) post(grounded=False, vel=(-1.041,-0.327,0.114), horiz_speed=1.047, pos=(-22.730,0.362,1.014))
[movedbg #837] pre(grounded=False, jumping=False, normal=(0.000,1.000,0.000), vel=(-1.041,-0.327,0.114)) probe(trace_dist=0.0508, hit=False, normal_y=None, fraction=None) post(grounded=False, vel=(-1.041,-0.409,0.114), horiz_speed=1.047, pos=(-22.739,0.359,1.015))
[movedbg #838] pre(grounded=False, jumping=False, normal=(0.000,1.000,0.000), vel=(-1.041,-0.409,0.114)) probe(trace_dist=0.0508, hit=False, normal_y=None, fraction=None) post(grounded=False, vel=(-1.041,-0.491,0.114), horiz_speed=1.047, pos=(-22.747,0.355,1.016))
[movedbg #839] pre(grounded=False, jumping=False, normal=(0.000,1.000,0.000), vel=(-1.041,-0.491,0.114)) probe(trace_dist=0.0508, hit=False, normal_y=None, fraction=None) post(grounded=False, vel=(-1.041,-0.572,0.114), horiz_speed=1.047, pos=(-22.756,0.350,1.017))
[movedbg #840] pre(grounded=False, jumping=False, normal=(0.000,1.000,0.000), vel=(-1.041,-0.572,0.114)) probe(trace_dist=0.0508, hit=False, normal_y=None, fraction=None) post(grounded=False, vel=(-1.041,-0.654,0.114), horiz_speed=1.047, pos=(-22.765,0.344,1.017))
[movedbg #841] pre(grounded=False, jumping=False, normal=(0.000,1.000,0.000), vel=(-1.041,-0.654,0.114)) probe(trace_dist=0.0508, hit=False, normal_y=None, fraction=None) post(grounded=False, vel=(-1.041,-0.736,0.114), horiz_speed=1.047, pos=(-22.773,0.338,1.018))
[movedbg #842] pre(grounded=False, jumping=False, normal=(0.000,1.000,0.000), vel=(-1.041,-0.736,0.114)) probe(trace_dist=0.0508, hit=False, normal_y=None, fraction=None) post(grounded=True, vel=(-0.899,0.000,0.114), horiz_speed=0.907, pos=(-22.782,0.335,1.019))
[movedbg #843] pre(grounded=False, jumping=False, normal=(0.000,1.000,0.000), vel=(-0.899,0.000,0.114)) probe(trace_dist=0.0508, hit=False, normal_y=None, fraction=None) post(grounded=False, vel=(-0.990,-0.082,0.045), horiz_speed=0.991, pos=(-22.790,0.334,1.020))
[movedbg #844] pre(grounded=False, jumping=False, normal=(0.000,1.000,0.000), vel=(-0.990,-0.082,0.045)) probe(trace_dist=0.0508, hit=False, normal_y=None, fraction=None) post(grounded=False, vel=(-0.990,-0.164,0.045), horiz_speed=0.991, pos=(-22.798,0.333,1.020))
[movedbg #845] pre(grounded=False, jumping=False, normal=(0.000,1.000,0.000), vel=(-0.990,-0.164,0.045)) probe(trace_dist=0.0508, hit=False, normal_y=None, fraction=None) post(grounded=False, vel=(-0.990,-0.245,0.045), horiz_speed=0.991, pos=(-22.807,0.331,1.021))
[movedbg #846] pre(grounded=False, jumping=False, normal=(0.000,1.000,0.000), vel=(-0.990,-0.245,0.045)) probe(trace_dist=0.0508, hit=False, normal_y=None, fraction=None) post(grounded=False, vel=(-0.990,-0.327,0.045), horiz_speed=0.991, pos=(-22.815,0.328,1.021))
[movedbg #847] pre(grounded=False, jumping=False, normal=(0.000,1.000,0.000), vel=(-0.990,-0.327,0.045)) probe(trace_dist=0.0508, hit=False, normal_y=None, fraction=None) post(grounded=False, vel=(-0.990,-0.409,0.045), horiz_speed=0.991, pos=(-22.823,0.324,1.021))
[movedbg #848] pre(grounded=False, jumping=False, normal=(0.000,1.000,0.000), vel=(-0.990,-0.409,0.045)) probe(trace_dist=0.0508, hit=False, normal_y=None, fraction=None) post(grounded=False, vel=(-0.990,-0.491,0.045), horiz_speed=0.991, pos=(-22.831,0.320,1.022))
[movedbg #849] pre(grounded=False, jumping=False, normal=(0.000,1.000,0.000), vel=(-0.990,-0.491,0.045)) probe(trace_dist=0.0508, hit=False, normal_y=None, fraction=None) post(grounded=False, vel=(-0.990,-0.572,0.045), horiz_speed=0.991, pos=(-22.840,0.316,1.022))
[movedbg #850] pre(grounded=False, jumping=False, normal=(0.000,1.000,0.000), vel=(-0.990,-0.572,0.045)) probe(trace_dist=0.0508, hit=False, normal_y=None, fraction=None) post(grounded=False, vel=(-0.990,-0.654,0.045), horiz_speed=0.991, pos=(-22.848,0.310,1.022))
[movedbg #851] pre(grounded=False, jumping=False, normal=(0.000,1.000,0.000), vel=(-0.990,-0.654,0.045)) probe(trace_dist=0.0508, hit=False, normal_y=None, fraction=None) post(grounded=True, vel=(-0.855,0.000,0.045), horiz_speed=0.856, pos=(-22.856,0.305,1.023))
[movedbg #852] pre(grounded=False, jumping=False, normal=(0.000,1.000,0.000), vel=(-0.855,0.000,0.045)) probe(trace_dist=0.0508, hit=False, normal_y=None, fraction=None) post(grounded=False, vel=(-0.941,-0.082,-0.020), horiz_speed=0.941, pos=(-22.864,0.304,1.023))
[movedbg #853] pre(grounded=False, jumping=False, normal=(0.000,1.000,0.000), vel=(-0.941,-0.082,-0.020)) probe(trace_dist=0.0508, hit=False, normal_y=None, fraction=None) post(grounded=False, vel=(-0.941,-0.164,-0.020), horiz_speed=0.941, pos=(-22.872,0.303,1.022))
[movedbg #854] pre(grounded=False, jumping=False, normal=(0.000,1.000,0.000), vel=(-0.941,-0.164,-0.020)) probe(trace_dist=0.0508, hit=False, normal_y=None, fraction=None) post(grounded=False, vel=(-0.941,-0.245,-0.020), horiz_speed=0.941, pos=(-22.880,0.301,1.022))
[movedbg #855] pre(grounded=False, jumping=False, normal=(0.000,1.000,0.000), vel=(-0.941,-0.245,-0.020)) probe(trace_dist=0.0508, hit=False, normal_y=None, fraction=None) post(grounded=False, vel=(-0.941,-0.327,-0.020), horiz_speed=0.941, pos=(-22.888,0.298,1.022))
[movedbg #856] pre(grounded=False, jumping=False, normal=(0.000,1.000,0.000), vel=(-0.941,-0.327,-0.020)) probe(trace_dist=0.0508, hit=False, normal_y=None, fraction=None) post(grounded=False, vel=(-0.941,-0.409,-0.020), horiz_speed=0.941, pos=(-22.896,0.295,1.022))
[movedbg #857] pre(grounded=False, jumping=False, normal=(0.000,1.000,0.000), vel=(-0.941,-0.409,-0.020)) probe(trace_dist=0.0508, hit=False, normal_y=None, fraction=None) post(grounded=False, vel=(-0.941,-0.491,-0.020), horiz_speed=0.941, pos=(-22.903,0.291,1.022))
[movedbg #858] pre(grounded=False, jumping=False, normal=(0.000,1.000,0.000), vel=(-0.941,-0.491,-0.020)) probe(trace_dist=0.0508, hit=False, normal_y=None, fraction=None) post(grounded=False, vel=(-0.941,-0.572,-0.020), horiz_speed=0.941, pos=(-22.911,0.286,1.022))
[movedbg #859] pre(grounded=False, jumping=False, normal=(0.000,1.000,0.000), vel=(-0.941,-0.572,-0.020)) probe(trace_dist=0.0508, hit=False, normal_y=None, fraction=None) post(grounded=False, vel=(-0.941,-0.654,-0.020), horiz_speed=0.941, pos=(-22.919,0.280,1.021))
[movedbg #860] pre(grounded=False, jumping=False, normal=(0.000,1.000,0.000), vel=(-0.941,-0.654,-0.020)) probe(trace_dist=0.0508, hit=False, normal_y=None, fraction=None) post(grounded=True, vel=(-0.813,0.000,-0.019), horiz_speed=0.813, pos=(-22.927,0.277,1.021))
[movedbg #861] pre(grounded=False, jumping=False, normal=(0.000,1.000,0.000), vel=(-0.813,0.000,-0.019)) probe(trace_dist=0.0508, hit=False, normal_y=None, fraction=None) post(grounded=False, vel=(-0.894,-0.082,-0.081), horiz_speed=0.898, pos=(-22.934,0.276,1.021))
[movedbg #862] pre(grounded=False, jumping=False, normal=(0.000,1.000,0.000), vel=(-0.894,-0.082,-0.081)) probe(trace_dist=0.0508, hit=False, normal_y=None, fraction=None) post(grounded=False, vel=(-0.894,-0.164,-0.081), horiz_speed=0.898, pos=(-22.942,0.275,1.020))
[movedbg #863] pre(grounded=False, jumping=False, normal=(0.000,1.000,0.000), vel=(-0.894,-0.164,-0.081)) probe(trace_dist=0.0508, hit=False, normal_y=None, fraction=None) post(grounded=False, vel=(-0.894,-0.245,-0.081), horiz_speed=0.898, pos=(-22.949,0.273,1.019))
[movedbg #864] pre(grounded=False, jumping=False, normal=(0.000,1.000,0.000), vel=(-0.894,-0.245,-0.081)) probe(trace_dist=0.0508, hit=False, normal_y=None, fraction=None) post(grounded=False, vel=(-0.894,-0.327,-0.081), horiz_speed=0.898, pos=(-22.957,0.270,1.019))
[movedbg #865] pre(grounded=False, jumping=False, normal=(0.000,1.000,0.000), vel=(-0.894,-0.327,-0.081)) probe(trace_dist=0.0508, hit=False, normal_y=None, fraction=None) post(grounded=False, vel=(-0.971,-0.409,-0.635), horiz_speed=1.160, pos=(-22.965,0.267,1.013))
[movedbg #866] pre(grounded=False, jumping=False, normal=(0.000,1.000,0.000), vel=(-0.971,-0.409,-0.635)) probe(trace_dist=0.0508, hit=False, normal_y=None, fraction=None) post(grounded=False, vel=(-0.971,-0.491,-0.635), horiz_speed=1.160, pos=(-22.973,0.263,1.008))
[movedbg #867] pre(grounded=False, jumping=False, normal=(0.000,1.000,0.000), vel=(-0.971,-0.491,-0.635)) probe(trace_dist=0.0508, hit=False, normal_y=None, fraction=None) post(grounded=False, vel=(-0.971,-0.572,-0.635), horiz_speed=1.160, pos=(-22.981,0.258,1.003))
[movedbg #868] pre(grounded=False, jumping=False, normal=(0.000,1.000,0.000), vel=(-0.971,-0.572,-0.635)) probe(trace_dist=0.0508, hit=False, normal_y=None, fraction=None) post(grounded=False, vel=(-0.971,-0.654,-0.635), horiz_speed=1.160, pos=(-22.989,0.253,0.997))
[movedbg #869] pre(grounded=False, jumping=False, normal=(0.000,1.000,0.000), vel=(-0.971,-0.654,-0.635)) probe(trace_dist=0.0508, hit=False, normal_y=None, fraction=None) post(grounded=True, vel=(-0.838,0.000,-0.635), horiz_speed=1.051, pos=(-22.997,0.249,0.992))
[movedbg #870] pre(grounded=False, jumping=False, normal=(0.000,1.000,0.000), vel=(-0.838,0.000,-0.635)) probe(trace_dist=0.0508, hit=False, normal_y=None, fraction=None) post(grounded=False, vel=(-0.841,-0.082,-0.653), horiz_speed=1.064, pos=(-23.004,0.249,0.987))
[movedbg #871] pre(grounded=False, jumping=False, normal=(0.000,1.000,0.000), vel=(-0.841,-0.082,-0.653)) probe(trace_dist=0.0508, hit=False, normal_y=None, fraction=None) post(grounded=False, vel=(-0.841,-0.164,-0.653), horiz_speed=1.064, pos=(-23.011,0.247,0.981))
[movedbg #872] pre(grounded=False, jumping=False, normal=(0.000,1.000,0.000), vel=(-0.841,-0.164,-0.653)) probe(trace_dist=0.0508, hit=False, normal_y=None, fraction=None) post(grounded=False, vel=(-0.841,-0.245,-0.653), horiz_speed=1.064, pos=(-23.018,0.245,0.976))
[movedbg #873] pre(grounded=False, jumping=False, normal=(0.000,1.000,0.000), vel=(-0.841,-0.245,-0.653)) probe(trace_dist=0.0508, hit=False, normal_y=None, fraction=None) post(grounded=False, vel=(-0.841,-0.327,-0.653), horiz_speed=1.064, pos=(-23.025,0.242,0.970))
[movedbg #874] pre(grounded=False, jumping=False, normal=(0.000,1.000,0.000), vel=(-0.841,-0.327,-0.653)) probe(trace_dist=0.0508, hit=False, normal_y=None, fraction=None) post(grounded=False, vel=(-0.841,-0.409,-0.653), horiz_speed=1.064, pos=(-23.032,0.239,0.965))
[movedbg #875] pre(grounded=False, jumping=False, normal=(0.000,1.000,0.000), vel=(-0.841,-0.409,-0.653)) probe(trace_dist=0.0508, hit=False, normal_y=None, fraction=None) post(grounded=False, vel=(-0.841,-0.491,-0.653), horiz_speed=1.064, pos=(-23.039,0.235,0.960))
[movedbg #876] pre(grounded=False, jumping=False, normal=(0.000,1.000,0.000), vel=(-0.841,-0.491,-0.653)) probe(trace_dist=0.0508, hit=False, normal_y=None, fraction=None) post(grounded=False, vel=(-0.841,-0.572,-0.653), horiz_speed=1.064, pos=(-23.046,0.230,0.954))
[movedbg #877] pre(grounded=False, jumping=False, normal=(0.000,1.000,0.000), vel=(-0.841,-0.572,-0.653)) probe(trace_dist=0.0508, hit=False, normal_y=None, fraction=None) post(grounded=True, vel=(-0.726,0.000,-0.653), horiz_speed=0.976, pos=(-23.053,0.227,0.949))
[movedbg #878] pre(grounded=False, jumping=False, normal=(0.000,1.000,0.000), vel=(-0.726,0.000,-0.653)) probe(trace_dist=0.0508, hit=False, normal_y=None, fraction=None) post(grounded=False, vel=(-0.728,-0.082,-0.668), horiz_speed=0.988, pos=(-23.059,0.226,0.943))
[movedbg #879] pre(grounded=False, jumping=False, normal=(0.000,1.000,0.000), vel=(-0.728,-0.082,-0.668)) probe(trace_dist=0.0508, hit=False, normal_y=None, fraction=None) post(grounded=False, vel=(-0.728,-0.164,-0.668), horiz_speed=0.988, pos=(-23.065,0.225,0.938))
[movedbg #880] pre(grounded=False, jumping=False, normal=(0.000,1.000,0.000), vel=(-0.728,-0.164,-0.668)) probe(trace_dist=0.0508, hit=False, normal_y=None, fraction=None) post(grounded=False, vel=(-0.728,-0.245,-0.668), horiz_speed=0.988, pos=(-23.071,0.223,0.932))
[movedbg #881] pre(grounded=False, jumping=False, normal=(0.000,1.000,0.000), vel=(-0.728,-0.245,-0.668)) probe(trace_dist=0.0508, hit=False, normal_y=None, fraction=None) post(grounded=False, vel=(-0.728,-0.327,-0.668), horiz_speed=0.988, pos=(-23.077,0.220,0.926))
[movedbg #882] pre(grounded=False, jumping=False, normal=(0.000,1.000,0.000), vel=(-0.728,-0.327,-0.668)) probe(trace_dist=0.0508, hit=False, normal_y=None, fraction=None) post(grounded=False, vel=(-0.728,-0.409,-0.668), horiz_speed=0.988, pos=(-23.083,0.217,0.921))
[movedbg #883] pre(grounded=False, jumping=False, normal=(0.000,1.000,0.000), vel=(-0.728,-0.409,-0.668)) probe(trace_dist=0.0508, hit=False, normal_y=None, fraction=None) post(grounded=False, vel=(-0.728,-0.491,-0.668), horiz_speed=0.988, pos=(-23.089,0.213,0.915))
[movedbg #884] pre(grounded=False, jumping=False, normal=(0.000,1.000,0.000), vel=(-0.728,-0.491,-0.668)) probe(trace_dist=0.0508, hit=False, normal_y=None, fraction=None) post(grounded=True, vel=(-0.543,0.000,-0.668), horiz_speed=0.861, pos=(-23.095,0.211,0.910))
[movedbg #885] pre(grounded=False, jumping=False, normal=(0.000,1.000,0.000), vel=(-0.543,0.000,-0.668)) probe(trace_dist=0.0508, hit=False, normal_y=None, fraction=None) post(grounded=False, vel=(-0.547,-0.082,-0.693), horiz_speed=0.883, pos=(-23.100,0.211,0.904))
[movedbg #886] pre(grounded=False, jumping=False, normal=(0.000,1.000,0.000), vel=(-0.547,-0.082,-0.693)) probe(trace_dist=0.0508, hit=False, normal_y=None, fraction=None) post(grounded=False, vel=(-0.547,-0.164,-0.693), horiz_speed=0.883, pos=(-23.104,0.209,0.898))
[movedbg #887] pre(grounded=False, jumping=False, normal=(0.000,1.000,0.000), vel=(-0.547,-0.164,-0.693)) probe(trace_dist=0.0508, hit=False, normal_y=None, fraction=None) post(grounded=False, vel=(-0.547,-0.245,-0.693), horiz_speed=0.883, pos=(-23.109,0.207,0.892))
[movedbg #888] pre(grounded=False, jumping=False, normal=(0.000,1.000,0.000), vel=(-0.547,-0.245,-0.693)) probe(trace_dist=0.0508, hit=False, normal_y=None, fraction=None) post(grounded=False, vel=(-0.547,-0.327,-0.693), horiz_speed=0.883, pos=(-23.113,0.204,0.887))
[movedbg #889] pre(grounded=False, jumping=False, normal=(0.000,1.000,0.000), vel=(-0.547,-0.327,-0.693)) probe(trace_dist=0.0508, hit=False, normal_y=None, fraction=None) post(grounded=False, vel=(-0.547,-0.409,-0.693), horiz_speed=0.883, pos=(-23.118,0.201,0.881))
[movedbg #890] pre(grounded=False, jumping=False, normal=(0.000,1.000,0.000), vel=(-0.547,-0.409,-0.693)) probe(trace_dist=0.0508, hit=False, normal_y=None, fraction=None) post(grounded=True, vel=(-0.472,0.000,-0.693), horiz_speed=0.839, pos=(-23.122,0.200,0.875))
[movedbg #891] pre(grounded=False, jumping=False, normal=(0.000,1.000,0.000), vel=(-0.472,0.000,-0.693)) probe(trace_dist=0.0508, hit=False, normal_y=None, fraction=None) post(grounded=False, vel=(-0.474,-0.082,-0.704), horiz_speed=0.848, pos=(-23.126,0.200,0.869))
[movedbg #892] pre(grounded=False, jumping=False, normal=(0.000,1.000,0.000), vel=(-0.474,-0.082,-0.704)) probe(trace_dist=0.0508, hit=False, normal_y=None, fraction=None) post(grounded=False, vel=(-0.474,-0.164,-0.704), horiz_speed=0.848, pos=(-23.130,0.198,0.863))
[movedbg #893] pre(grounded=False, jumping=False, normal=(0.000,1.000,0.000), vel=(-0.474,-0.164,-0.704)) probe(trace_dist=0.0508, hit=False, normal_y=None, fraction=None) post(grounded=False, vel=(-0.474,-0.245,-0.704), horiz_speed=0.848, pos=(-23.134,0.196,0.857))
[movedbg #894] pre(grounded=False, jumping=False, normal=(0.000,1.000,0.000), vel=(-0.474,-0.245,-0.704)) probe(trace_dist=0.0508, hit=False, normal_y=None, fraction=None) post(grounded=False, vel=(-0.474,-0.327,-0.704), horiz_speed=0.848, pos=(-23.138,0.194,0.852))
[movedbg #895] pre(grounded=False, jumping=False, normal=(0.000,1.000,0.000), vel=(-0.474,-0.327,-0.704)) probe(trace_dist=0.0508, hit=False, normal_y=None, fraction=None) post(grounded=True, vel=(-0.409,0.000,-0.704), horiz_speed=0.814, pos=(-23.142,0.191,0.846))
[movedbg #896] pre(grounded=False, jumping=False, normal=(0.000,1.000,0.000), vel=(-0.409,0.000,-0.704)) probe(trace_dist=0.0508, hit=False, normal_y=None, fraction=None) post(grounded=False, vel=(-0.410,-0.082,-0.712), horiz_speed=0.822, pos=(-23.146,0.191,0.840))
[movedbg #897] pre(grounded=False, jumping=False, normal=(0.000,1.000,0.000), vel=(-0.410,-0.082,-0.712)) probe(trace_dist=0.0508, hit=False, normal_y=None, fraction=None) post(grounded=False, vel=(-0.410,-0.164,-0.712), horiz_speed=0.822, pos=(-23.149,0.189,0.834))
[movedbg #898] pre(grounded=False, jumping=False, normal=(0.000,1.000,0.000), vel=(-0.410,-0.164,-0.712)) probe(trace_dist=0.0508, hit=False, normal_y=None, fraction=None) post(grounded=False, vel=(-0.410,-0.245,-0.712), horiz_speed=0.822, pos=(-23.153,0.187,0.828))
[movedbg #899] pre(grounded=False, jumping=False, normal=(0.000,1.000,0.000), vel=(-0.410,-0.245,-0.712)) probe(trace_dist=0.0508, hit=False, normal_y=None, fraction=None) post(grounded=True, vel=(-0.354,0.000,-0.712), horiz_speed=0.796, pos=(-23.156,0.187,0.822))
[movedbg #900] pre(grounded=False, jumping=False, normal=(0.000,1.000,0.000), vel=(-0.354,0.000,-0.712)) probe(trace_dist=0.0508, hit=False, normal_y=None, fraction=None) post(grounded=False, vel=(-0.355,-0.082,-0.720), horiz_speed=0.803, pos=(-23.159,0.186,0.816))
[movedbg #901] pre(grounded=False, jumping=False, normal=(0.000,1.000,0.000), vel=(-0.355,-0.082,-0.720)) probe(trace_dist=0.0508, hit=False, normal_y=None, fraction=None) post(grounded=False, vel=(-0.355,-0.164,-0.720), horiz_speed=0.803, pos=(-23.162,0.185,0.810))
[movedbg #902] pre(grounded=False, jumping=False, normal=(0.000,1.000,0.000), vel=(-0.355,-0.164,-0.720)) probe(trace_dist=0.0508, hit=False, normal_y=None, fraction=None) post(grounded=False, vel=(-0.355,-0.245,-0.720), horiz_speed=0.803, pos=(-23.165,0.183,0.804))
[movedbg #903] pre(grounded=False, jumping=False, normal=(0.000,1.000,0.000), vel=(-0.355,-0.245,-0.720)) probe(trace_dist=0.0508, hit=False, normal_y=None, fraction=None) post(grounded=False, vel=(-0.355,-0.327,-0.720), horiz_speed=0.803, pos=(-23.168,0.180,0.798))
[movedbg #904] pre(grounded=False, jumping=False, normal=(0.000,1.000,0.000), vel=(-0.355,-0.327,-0.720)) probe(trace_dist=0.0508, hit=False, normal_y=None, fraction=None) post(grounded=True, vel=(-0.307,0.000,-0.720), horiz_speed=0.783, pos=(-23.171,0.180,0.792))
[movedbg #905] pre(grounded=False, jumping=False, normal=(0.000,1.000,0.000), vel=(-0.307,0.000,-0.720)) probe(trace_dist=0.0508, hit=False, normal_y=None, fraction=None) post(grounded=False, vel=(-0.373,-0.082,-0.770), horiz_speed=0.856, pos=(-23.174,0.179,0.786))
[movedbg #906] pre(grounded=False, jumping=False, normal=(0.000,1.000,0.000), vel=(-0.373,-0.082,-0.770)) probe(trace_dist=0.0508, hit=False, normal_y=None, fraction=None) post(grounded=False, vel=(-0.373,-0.164,-0.770), horiz_speed=0.856, pos=(-23.177,0.178,0.779))
[movedbg #907] pre(grounded=False, jumping=False, normal=(0.000,1.000,0.000), vel=(-0.373,-0.164,-0.770)) probe(trace_dist=0.0508, hit=False, normal_y=None, fraction=None) post(grounded=False, vel=(-0.373,-0.245,-0.770), horiz_speed=0.856, pos=(-23.180,0.176,0.773))
[movedbg #908] pre(grounded=False, jumping=False, normal=(0.000,1.000,0.000), vel=(-0.373,-0.245,-0.770)) probe(trace_dist=0.0508, hit=False, normal_y=None, fraction=None) post(grounded=True, vel=(-0.322,0.000,-0.770), horiz_speed=0.835, pos=(-23.183,0.176,0.766))
[movedbg #909] pre(grounded=False, jumping=False, normal=(0.000,1.000,0.000), vel=(-0.322,0.000,-0.770)) probe(trace_dist=0.0508, hit=False, normal_y=None, fraction=None) post(grounded=False, vel=(-0.355,-0.082,-0.794), horiz_speed=0.870, pos=(-23.186,0.175,0.760))
[movedbg #910] pre(grounded=False, jumping=False, normal=(0.000,1.000,0.000), vel=(-0.355,-0.082,-0.794)) probe(trace_dist=0.0508, hit=False, normal_y=None, fraction=None) post(grounded=False, vel=(-0.355,-0.164,-0.794), horiz_speed=0.870, pos=(-23.189,0.174,0.753))
[movedbg #911] pre(grounded=False, jumping=False, normal=(0.000,1.000,0.000), vel=(-0.355,-0.164,-0.794)) probe(trace_dist=0.0508, hit=False, normal_y=None, fraction=None) post(grounded=False, vel=(-0.355,-0.245,-0.794), horiz_speed=0.870, pos=(-23.192,0.172,0.746))
[movedbg #912] pre(grounded=False, jumping=False, normal=(0.000,1.000,0.000), vel=(-0.355,-0.245,-0.794)) probe(trace_dist=0.0508, hit=False, normal_y=None, fraction=None) post(grounded=True, vel=(-0.306,0.000,-0.794), horiz_speed=0.851, pos=(-23.195,0.170,0.740))
[movedbg #913] pre(grounded=False, jumping=False, normal=(0.000,1.000,0.000), vel=(-0.306,0.000,-0.794)) probe(trace_dist=0.0508, hit=False, normal_y=None, fraction=None) post(grounded=False, vel=(-0.337,-0.082,-0.818), horiz_speed=0.884, pos=(-23.198,0.170,0.733))
[movedbg #914] pre(grounded=False, jumping=False, normal=(0.000,1.000,0.000), vel=(-0.337,-0.082,-0.818)) probe(trace_dist=0.0508, hit=False, normal_y=None, fraction=None) post(grounded=False, vel=(-0.337,-0.164,-0.818), horiz_speed=0.884, pos=(-23.201,0.168,0.726))
[movedbg #915] pre(grounded=False, jumping=False, normal=(0.000,1.000,0.000), vel=(-0.337,-0.164,-0.818)) probe(trace_dist=0.0508, hit=False, normal_y=None, fraction=None) post(grounded=False, vel=(-0.337,-0.245,-0.818), horiz_speed=0.884, pos=(-23.204,0.166,0.719))
[movedbg #916] pre(grounded=False, jumping=False, normal=(0.000,1.000,0.000), vel=(-0.337,-0.245,-0.818)) probe(trace_dist=0.0508, hit=False, normal_y=None, fraction=None) post(grounded=True, vel=(-0.291,0.000,-0.818), horiz_speed=0.868, pos=(-23.206,0.166,0.713))
[movedbg #917] pre(grounded=False, jumping=False, normal=(0.000,1.000,0.000), vel=(-0.291,0.000,-0.818)) probe(trace_dist=0.0508, hit=False, normal_y=None, fraction=None) post(grounded=False, vel=(-0.320,-0.082,-0.840), horiz_speed=0.899, pos=(-23.209,0.166,0.706))
[movedbg #918] pre(grounded=False, jumping=False, normal=(0.000,1.000,0.000), vel=(-0.320,-0.082,-0.840)) probe(trace_dist=0.0508, hit=False, normal_y=None, fraction=None) post(grounded=False, vel=(-0.320,-0.164,-0.840), horiz_speed=0.899, pos=(-23.212,0.164,0.699))
[movedbg #919] pre(grounded=False, jumping=False, normal=(0.000,1.000,0.000), vel=(-0.320,-0.164,-0.840)) probe(trace_dist=0.0508, hit=False, normal_y=None, fraction=None) post(grounded=False, vel=(-0.320,-0.245,-0.840), horiz_speed=0.899, pos=(-23.214,0.162,0.692))
[movedbg #920] pre(grounded=False, jumping=False, normal=(0.000,1.000,0.000), vel=(-0.320,-0.245,-0.840)) probe(trace_dist=0.0508, hit=False, normal_y=None, fraction=None) post(grounded=True, vel=(-0.277,0.000,-0.840), horiz_speed=0.884, pos=(-23.217,0.162,0.685))
[movedbg #921] pre(grounded=False, jumping=False, normal=(0.000,1.000,0.000), vel=(-0.277,0.000,-0.840)) probe(trace_dist=0.0508, hit=False, normal_y=None, fraction=None) post(grounded=False, vel=(-0.304,-0.082,-0.861), horiz_speed=0.913, pos=(-23.220,0.162,0.677))
[movedbg #922] pre(grounded=False, jumping=False, normal=(0.000,1.000,0.000), vel=(-0.304,-0.082,-0.861)) probe(trace_dist=0.0508, hit=False, normal_y=None, fraction=None) post(grounded=False, vel=(-0.304,-0.164,-0.861), horiz_speed=0.913, pos=(-23.222,0.160,0.670))
[movedbg #923] pre(grounded=False, jumping=False, normal=(0.000,1.000,0.000), vel=(-0.304,-0.164,-0.861)) probe(trace_dist=0.0508, hit=False, normal_y=None, fraction=None) post(grounded=False, vel=(-0.304,-0.245,-0.861), horiz_speed=0.913, pos=(-23.225,0.158,0.663))
[movedbg #924] pre(grounded=False, jumping=False, normal=(0.000,1.000,0.000), vel=(-0.304,-0.245,-0.861)) probe(trace_dist=0.0508, hit=False, normal_y=None, fraction=None) post(grounded=True, vel=(-0.263,0.000,-0.861), horiz_speed=0.900, pos=(-23.227,0.158,0.656))
[movedbg #925] pre(grounded=False, jumping=False, normal=(0.000,1.000,0.000), vel=(-0.263,0.000,-0.861)) probe(trace_dist=0.0508, hit=False, normal_y=None, fraction=None) post(grounded=False, vel=(-0.289,-0.082,-0.881), horiz_speed=0.927, pos=(-23.230,0.158,0.649))
[movedbg #926] pre(grounded=False, jumping=False, normal=(0.000,1.000,0.000), vel=(-0.289,-0.082,-0.881)) probe(trace_dist=0.0508, hit=False, normal_y=None, fraction=None) post(grounded=False, vel=(-0.289,-0.164,-0.881), horiz_speed=0.927, pos=(-23.232,0.156,0.641))
[movedbg #927] pre(grounded=False, jumping=False, normal=(0.000,1.000,0.000), vel=(-0.289,-0.164,-0.881)) probe(trace_dist=0.0508, hit=False, normal_y=None, fraction=None) post(grounded=False, vel=(-0.289,-0.245,-0.881), horiz_speed=0.927, pos=(-23.234,0.154,0.634))
[movedbg #928] pre(grounded=False, jumping=False, normal=(0.000,1.000,0.000), vel=(-0.289,-0.245,-0.881)) probe(trace_dist=0.0508, hit=False, normal_y=None, fraction=None) post(grounded=True, vel=(-0.250,0.000,-0.881), horiz_speed=0.915, pos=(-23.237,0.154,0.627))
[movedbg #929] pre(grounded=False, jumping=False, normal=(0.000,1.000,0.000), vel=(-0.250,0.000,-0.881)) probe(trace_dist=0.0508, hit=False, normal_y=None, fraction=None) post(grounded=False, vel=(-0.275,-0.082,-0.900), horiz_speed=0.941, pos=(-23.239,0.154,0.619))
[movedbg #930] pre(grounded=False, jumping=False, normal=(0.000,1.000,0.000), vel=(-0.275,-0.082,-0.900)) probe(trace_dist=0.0508, hit=False, normal_y=None, fraction=None) post(grounded=False, vel=(-0.275,-0.164,-0.900), horiz_speed=0.941, pos=(-23.242,0.152,0.612))
[movedbg #931] pre(grounded=False, jumping=False, normal=(0.000,1.000,0.000), vel=(-0.275,-0.164,-0.900)) probe(trace_dist=0.0508, hit=False, normal_y=None, fraction=None) post(grounded=False, vel=(-0.275,-0.245,-0.900), horiz_speed=0.941, pos=(-23.244,0.150,0.604))
[movedbg #932] pre(grounded=False, jumping=False, normal=(0.000,1.000,0.000), vel=(-0.275,-0.245,-0.900)) probe(trace_dist=0.0508, hit=False, normal_y=None, fraction=None) post(grounded=True, vel=(-0.237,0.000,-0.900), horiz_speed=0.931, pos=(-23.246,0.150,0.597))
[movedbg #933] pre(grounded=False, jumping=False, normal=(0.000,1.000,0.000), vel=(-0.237,0.000,-0.900)) probe(trace_dist=0.0508, hit=False, normal_y=None, fraction=None) post(grounded=False, vel=(-0.261,-0.082,-0.918), horiz_speed=0.954, pos=(-23.248,0.150,0.589))
[movedbg #934] pre(grounded=False, jumping=False, normal=(0.000,1.000,0.000), vel=(-0.261,-0.082,-0.918)) probe(trace_dist=0.0508, hit=False, normal_y=None, fraction=None) post(grounded=False, vel=(-0.261,-0.164,-0.918), horiz_speed=0.954, pos=(-23.251,0.148,0.581))
[movedbg #935] pre(grounded=False, jumping=False, normal=(0.000,1.000,0.000), vel=(-0.261,-0.164,-0.918)) probe(trace_dist=0.0508, hit=False, normal_y=None, fraction=None) post(grounded=True, vel=(-0.226,0.000,-0.918), horiz_speed=0.945, pos=(-23.253,0.148,0.574))
[movedbg #936] pre(grounded=False, jumping=False, normal=(0.000,1.000,0.000), vel=(-0.226,0.000,-0.918)) probe(trace_dist=0.0508, hit=False, normal_y=None, fraction=None) post(grounded=False, vel=(-0.248,-0.082,-0.935), horiz_speed=0.967, pos=(-23.255,0.148,0.566))
[movedbg #937] pre(grounded=False, jumping=False, normal=(0.000,1.000,0.000), vel=(-0.248,-0.082,-0.935)) probe(trace_dist=0.0508, hit=False, normal_y=None, fraction=None) post(grounded=False, vel=(-0.248,-0.164,-0.935), horiz_speed=0.967, pos=(-23.257,0.146,0.558))
[movedbg #938] pre(grounded=False, jumping=False, normal=(0.000,1.000,0.000), vel=(-0.248,-0.164,-0.935)) probe(trace_dist=0.0508, hit=False, normal_y=None, fraction=None) post(grounded=False, vel=(-0.248,-0.245,-0.935), horiz_speed=0.967, pos=(-23.259,0.144,0.550))
[movedbg #939] pre(grounded=False, jumping=False, normal=(0.000,1.000,0.000), vel=(-0.248,-0.245,-0.935)) probe(trace_dist=0.0508, hit=False, normal_y=None, fraction=None) post(grounded=True, vel=(-0.215,0.000,-0.935), horiz_speed=0.959, pos=(-23.261,0.145,0.542))
[movedbg #940] pre(grounded=False, jumping=False, normal=(0.000,1.000,0.000), vel=(-0.215,0.000,-0.935)) probe(trace_dist=0.0508, hit=False, normal_y=None, fraction=None) post(grounded=False, vel=(-0.236,-0.082,-0.951), horiz_speed=0.980, pos=(-23.263,0.144,0.534))
[movedbg #941] pre(grounded=False, jumping=False, normal=(0.000,1.000,0.000), vel=(-0.236,-0.082,-0.951)) probe(trace_dist=0.0508, hit=False, normal_y=None, fraction=None) post(grounded=False, vel=(-0.236,-0.164,-0.951), horiz_speed=0.980, pos=(-23.265,0.142,0.527))
[movedbg #942] pre(grounded=False, jumping=False, normal=(0.000,1.000,0.000), vel=(-0.236,-0.164,-0.951)) probe(trace_dist=0.0508, hit=False, normal_y=None, fraction=None) post(grounded=True, vel=(-0.204,0.000,-0.951), horiz_speed=0.973, pos=(-23.267,0.143,0.519))
[movedbg #943] pre(grounded=False, jumping=False, normal=(0.000,1.000,0.000), vel=(-0.204,0.000,-0.951)) probe(trace_dist=0.0508, hit=False, normal_y=None, fraction=None) post(grounded=False, vel=(-0.224,-0.082,-0.967), horiz_speed=0.992, pos=(-23.269,0.142,0.511))
[movedbg #944] pre(grounded=False, jumping=False, normal=(0.000,1.000,0.000), vel=(-0.224,-0.082,-0.967)) probe(trace_dist=0.0508, hit=False, normal_y=None, fraction=None) post(grounded=False, vel=(-0.802,-0.164,-0.886), horiz_speed=1.195, pos=(-23.276,0.141,0.503))
[movedbg #945] pre(grounded=False, jumping=False, normal=(0.000,1.000,0.000), vel=(-0.802,-0.164,-0.886)) probe(trace_dist=0.0508, hit=False, normal_y=None, fraction=None) post(grounded=False, vel=(-0.891,-0.245,-0.874), horiz_speed=1.248, pos=(-23.283,0.139,0.496))
[movedbg #946] pre(grounded=False, jumping=False, normal=(0.000,1.000,0.000), vel=(-0.891,-0.245,-0.874)) probe(trace_dist=0.0508, hit=False, normal_y=None, fraction=None) post(grounded=False, vel=(-0.891,-0.327,-0.874), horiz_speed=1.248, pos=(-23.291,0.136,0.489))
[movedbg #947] pre(grounded=False, jumping=False, normal=(0.000,1.000,0.000), vel=(-0.891,-0.327,-0.874)) probe(trace_dist=0.0508, hit=False, normal_y=None, fraction=None) post(grounded=False, vel=(-0.891,-0.409,-0.874), horiz_speed=1.248, pos=(-23.298,0.133,0.481))
[movedbg #948] pre(grounded=False, jumping=False, normal=(0.000,1.000,0.000), vel=(-0.891,-0.409,-0.874)) probe(trace_dist=0.0508, hit=False, normal_y=None, fraction=None) post(grounded=False, vel=(-0.891,-0.491,-0.874), horiz_speed=1.248, pos=(-23.305,0.128,0.474))
[movedbg #949] pre(grounded=False, jumping=False, normal=(0.000,1.000,0.000), vel=(-0.891,-0.491,-0.874)) probe(trace_dist=0.0508, hit=False, normal_y=None, fraction=None) post(grounded=False, vel=(-0.891,-0.572,-0.874), horiz_speed=1.248, pos=(-23.313,0.124,0.467))
[movedbg #950] pre(grounded=False, jumping=False, normal=(0.000,1.000,0.000), vel=(-0.891,-0.572,-0.874)) probe(trace_dist=0.0508, hit=False, normal_y=None, fraction=None) post(grounded=True, vel=(-0.769,0.000,-0.874), horiz_speed=1.164, pos=(-23.320,0.122,0.459))
[movedbg #951] pre(grounded=False, jumping=False, normal=(0.000,1.000,0.000), vel=(-0.769,0.000,-0.874)) probe(trace_dist=0.0508, hit=False, normal_y=None, fraction=None) post(grounded=False, vel=(-0.769,-0.082,-0.874), horiz_speed=1.164, pos=(-23.326,0.121,0.452))
[movedbg #952] pre(grounded=False, jumping=False, normal=(0.000,1.000,0.000), vel=(-0.769,-0.082,-0.874)) probe(trace_dist=0.0508, hit=False, normal_y=None, fraction=None) post(grounded=False, vel=(-0.769,-0.164,-0.874), horiz_speed=1.164, pos=(-23.332,0.120,0.445))
[movedbg #953] pre(grounded=False, jumping=False, normal=(0.000,1.000,0.000), vel=(-0.769,-0.164,-0.874)) probe(trace_dist=0.0508, hit=False, normal_y=None, fraction=None) post(grounded=False, vel=(-0.769,-0.245,-0.874), horiz_speed=1.164, pos=(-23.339,0.118,0.438))
[movedbg #954] pre(grounded=False, jumping=False, normal=(0.000,1.000,0.000), vel=(-0.769,-0.245,-0.874)) probe(trace_dist=0.0508, hit=False, normal_y=None, fraction=None) post(grounded=False, vel=(-0.769,-0.327,-0.874), horiz_speed=1.164, pos=(-23.345,0.115,0.430))
[movedbg #955] pre(grounded=False, jumping=False, normal=(0.000,1.000,0.000), vel=(-0.769,-0.327,-0.874)) probe(trace_dist=0.0508, hit=False, normal_y=None, fraction=None) post(grounded=False, vel=(-0.769,-0.409,-0.874), horiz_speed=1.164, pos=(-23.352,0.112,0.423))
[movedbg #956] pre(grounded=False, jumping=False, normal=(0.000,1.000,0.000), vel=(-0.769,-0.409,-0.874)) probe(trace_dist=0.0508, hit=False, normal_y=None, fraction=None) post(grounded=False, vel=(-0.769,-0.491,-0.874), horiz_speed=1.164, pos=(-23.358,0.108,0.416))
[movedbg #957] pre(grounded=False, jumping=False, normal=(0.000,1.000,0.000), vel=(-0.769,-0.491,-0.874)) probe(trace_dist=0.0508, hit=False, normal_y=None, fraction=None) post(grounded=False, vel=(-0.769,-0.572,-0.874), horiz_speed=1.164, pos=(-23.364,0.103,0.408))
[movedbg #958] pre(grounded=False, jumping=False, normal=(0.000,1.000,0.000), vel=(-0.769,-0.572,-0.874)) probe(trace_dist=0.0508, hit=False, normal_y=None, fraction=None) post(grounded=True, vel=(-0.664,0.000,-0.874), horiz_speed=1.098, pos=(-23.370,0.102,0.401))
[movedbg #959] pre(grounded=False, jumping=False, normal=(0.000,1.000,0.000), vel=(-0.664,0.000,-0.874)) probe(trace_dist=0.0508, hit=False, normal_y=None, fraction=None) post(grounded=False, vel=(-0.664,-0.082,-0.874), horiz_speed=1.098, pos=(-23.376,0.101,0.394))
[movedbg #960] pre(grounded=False, jumping=False, normal=(0.000,1.000,0.000), vel=(-0.664,-0.082,-0.874)) probe(trace_dist=0.0508, hit=False, normal_y=None, fraction=None) post(grounded=False, vel=(-0.664,-0.164,-0.874), horiz_speed=1.098, pos=(-23.381,0.100,0.387))
[movedbg #961] pre(grounded=False, jumping=False, normal=(0.000,1.000,0.000), vel=(-0.664,-0.164,-0.874)) probe(trace_dist=0.0508, hit=False, normal_y=None, fraction=None) post(grounded=False, vel=(-0.664,-0.245,-0.874), horiz_speed=1.098, pos=(-23.387,0.098,0.379))
[movedbg #962] pre(grounded=False, jumping=False, normal=(0.000,1.000,0.000), vel=(-0.664,-0.245,-0.874)) probe(trace_dist=0.0508, hit=False, normal_y=None, fraction=None) post(grounded=False, vel=(-0.664,-0.327,-0.874), horiz_speed=1.098, pos=(-23.392,0.095,0.372))
[movedbg #963] pre(grounded=False, jumping=False, normal=(0.000,1.000,0.000), vel=(-0.664,-0.327,-0.874)) probe(trace_dist=0.0508, hit=False, normal_y=None, fraction=None) post(grounded=False, vel=(-0.664,-0.409,-0.874), horiz_speed=1.098, pos=(-23.398,0.091,0.365))
[movedbg #964] pre(grounded=False, jumping=False, normal=(0.000,1.000,0.000), vel=(-0.664,-0.409,-0.874)) probe(trace_dist=0.0508, hit=False, normal_y=None, fraction=None) post(grounded=False, vel=(-0.664,-0.491,-0.874), horiz_speed=1.098, pos=(-23.404,0.087,0.357))
[movedbg #965] pre(grounded=False, jumping=False, normal=(0.000,1.000,0.000), vel=(-0.664,-0.491,-0.874)) probe(trace_dist=0.0508, hit=False, normal_y=None, fraction=None) post(grounded=True, vel=(-0.574,0.000,-0.874), horiz_speed=1.046, pos=(-23.409,0.086,0.350))
[movedbg #966] pre(grounded=False, jumping=False, normal=(0.000,1.000,0.000), vel=(-0.574,0.000,-0.874)) probe(trace_dist=0.0508, hit=False, normal_y=None, fraction=None) post(grounded=False, vel=(-0.574,-0.082,-0.874), horiz_speed=1.046, pos=(-23.413,0.086,0.343))
[movedbg #967] pre(grounded=False, jumping=False, normal=(0.000,1.000,0.000), vel=(-0.574,-0.082,-0.874)) probe(trace_dist=0.0508, hit=False, normal_y=None, fraction=None) post(grounded=False, vel=(-0.574,-0.164,-0.874), horiz_speed=1.046, pos=(-23.418,0.084,0.336))
[movedbg #968] pre(grounded=False, jumping=False, normal=(0.000,1.000,0.000), vel=(-0.574,-0.164,-0.874)) probe(trace_dist=0.0508, hit=False, normal_y=None, fraction=None) post(grounded=False, vel=(-0.574,-0.245,-0.874), horiz_speed=1.046, pos=(-23.423,0.082,0.328))
[movedbg #969] pre(grounded=False, jumping=False, normal=(0.000,1.000,0.000), vel=(-0.574,-0.245,-0.874)) probe(trace_dist=0.0508, hit=False, normal_y=None, fraction=None) post(grounded=False, vel=(-0.574,-0.327,-0.874), horiz_speed=1.046, pos=(-23.428,0.080,0.321))
[movedbg #970] pre(grounded=False, jumping=False, normal=(0.000,1.000,0.000), vel=(-0.574,-0.327,-0.874)) probe(trace_dist=0.0508, hit=False, normal_y=None, fraction=None) post(grounded=False, vel=(-0.574,-0.409,-0.874), horiz_speed=1.046, pos=(-23.433,0.076,0.314))
[movedbg #971] pre(grounded=False, jumping=False, normal=(0.000,1.000,0.000), vel=(-0.574,-0.409,-0.874)) probe(trace_dist=0.0508, hit=False, normal_y=None, fraction=None) post(grounded=True, vel=(-0.428,0.000,-0.874), horiz_speed=0.973, pos=(-23.438,0.075,0.306))
[movedbg #972] pre(grounded=False, jumping=False, normal=(0.000,1.000,0.000), vel=(-0.428,0.000,-0.874)) probe(trace_dist=0.0508, hit=False, normal_y=None, fraction=None) post(grounded=False, vel=(-0.428,-0.082,-0.874), horiz_speed=0.973, pos=(-23.441,0.074,0.299))
[movedbg #973] pre(grounded=False, jumping=False, normal=(0.000,1.000,0.000), vel=(-0.428,-0.082,-0.874)) probe(trace_dist=0.0508, hit=False, normal_y=None, fraction=None) post(grounded=False, vel=(-0.428,-0.164,-0.874), horiz_speed=0.973, pos=(-23.445,0.073,0.292))
[movedbg #974] pre(grounded=False, jumping=False, normal=(0.000,1.000,0.000), vel=(-0.428,-0.164,-0.874)) probe(trace_dist=0.0508, hit=False, normal_y=None, fraction=None) post(grounded=False, vel=(-0.428,-0.245,-0.874), horiz_speed=0.973, pos=(-23.448,0.071,0.285))
[movedbg #975] pre(grounded=False, jumping=False, normal=(0.000,1.000,0.000), vel=(-0.428,-0.245,-0.874)) probe(trace_dist=0.0508, hit=False, normal_y=None, fraction=None) post(grounded=False, vel=(-0.428,-0.327,-0.874), horiz_speed=0.973, pos=(-23.452,0.068,0.277))
[movedbg #976] pre(grounded=False, jumping=False, normal=(0.000,1.000,0.000), vel=(-0.428,-0.327,-0.874)) probe(trace_dist=0.0508, hit=False, normal_y=None, fraction=None) post(grounded=True, vel=(-0.370,0.000,-0.874), horiz_speed=0.949, pos=(-23.455,0.068,0.270))
[movedbg #977] pre(grounded=False, jumping=False, normal=(0.000,1.000,0.000), vel=(-0.370,0.000,-0.874)) probe(trace_dist=0.0508, hit=False, normal_y=None, fraction=None) post(grounded=False, vel=(-0.370,-0.082,-0.874), horiz_speed=0.949, pos=(-23.458,0.067,0.263))
[movedbg #978] pre(grounded=False, jumping=False, normal=(0.000,1.000,0.000), vel=(-0.370,-0.082,-0.874)) probe(trace_dist=0.0508, hit=False, normal_y=None, fraction=None) post(grounded=False, vel=(-0.370,-0.164,-0.874), horiz_speed=0.949, pos=(-23.461,0.066,0.256))
[movedbg #979] pre(grounded=False, jumping=False, normal=(0.000,1.000,0.000), vel=(-0.370,-0.164,-0.874)) probe(trace_dist=0.0508, hit=False, normal_y=None, fraction=None) post(grounded=False, vel=(-0.370,-0.245,-0.874), horiz_speed=0.949, pos=(-23.465,0.064,0.248))
[movedbg #980] pre(grounded=False, jumping=False, normal=(0.000,1.000,0.000), vel=(-0.370,-0.245,-0.874)) probe(trace_dist=0.0508, hit=False, normal_y=None, fraction=None) post(grounded=False, vel=(-0.370,-0.327,-0.874), horiz_speed=0.949, pos=(-23.468,0.061,0.241))
[movedbg #981] pre(grounded=False, jumping=False, normal=(0.000,1.000,0.000), vel=(-0.370,-0.327,-0.874)) probe(trace_dist=0.0508, hit=False, normal_y=None, fraction=None) post(grounded=True, vel=(-0.319,0.000,-0.874), horiz_speed=0.931, pos=(-23.471,0.061,0.234))
[movedbg #982] pre(grounded=False, jumping=False, normal=(0.000,1.000,0.000), vel=(-0.319,0.000,-0.874)) probe(trace_dist=0.0508, hit=False, normal_y=None, fraction=None) post(grounded=False, vel=(-0.319,-0.082,-0.874), horiz_speed=0.931, pos=(-23.473,0.060,0.226))
[movedbg #983] pre(grounded=False, jumping=False, normal=(0.000,1.000,0.000), vel=(-0.319,-0.082,-0.874)) probe(trace_dist=0.0508, hit=False, normal_y=None, fraction=None) post(grounded=False, vel=(-0.319,-0.164,-0.874), horiz_speed=0.931, pos=(-23.476,0.059,0.219))
[movedbg #984] pre(grounded=False, jumping=False, normal=(0.000,1.000,0.000), vel=(-0.319,-0.164,-0.874)) probe(trace_dist=0.0508, hit=False, normal_y=None, fraction=None) post(grounded=False, vel=(-0.319,-0.245,-0.874), horiz_speed=0.931, pos=(-23.479,0.057,0.212))
[movedbg #985] pre(grounded=False, jumping=False, normal=(0.000,1.000,0.000), vel=(-0.319,-0.245,-0.874)) probe(trace_dist=0.0508, hit=False, normal_y=None, fraction=None) post(grounded=True, vel=(-0.276,0.000,-0.874), horiz_speed=0.917, pos=(-23.481,0.057,0.205))
[movedbg #986] pre(grounded=False, jumping=False, normal=(0.000,1.000,0.000), vel=(-0.276,0.000,-0.874)) probe(trace_dist=0.0508, hit=False, normal_y=None, fraction=None) post(grounded=False, vel=(-0.276,-0.082,-0.874), horiz_speed=0.917, pos=(-23.484,0.056,0.197))
[movedbg #987] pre(grounded=False, jumping=False, normal=(0.000,1.000,0.000), vel=(-0.276,-0.082,-0.874)) probe(trace_dist=0.0508, hit=False, normal_y=None, fraction=None) post(grounded=False, vel=(-0.276,-0.164,-0.874), horiz_speed=0.917, pos=(-23.486,0.055,0.190))
[movedbg #988] pre(grounded=False, jumping=False, normal=(0.000,1.000,0.000), vel=(-0.276,-0.164,-0.874)) probe(trace_dist=0.0508, hit=False, normal_y=None, fraction=None) post(grounded=False, vel=(-0.276,-0.245,-0.874), horiz_speed=0.917, pos=(-23.488,0.053,0.183))
[movedbg #989] pre(grounded=False, jumping=False, normal=(0.000,1.000,0.000), vel=(-0.276,-0.245,-0.874)) probe(trace_dist=0.0508, hit=False, normal_y=None, fraction=None) post(grounded=True, vel=(-0.238,0.000,-0.874), horiz_speed=0.906, pos=(-23.491,0.053,0.175))
[movedbg #990] pre(grounded=False, jumping=False, normal=(0.000,1.000,0.000), vel=(-0.238,0.000,-0.874)) probe(trace_dist=0.0508, hit=False, normal_y=None, fraction=None) post(grounded=False, vel=(-0.238,-0.082,-0.874), horiz_speed=0.906, pos=(-23.493,0.052,0.168))
[movedbg #991] pre(grounded=False, jumping=False, normal=(0.000,1.000,0.000), vel=(-0.238,-0.082,-0.874)) probe(trace_dist=0.0508, hit=False, normal_y=None, fraction=None) post(grounded=False, vel=(-0.238,-0.164,-0.874), horiz_speed=0.906, pos=(-23.495,0.051,0.161))
[movedbg #992] pre(grounded=False, jumping=False, normal=(0.000,1.000,0.000), vel=(-0.238,-0.164,-0.874)) probe(trace_dist=0.0508, hit=False, normal_y=None, fraction=None) post(grounded=True, vel=(-0.206,0.000,-0.874), horiz_speed=0.898, pos=(-23.497,0.051,0.154))
[movedbg #993] pre(grounded=False, jumping=False, normal=(0.000,1.000,0.000), vel=(-0.206,0.000,-0.874)) probe(trace_dist=0.0508, hit=False, normal_y=None, fraction=None) post(grounded=False, vel=(-0.206,-0.082,-0.874), horiz_speed=0.898, pos=(-23.498,0.051,0.146))
[movedbg #994] pre(grounded=False, jumping=False, normal=(0.000,1.000,0.000), vel=(-0.206,-0.082,-0.874)) probe(trace_dist=0.0508, hit=False, normal_y=None, fraction=None) post(grounded=False, vel=(-0.206,-0.164,-0.874), horiz_speed=0.898, pos=(-23.500,0.049,0.139))
[movedbg #995] pre(grounded=False, jumping=False, normal=(0.000,1.000,0.000), vel=(-0.206,-0.164,-0.874)) probe(trace_dist=0.0508, hit=False, normal_y=None, fraction=None) post(grounded=True, vel=(-0.178,0.000,-0.874), horiz_speed=0.892, pos=(-23.502,0.050,0.132))
[movedbg #996] pre(grounded=False, jumping=False, normal=(0.000,1.000,0.000), vel=(-0.178,0.000,-0.874)) probe(trace_dist=0.0508, hit=False, normal_y=None, fraction=None) post(grounded=False, vel=(-0.178,-0.082,-0.874), horiz_speed=0.892, pos=(-23.503,0.049,0.124))
[movedbg #997] pre(grounded=False, jumping=False, normal=(0.000,1.000,0.000), vel=(-0.178,-0.082,-0.874)) probe(trace_dist=0.0508, hit=False, normal_y=None, fraction=None) post(grounded=False, vel=(-0.178,-0.164,-0.874), horiz_speed=0.892, pos=(-23.505,0.048,0.117))
[movedbg #998] pre(grounded=False, jumping=False, normal=(0.000,1.000,0.000), vel=(-0.178,-0.164,-0.874)) probe(trace_dist=0.0508, hit=False, normal_y=None, fraction=None) post(grounded=True, vel=(0.000,0.000,0.000), horiz_speed=0.000, pos=(-23.507,0.048,0.111))
[movedbg #999] pre(grounded=False, jumping=False, normal=(0.000,1.000,0.000), vel=(0.000,0.000,0.000)) probe(trace_dist=0.0508, hit=False, normal_y=None, fraction=None) post(grounded=False, vel=(0.000,-0.082,0.000), horiz_speed=0.000, pos=(-23.507,0.047,0.111))
[movedbg #1000] pre(grounded=False, jumping=False, normal=(0.000,1.000,0.000), vel=(0.000,-0.082,0.000)) probe(trace_dist=0.0508, hit=False, normal_y=None, fraction=None) post(grounded=False, vel=(0.000,-0.164,0.000), horiz_speed=0.000, pos=(-23.507,0.046,0.111))
[movedbg #1001] pre(grounded=False, jumping=False, normal=(0.000,1.000,0.000), vel=(0.000,-0.164,0.000)) probe(trace_dist=0.0508, hit=False, normal_y=None, fraction=None) post(grounded=True, vel=(0.000,0.000,0.000), horiz_speed=0.000, pos=(-23.507,0.047,0.111))
[movedbg #1002] pre(grounded=False, jumping=False, normal=(0.000,1.000,0.000), vel=(0.000,0.000,0.000)) probe(trace_dist=0.0508, hit=False, normal_y=None, fraction=None) post(grounded=False, vel=(0.000,-0.082,0.000), horiz_speed=0.000, pos=(-23.507,0.046,0.111))
[movedbg #1003] pre(grounded=False, jumping=False, normal=(0.000,1.000,0.000), vel=(0.000,-0.082,0.000)) probe(trace_dist=0.0508, hit=False, normal_y=None, fraction=None) post(grounded=True, vel=(0.000,0.000,0.000), horiz_speed=0.000, pos=(-23.508,0.047,0.111))
[movedbg #1004] pre(grounded=False, jumping=False, normal=(0.000,1.000,0.000), vel=(0.000,0.000,0.000)) probe(trace_dist=0.0508, hit=False, normal_y=None, fraction=None) post(grounded=False, vel=(0.000,-0.082,0.000), horiz_speed=0.000, pos=(-23.508,0.046,0.111))
[movedbg #1005] pre(grounded=False, jumping=False, normal=(0.000,1.000,0.000), vel=(0.000,-0.082,0.000)) probe(trace_dist=0.0508, hit=False, normal_y=None, fraction=None) post(grounded=True, vel=(0.000,0.000,0.000), horiz_speed=0.000, pos=(-23.508,0.047,0.111))
[movedbg #1006] pre(grounded=False, jumping=False, normal=(0.000,1.000,0.000), vel=(0.000,0.000,0.000)) probe(trace_dist=0.0508, hit=False, normal_y=None, fraction=None) post(grounded=False, vel=(0.000,-0.082,0.000), horiz_speed=0.000, pos=(-23.508,0.046,0.111))
[movedbg #1007] pre(grounded=False, jumping=False, normal=(0.000,1.000,0.000), vel=(0.000,-0.082,0.000)) probe(trace_dist=0.0508, hit=False, normal_y=None, fraction=None) post(grounded=True, vel=(0.000,0.000,0.000), horiz_speed=0.000, pos=(-23.508,0.046,0.111))
[movedbg #1008] pre(grounded=False, jumping=False, normal=(0.000,1.000,0.000), vel=(0.000,0.000,0.000)) probe(trace_dist=0.0508, hit=False, normal_y=None, fraction=None) post(grounded=False, vel=(0.000,-0.082,0.000), horiz_speed=0.000, pos=(-23.508,0.045,0.111))
[movedbg #1009] pre(grounded=False, jumping=False, normal=(0.000,1.000,0.000), vel=(0.000,-0.082,0.000)) probe(trace_dist=0.0508, hit=False, normal_y=None, fraction=None) post(grounded=True, vel=(0.000,0.000,0.000), horiz_speed=0.000, pos=(-23.509,0.046,0.111))
[movedbg #1010] pre(grounded=False, jumping=False, normal=(0.000,1.000,0.000), vel=(0.000,0.000,0.000)) probe(trace_dist=0.0508, hit=False, normal_y=None, fraction=None) post(grounded=False, vel=(0.000,-0.082,0.000), horiz_speed=0.000, pos=(-23.509,0.046,0.111))
[movedbg #1011] pre(grounded=False, jumping=False, normal=(0.000,1.000,0.000), vel=(0.000,-0.082,0.000)) probe(trace_dist=0.0508, hit=False, normal_y=None, fraction=None) post(grounded=True, vel=(0.000,0.000,0.000), horiz_speed=0.000, pos=(-23.509,0.046,0.111))
[movedbg #1012] pre(grounded=False, jumping=False, normal=(0.000,1.000,0.000), vel=(0.000,0.000,0.000)) probe(trace_dist=0.0508, hit=False, normal_y=None, fraction=None) post(grounded=False, vel=(0.000,-0.082,0.000), horiz_speed=0.000, pos=(-23.509,0.046,0.111))
[movedbg #1013] pre(grounded=False, jumping=False, normal=(0.000,1.000,0.000), vel=(0.000,-0.082,0.000)) probe(trace_dist=0.0508, hit=False, normal_y=None, fraction=None) post(grounded=True, vel=(0.000,0.000,0.000), horiz_speed=0.000, pos=(-23.509,0.046,0.111))
[movedbg #1014] pre(grounded=False, jumping=False, normal=(0.000,1.000,0.000), vel=(0.000,0.000,0.000)) probe(trace_dist=0.0508, hit=False, normal_y=None, fraction=None) post(grounded=False, vel=(0.000,-0.082,0.000), horiz_speed=0.000, pos=(-23.509,0.045,0.111))
[movedbg #1015] pre(grounded=False, jumping=False, normal=(0.000,1.000,0.000), vel=(0.000,-0.082,0.000)) probe(trace_dist=0.0508, hit=False, normal_y=None, fraction=None) post(grounded=True, vel=(0.000,0.000,0.000), horiz_speed=0.000, pos=(-23.510,0.046,0.111))
[movedbg #1016] pre(grounded=False, jumping=False, normal=(0.000,1.000,0.000), vel=(0.000,0.000,0.000)) probe(trace_dist=0.0508, hit=False, normal_y=None, fraction=None) post(grounded=False, vel=(0.000,-0.082,0.000), horiz_speed=0.000, pos=(-23.510,0.045,0.111))
[movedbg #1017] pre(grounded=False, jumping=False, normal=(0.000,1.000,0.000), vel=(0.000,-0.082,0.000)) probe(trace_dist=0.0508, hit=False, normal_y=None, fraction=None) post(grounded=True, vel=(0.000,0.000,0.000), horiz_speed=0.000, pos=(-23.510,0.046,0.111))
[movedbg #1018] pre(grounded=False, jumping=False, normal=(0.000,1.000,0.000), vel=(0.000,0.000,0.000)) probe(trace_dist=0.0508, hit=False, normal_y=None, fraction=None) post(grounded=False, vel=(0.000,-0.082,0.000), horiz_speed=0.000, pos=(-23.510,0.045,0.111))
[movedbg #1019] pre(grounded=False, jumping=False, normal=(0.000,1.000,0.000), vel=(0.000,-0.082,0.000)) probe(trace_dist=0.0508, hit=False, normal_y=None, fraction=None) post(grounded=True, vel=(0.000,0.000,0.000), horiz_speed=0.000, pos=(-23.511,0.045,0.111))
[movedbg #1020] pre(grounded=False, jumping=False, normal=(0.000,1.000,0.000), vel=(0.000,0.000,0.000)) probe(trace_dist=0.0508, hit=False, normal_y=None, fraction=None) post(grounded=False, vel=(0.000,-0.082,0.000), horiz_speed=0.000, pos=(-23.511,0.044,0.111))
[movedbg #1021] pre(grounded=False, jumping=False, normal=(0.000,1.000,0.000), vel=(0.000,-0.082,0.000)) probe(trace_dist=0.0508, hit=False, normal_y=None, fraction=None) post(grounded=True, vel=(0.000,0.000,0.000), horiz_speed=0.000, pos=(-23.511,0.045,0.111))
[movedbg #1022] pre(grounded=False, jumping=False, normal=(0.000,1.000,0.000), vel=(0.000,0.000,0.000)) probe(trace_dist=0.0508, hit=False, normal_y=None, fraction=None) post(grounded=False, vel=(0.000,-0.082,0.000), horiz_speed=0.000, pos=(-23.511,0.045,0.111))
[movedbg #1023] pre(grounded=False, jumping=False, normal=(0.000,1.000,0.000), vel=(0.000,-0.082,0.000)) probe(trace_dist=0.0508, hit=False, normal_y=None, fraction=None) post(grounded=True, vel=(0.000,0.000,0.000), horiz_speed=0.000, pos=(-23.511,0.046,0.111))
[movedbg #1024] pre(grounded=False, jumping=False, normal=(0.000,1.000,0.000), vel=(0.000,0.000,0.000)) probe(trace_dist=0.0508, hit=False, normal_y=None, fraction=None) post(grounded=False, vel=(0.000,-0.082,0.000), horiz_speed=0.000, pos=(-23.511,0.045,0.111))
[movedbg #1025] pre(grounded=False, jumping=False, normal=(0.000,1.000,0.000), vel=(0.000,-0.082,0.000)) probe(trace_dist=0.0508, hit=False, normal_y=None, fraction=None) post(grounded=True, vel=(0.000,0.000,0.000), horiz_speed=0.000, pos=(-23.512,0.045,0.111))
[movedbg #1026] pre(grounded=False, jumping=False, normal=(0.000,1.000,0.000), vel=(0.000,0.000,0.000)) probe(trace_dist=0.0508, hit=False, normal_y=None, fraction=None) post(grounded=False, vel=(0.000,-0.082,0.000), horiz_speed=0.000, pos=(-23.512,0.044,0.111))
[movedbg #1027] pre(grounded=False, jumping=False, normal=(0.000,1.000,0.000), vel=(0.000,-0.082,0.000)) probe(trace_dist=0.0508, hit=False, normal_y=None, fraction=None) post(grounded=True, vel=(0.000,0.000,0.000), horiz_speed=0.000, pos=(-23.512,0.045,0.111))
[movedbg #1028] pre(grounded=False, jumping=False, normal=(0.000,1.000,0.000), vel=(0.000,0.000,0.000)) probe(trace_dist=0.0508, hit=False, normal_y=None, fraction=None) post(grounded=False, vel=(0.000,-0.082,0.000), horiz_speed=0.000, pos=(-23.512,0.044,0.111))
[movedbg #1029] pre(grounded=False, jumping=False, normal=(0.000,1.000,0.000), vel=(0.000,-0.082,0.000)) probe(trace_dist=0.0508, hit=False, normal_y=None, fraction=None) post(grounded=True, vel=(0.000,0.000,0.000), horiz_speed=0.000, pos=(-23.512,0.045,0.111))
[movedbg #1030] pre(grounded=False, jumping=False, normal=(0.000,1.000,0.000), vel=(0.000,0.000,0.000)) probe(trace_dist=0.0508, hit=False, normal_y=None, fraction=None) post(grounded=False, vel=(0.000,-0.082,0.000), horiz_speed=0.000, pos=(-23.512,0.044,0.111))
[movedbg #1031] pre(grounded=False, jumping=False, normal=(0.000,1.000,0.000), vel=(0.000,-0.082,0.000)) probe(trace_dist=0.0508, hit=False, normal_y=None, fraction=None) post(grounded=True, vel=(0.000,0.000,0.000), horiz_speed=0.000, pos=(-23.513,0.044,0.111))
[movedbg #1032] pre(grounded=False, jumping=False, normal=(0.000,1.000,0.000), vel=(0.000,0.000,0.000)) probe(trace_dist=0.0508, hit=False, normal_y=None, fraction=None) post(grounded=False, vel=(0.000,-0.082,0.000), horiz_speed=0.000, pos=(-23.513,0.044,0.111))
[movedbg #1033] pre(grounded=False, jumping=False, normal=(0.000,1.000,0.000), vel=(0.000,-0.082,0.000)) probe(trace_dist=0.0508, hit=False, normal_y=None, fraction=None) post(grounded=True, vel=(0.000,0.000,0.000), horiz_speed=0.000, pos=(-23.513,0.044,0.111))
[movedbg #1034] pre(grounded=False, jumping=False, normal=(0.000,1.000,0.000), vel=(0.000,0.000,0.000)) probe(trace_dist=0.0508, hit=False, normal_y=None, fraction=None) post(grounded=False, vel=(0.000,-0.082,0.000), horiz_speed=0.000, pos=(-23.513,0.044,0.111))
[movedbg #1035] pre(grounded=False, jumping=False, normal=(0.000,1.000,0.000), vel=(0.000,-0.082,0.000)) probe(trace_dist=0.0508, hit=False, normal_y=None, fraction=None) post(grounded=True, vel=(0.000,0.000,0.000), horiz_speed=0.000, pos=(-23.514,0.045,0.111))
[movedbg #1036] pre(grounded=False, jumping=False, normal=(0.000,1.000,0.000), vel=(0.000,0.000,0.000)) probe(trace_dist=0.0508, hit=False, normal_y=None, fraction=None) post(grounded=False, vel=(0.000,-0.082,0.000), horiz_speed=0.000, pos=(-23.514,0.044,0.111))
[movedbg #1037] pre(grounded=False, jumping=False, normal=(0.000,1.000,0.000), vel=(0.000,-0.082,0.000)) probe(trace_dist=0.0508, hit=False, normal_y=None, fraction=None) post(grounded=True, vel=(0.000,0.000,0.000), horiz_speed=0.000, pos=(-23.514,0.044,0.111))
[movedbg #1038] pre(grounded=False, jumping=False, normal=(0.000,1.000,0.000), vel=(0.000,0.000,0.000)) probe(trace_dist=0.0508, hit=False, normal_y=None, fraction=None) post(grounded=False, vel=(0.000,-0.082,0.000), horiz_speed=0.000, pos=(-23.514,0.043,0.111))
[movedbg #1039] pre(grounded=False, jumping=False, normal=(0.000,1.000,0.000), vel=(0.000,-0.082,0.000)) probe(trace_dist=0.0508, hit=False, normal_y=None, fraction=None) post(grounded=True, vel=(0.000,0.000,0.000), horiz_speed=0.000, pos=(-23.514,0.044,0.111))
[movedbg #1040] pre(grounded=False, jumping=False, normal=(0.000,1.000,0.000), vel=(0.000,0.000,0.000)) probe(trace_dist=0.0508, hit=False, normal_y=None, fraction=None) post(grounded=False, vel=(0.000,-0.082,0.000), horiz_speed=0.000, pos=(-23.514,0.043,0.111))
[movedbg #1041] pre(grounded=False, jumping=False, normal=(0.000,1.000,0.000), vel=(0.000,-0.082,0.000)) probe(trace_dist=0.0508, hit=False, normal_y=None, fraction=None) post(grounded=True, vel=(0.000,0.000,0.000), horiz_speed=0.000, pos=(-23.515,0.044,0.111))
[movedbg #1042] pre(grounded=False, jumping=False, normal=(0.000,1.000,0.000), vel=(0.000,0.000,0.000)) probe(trace_dist=0.0508, hit=False, normal_y=None, fraction=None) post(grounded=False, vel=(0.000,-0.082,0.000), horiz_speed=0.000, pos=(-23.515,0.044,0.111))
[movedbg #1043] pre(grounded=False, jumping=False, normal=(0.000,1.000,0.000), vel=(0.000,-0.082,0.000)) probe(trace_dist=0.0508, hit=False, normal_y=None, fraction=None) post(grounded=True, vel=(0.000,0.000,0.000), horiz_speed=0.000, pos=(-23.515,0.043,0.111))
[movedbg #1044] pre(grounded=False, jumping=False, normal=(0.000,1.000,0.000), vel=(0.000,0.000,0.000)) probe(trace_dist=0.0508, hit=False, normal_y=None, fraction=None) post(grounded=True, vel=(0.000,0.000,0.000), horiz_speed=0.000, pos=(-23.515,0.044,0.111))
[movedbg #1045] pre(grounded=False, jumping=False, normal=(0.000,1.000,0.000), vel=(0.000,0.000,0.000)) probe(trace_dist=0.0508, hit=False, normal_y=None, fraction=None) post(grounded=False, vel=(0.000,-0.082,0.000), horiz_speed=0.000, pos=(-23.515,0.044,0.111))
[movedbg #1046] pre(grounded=False, jumping=False, normal=(0.000,1.000,0.000), vel=(0.000,-0.082,0.000)) probe(trace_dist=0.0508, hit=False, normal_y=None, fraction=None) post(grounded=False, vel=(0.000,-0.164,0.000), horiz_speed=0.000, pos=(-23.515,0.042,0.111))
[movedbg #1047] pre(grounded=False, jumping=False, normal=(0.000,1.000,0.000), vel=(0.000,-0.164,0.000)) probe(trace_dist=0.0508, hit=False, normal_y=None, fraction=None) post(grounded=True, vel=(0.000,0.000,0.000), horiz_speed=0.000, pos=(-23.516,0.043,0.111))
[movedbg #1048] pre(grounded=False, jumping=False, normal=(0.000,1.000,0.000), vel=(0.000,0.000,0.000)) probe(trace_dist=0.0508, hit=False, normal_y=None, fraction=None) post(grounded=False, vel=(0.000,-0.082,0.000), horiz_speed=0.000, pos=(-23.516,0.042,0.111))
[movedbg #1049] pre(grounded=False, jumping=False, normal=(0.000,1.000,0.000), vel=(0.000,-0.082,0.000)) probe(trace_dist=0.0508, hit=False, normal_y=None, fraction=None) post(grounded=True, vel=(0.000,0.000,0.000), horiz_speed=0.000, pos=(-23.516,0.043,0.111))
[movedbg #1050] pre(grounded=False, jumping=False, normal=(0.000,1.000,0.000), vel=(0.000,0.000,0.000)) probe(trace_dist=0.0508, hit=False, normal_y=None, fraction=None) post(grounded=False, vel=(0.000,-0.082,0.000), horiz_speed=0.000, pos=(-23.516,0.043,0.111))
[movedbg #1051] pre(grounded=False, jumping=False, normal=(0.000,1.000,0.000), vel=(0.000,-0.082,0.000)) probe(trace_dist=0.0508, hit=False, normal_y=None, fraction=None) post(grounded=True, vel=(0.000,0.000,0.000), horiz_speed=0.000, pos=(-23.517,0.044,0.111))
[movedbg #1052] pre(grounded=False, jumping=False, normal=(0.000,1.000,0.000), vel=(0.000,0.000,0.000)) probe(trace_dist=0.0508, hit=False, normal_y=None, fraction=None) post(grounded=False, vel=(0.000,-0.082,0.000), horiz_speed=0.000, pos=(-23.517,0.043,0.111))
[movedbg #1053] pre(grounded=False, jumping=False, normal=(0.000,1.000,0.000), vel=(0.000,-0.082,0.000)) probe(trace_dist=0.0508, hit=False, normal_y=None, fraction=None) post(grounded=True, vel=(0.000,0.000,0.000), horiz_speed=0.000, pos=(-23.517,0.043,0.111))
[movedbg #1054] pre(grounded=False, jumping=False, normal=(0.000,1.000,0.000), vel=(0.000,0.000,0.000)) probe(trace_dist=0.0508, hit=False, normal_y=None, fraction=None) post(grounded=True, vel=(0.000,0.000,0.000), horiz_speed=0.000, pos=(-23.517,0.044,0.111))
[movedbg #1055] pre(grounded=False, jumping=False, normal=(0.000,1.000,0.000), vel=(0.000,0.000,0.000)) probe(trace_dist=0.0508, hit=False, normal_y=None, fraction=None) post(grounded=False, vel=(0.000,-0.082,0.000), horiz_speed=0.000, pos=(-23.517,0.043,0.111))
[movedbg #1056] pre(grounded=False, jumping=False, normal=(0.000,1.000,0.000), vel=(0.000,-0.082,0.000)) probe(trace_dist=0.0508, hit=False, normal_y=None, fraction=None) post(grounded=False, vel=(0.000,-0.164,0.000), horiz_speed=0.000, pos=(-23.517,0.041,0.111))
[movedbg #1057] pre(grounded=False, jumping=False, normal=(0.000,1.000,0.000), vel=(0.000,-0.164,0.000)) probe(trace_dist=0.0508, hit=False, normal_y=None, fraction=None) post(grounded=True, vel=(0.000,0.000,0.000), horiz_speed=0.000, pos=(-23.518,0.042,0.111))
[movedbg #1058] pre(grounded=False, jumping=False, normal=(0.000,1.000,0.000), vel=(0.000,0.000,0.000)) probe(trace_dist=0.0508, hit=False, normal_y=None, fraction=None) post(grounded=False, vel=(0.000,-0.082,0.000), horiz_speed=0.000, pos=(-23.518,0.042,0.111))
[movedbg #1059] pre(grounded=False, jumping=False, normal=(0.000,1.000,0.000), vel=(0.000,-0.082,0.000)) probe(trace_dist=0.0508, hit=False, normal_y=None, fraction=None) post(grounded=True, vel=(0.000,0.000,0.000), horiz_speed=0.000, pos=(-23.518,0.043,0.111))
[movedbg #1060] pre(grounded=False, jumping=False, normal=(0.000,1.000,0.000), vel=(0.000,0.000,0.000)) probe(trace_dist=0.0508, hit=False, normal_y=None, fraction=None) post(grounded=False, vel=(0.000,-0.082,0.000), horiz_speed=0.000, pos=(-23.518,0.042,0.111))
[movedbg #1061] pre(grounded=False, jumping=False, normal=(0.000,1.000,0.000), vel=(0.000,-0.082,0.000)) probe(trace_dist=0.0508, hit=False, normal_y=None, fraction=None) post(grounded=True, vel=(0.000,0.000,0.000), horiz_speed=0.000, pos=(-23.518,0.043,0.111))
[movedbg #1062] pre(grounded=False, jumping=False, normal=(0.000,1.000,0.000), vel=(0.000,0.000,0.000)) probe(trace_dist=0.0508, hit=False, normal_y=None, fraction=None) post(grounded=False, vel=(0.000,-0.082,0.000), horiz_speed=0.000, pos=(-23.518,0.042,0.111))
[movedbg #1063] pre(grounded=False, jumping=False, normal=(0.000,1.000,0.000), vel=(0.000,-0.082,0.000)) probe(trace_dist=0.0508, hit=False, normal_y=None, fraction=None) post(grounded=True, vel=(0.000,0.000,0.000), horiz_speed=0.000, pos=(-23.519,0.042,0.111))
[movedbg #1064] pre(grounded=False, jumping=False, normal=(0.000,1.000,0.000), vel=(0.000,0.000,0.000)) probe(trace_dist=0.0508, hit=False, normal_y=None, fraction=None) post(grounded=True, vel=(0.000,0.000,0.000), horiz_speed=0.000, pos=(-23.519,0.043,0.111))
[movedbg #1065] pre(grounded=False, jumping=False, normal=(0.000,1.000,0.000), vel=(0.000,0.000,0.000)) probe(trace_dist=0.0508, hit=False, normal_y=None, fraction=None) post(grounded=False, vel=(0.000,-0.082,0.000), horiz_speed=0.000, pos=(-23.519,0.042,0.111))
[movedbg #1066] pre(grounded=False, jumping=False, normal=(0.000,1.000,0.000), vel=(0.000,-0.082,0.000)) probe(trace_dist=0.0508, hit=False, normal_y=None, fraction=None) post(grounded=False, vel=(0.000,-0.164,0.000), horiz_speed=0.000, pos=(-23.519,0.041,0.111))
[movedbg #1067] pre(grounded=False, jumping=False, normal=(0.000,1.000,0.000), vel=(0.000,-0.164,0.000)) probe(trace_dist=0.0508, hit=False, normal_y=None, fraction=None) post(grounded=True, vel=(0.000,0.000,0.000), horiz_speed=0.000, pos=(-23.519,0.042,0.111))
[movedbg #1068] pre(grounded=False, jumping=False, normal=(0.000,1.000,0.000), vel=(0.000,0.000,0.000)) probe(trace_dist=0.0508, hit=False, normal_y=None, fraction=None) post(grounded=False, vel=(0.000,-0.082,0.000), horiz_speed=0.000, pos=(-23.519,0.041,0.111))
[movedbg #1069] pre(grounded=False, jumping=False, normal=(0.000,1.000,0.000), vel=(0.000,-0.082,0.000)) probe(trace_dist=0.0508, hit=False, normal_y=None, fraction=None) post(grounded=True, vel=(0.000,0.000,0.000), horiz_speed=0.000, pos=(-23.520,0.042,0.111))
[movedbg #1070] pre(grounded=False, jumping=False, normal=(0.000,1.000,0.000), vel=(0.000,0.000,0.000)) probe(trace_dist=0.0508, hit=False, normal_y=None, fraction=None) post(grounded=False, vel=(0.000,-0.082,0.000), horiz_speed=0.000, pos=(-23.520,0.041,0.111))
[movedbg #1071] pre(grounded=False, jumping=False, normal=(0.000,1.000,0.000), vel=(0.000,-0.082,0.000)) probe(trace_dist=0.0508, hit=False, normal_y=None, fraction=None) post(grounded=True, vel=(0.000,0.000,0.000), horiz_speed=0.000, pos=(-23.520,0.042,0.111))
[movedbg #1072] pre(grounded=False, jumping=False, normal=(0.000,1.000,0.000), vel=(0.000,0.000,0.000)) probe(trace_dist=0.0508, hit=False, normal_y=None, fraction=None) post(grounded=False, vel=(0.000,-0.082,0.000), horiz_speed=0.000, pos=(-23.520,0.042,0.111))
[movedbg #1073] pre(grounded=False, jumping=False, normal=(0.000,1.000,0.000), vel=(0.000,-0.082,0.000)) probe(trace_dist=0.0508, hit=False, normal_y=None, fraction=None) post(grounded=True, vel=(0.000,0.000,0.000), horiz_speed=0.000, pos=(-23.521,0.041,0.111))
[movedbg #1074] pre(grounded=False, jumping=False, normal=(0.000,1.000,0.000), vel=(0.000,0.000,0.000)) probe(trace_dist=0.0508, hit=False, normal_y=None, fraction=None) post(grounded=False, vel=(0.000,-0.082,0.000), horiz_speed=0.000, pos=(-23.521,0.040,0.111))
[movedbg #1075] pre(grounded=False, jumping=False, normal=(0.000,1.000,0.000), vel=(0.000,-0.082,0.000)) probe(trace_dist=0.0508, hit=False, normal_y=None, fraction=None) post(grounded=True, vel=(0.000,0.000,0.000), horiz_speed=0.000, pos=(-23.521,0.041,0.111))
[movedbg #1076] pre(grounded=False, jumping=False, normal=(0.000,1.000,0.000), vel=(0.000,0.000,0.000)) probe(trace_dist=0.0508, hit=False, normal_y=None, fraction=None) post(grounded=False, vel=(0.000,-0.082,0.000), horiz_speed=0.000, pos=(-23.521,0.041,0.111))
[movedbg #1077] pre(grounded=False, jumping=False, normal=(0.000,1.000,0.000), vel=(0.000,-0.082,0.000)) probe(trace_dist=0.0508, hit=False, normal_y=None, fraction=None) post(grounded=True, vel=(0.000,0.000,0.000), horiz_speed=0.000, pos=(-23.521,0.042,0.111))
[movedbg #1078] pre(grounded=False, jumping=False, normal=(0.000,1.000,0.000), vel=(0.000,0.000,0.000)) probe(trace_dist=0.0508, hit=False, normal_y=None, fraction=None) post(grounded=False, vel=(0.000,-0.082,0.000), horiz_speed=0.000, pos=(-23.521,0.041,0.111))
[movedbg #1079] pre(grounded=False, jumping=False, normal=(0.000,1.000,0.000), vel=(0.000,-0.082,0.000)) probe(trace_dist=0.0508, hit=False, normal_y=None, fraction=None) post(grounded=True, vel=(0.000,0.000,0.000), horiz_speed=0.000, pos=(-23.522,0.041,0.111))
[movedbg #1080] pre(grounded=False, jumping=False, normal=(0.000,1.000,0.000), vel=(0.000,0.000,0.000)) probe(trace_dist=0.0508, hit=False, normal_y=None, fraction=None) post(grounded=False, vel=(0.000,-0.082,0.000), horiz_speed=0.000, pos=(-23.522,0.040,0.111))
[movedbg #1081] pre(grounded=False, jumping=False, normal=(0.000,1.000,0.000), vel=(0.000,-0.082,0.000)) probe(trace_dist=0.0508, hit=False, normal_y=None, fraction=None) post(grounded=True, vel=(0.000,0.000,0.000), horiz_speed=0.000, pos=(-23.522,0.041,0.111))
[movedbg #1082] pre(grounded=False, jumping=False, normal=(0.000,1.000,0.000), vel=(0.000,0.000,0.000)) probe(trace_dist=0.0508, hit=False, normal_y=None, fraction=None) post(grounded=False, vel=(0.000,-0.082,0.000), horiz_speed=0.000, pos=(-23.522,0.040,0.111))
[movedbg #1083] pre(grounded=False, jumping=False, normal=(0.000,1.000,0.000), vel=(0.000,-0.082,0.000)) probe(trace_dist=0.0508, hit=False, normal_y=None, fraction=None) post(grounded=True, vel=(0.000,0.000,0.000), horiz_speed=0.000, pos=(-23.522,0.041,0.111))
[movedbg #1084] pre(grounded=False, jumping=False, normal=(0.000,1.000,0.000), vel=(0.000,0.000,0.000)) probe(trace_dist=0.0508, hit=False, normal_y=None, fraction=None) post(grounded=False, vel=(0.000,-0.082,0.000), horiz_speed=0.000, pos=(-23.522,0.041,0.111))
[movedbg #1085] pre(grounded=False, jumping=False, normal=(0.000,1.000,0.000), vel=(0.000,-0.082,0.000)) probe(trace_dist=0.0508, hit=False, normal_y=None, fraction=None) post(grounded=True, vel=(0.000,0.000,0.000), horiz_speed=0.000, pos=(-23.523,0.040,0.111))
[movedbg #1086] pre(grounded=False, jumping=False, normal=(0.000,1.000,0.000), vel=(0.000,0.000,0.000)) probe(trace_dist=0.0508, hit=False, normal_y=None, fraction=None) post(grounded=False, vel=(0.000,-0.082,0.000), horiz_speed=0.000, pos=(-23.523,0.040,0.111))
[movedbg #1087] pre(grounded=False, jumping=False, normal=(0.000,1.000,0.000), vel=(0.000,-0.082,0.000)) probe(trace_dist=0.0508, hit=False, normal_y=None, fraction=None) post(grounded=True, vel=(0.000,0.000,0.000), horiz_speed=0.000, pos=(-23.523,0.041,0.111))
[movedbg #1088] pre(grounded=False, jumping=False, normal=(0.000,1.000,0.000), vel=(0.000,0.000,0.000)) probe(trace_dist=0.0508, hit=False, normal_y=None, fraction=None) post(grounded=False, vel=(0.000,-0.082,0.000), horiz_speed=0.000, pos=(-23.523,0.040,0.111))
[movedbg #1089] pre(grounded=False, jumping=False, normal=(0.000,1.000,0.000), vel=(0.000,-0.082,0.000)) probe(trace_dist=0.0508, hit=False, normal_y=None, fraction=None) post(grounded=True, vel=(0.000,0.000,0.000), horiz_speed=0.000, pos=(-23.524,0.041,0.111))
[movedbg #1090] pre(grounded=False, jumping=False, normal=(0.000,1.000,0.000), vel=(0.000,0.000,0.000)) probe(trace_dist=0.0508, hit=False, normal_y=None, fraction=None) post(grounded=False, vel=(0.000,-0.082,0.000), horiz_speed=0.000, pos=(-23.524,0.040,0.111))
[movedbg #1091] pre(grounded=False, jumping=False, normal=(0.000,1.000,0.000), vel=(0.000,-0.082,0.000)) probe(trace_dist=0.0508, hit=False, normal_y=None, fraction=None) post(grounded=True, vel=(0.000,0.000,0.000), horiz_speed=0.000, pos=(-23.524,0.040,0.111))
[movedbg #1092] pre(grounded=False, jumping=False, normal=(0.000,1.000,0.000), vel=(0.000,0.000,0.000)) probe(trace_dist=0.0508, hit=False, normal_y=None, fraction=None) post(grounded=False, vel=(0.000,-0.082,0.000), horiz_speed=0.000, pos=(-23.524,0.039,0.111))
[movedbg #1093] pre(grounded=False, jumping=False, normal=(0.000,1.000,0.000), vel=(0.000,-0.082,0.000)) probe(trace_dist=0.0508, hit=False, normal_y=None, fraction=None) post(grounded=True, vel=(0.000,0.000,0.000), horiz_speed=0.000, pos=(-23.524,0.040,0.111))
[movedbg #1094] pre(grounded=False, jumping=False, normal=(0.000,1.000,0.000), vel=(0.000,0.000,0.000)) probe(trace_dist=0.0508, hit=False, normal_y=None, fraction=None) post(grounded=False, vel=(0.000,-0.082,0.000), horiz_speed=0.000, pos=(-23.524,0.039,0.111))
[movedbg #1095] pre(grounded=False, jumping=False, normal=(0.000,1.000,0.000), vel=(0.000,-0.082,0.000)) probe(trace_dist=0.0508, hit=False, normal_y=None, fraction=None) post(grounded=True, vel=(0.000,0.000,0.000), horiz_speed=0.000, pos=(-23.525,0.040,0.111))
[movedbg #1096] pre(grounded=False, jumping=False, normal=(0.000,1.000,0.000), vel=(0.000,0.000,0.000)) probe(trace_dist=0.0508, hit=False, normal_y=None, fraction=None) post(grounded=False, vel=(0.000,-0.082,0.000), horiz_speed=0.000, pos=(-23.525,0.040,0.111))
[movedbg #1097] pre(grounded=False, jumping=False, normal=(0.000,1.000,0.000), vel=(0.000,-0.082,0.000)) probe(trace_dist=0.0508, hit=False, normal_y=None, fraction=None) post(grounded=True, vel=(0.000,0.000,0.000), horiz_speed=0.000, pos=(-23.525,0.039,0.111))
[movedbg #1098] pre(grounded=False, jumping=False, normal=(0.000,1.000,0.000), vel=(0.000,0.000,0.000)) probe(trace_dist=0.0508, hit=False, normal_y=None, fraction=None) post(grounded=False, vel=(0.000,-0.082,0.000), horiz_speed=0.000, pos=(-23.525,0.039,0.111))
[movedbg #1099] pre(grounded=False, jumping=False, normal=(0.000,1.000,0.000), vel=(0.000,-0.082,0.000)) probe(trace_dist=0.0508, hit=False, normal_y=None, fraction=None) post(grounded=True, vel=(0.000,0.000,0.000), horiz_speed=0.000, pos=(-23.525,0.040,0.111))
[movedbg #1100] pre(grounded=False, jumping=False, normal=(0.000,1.000,0.000), vel=(0.000,0.000,0.000)) probe(trace_dist=0.0508, hit=False, normal_y=None, fraction=None) post(grounded=False, vel=(0.000,-0.082,0.000), horiz_speed=0.000, pos=(-23.525,0.039,0.111))
[movedbg #1101] pre(grounded=False, jumping=False, normal=(0.000,1.000,0.000), vel=(0.000,-0.082,0.000)) probe(trace_dist=0.0508, hit=False, normal_y=None, fraction=None) post(grounded=True, vel=(0.000,0.000,0.000), horiz_speed=0.000, pos=(-23.526,0.040,0.111))
[movedbg #1102] pre(grounded=False, jumping=False, normal=(0.000,1.000,0.000), vel=(0.000,0.000,0.000)) probe(trace_dist=0.0508, hit=False, normal_y=None, fraction=None) post(grounded=False, vel=(0.000,-0.082,0.000), horiz_speed=0.000, pos=(-23.526,0.039,0.111))
[movedbg #1103] pre(grounded=False, jumping=False, normal=(0.000,1.000,0.000), vel=(0.000,-0.082,0.000)) probe(trace_dist=0.0508, hit=False, normal_y=None, fraction=None) post(grounded=True, vel=(0.000,0.000,0.000), horiz_speed=0.000, pos=(-23.526,0.039,0.111))
[movedbg #1104] pre(grounded=False, jumping=False, normal=(0.000,1.000,0.000), vel=(0.000,0.000,0.000)) probe(trace_dist=0.0508, hit=False, normal_y=None, fraction=None) post(grounded=False, vel=(0.000,-0.082,0.000), horiz_speed=0.000, pos=(-23.526,0.038,0.111))
[movedbg #1105] pre(grounded=False, jumping=False, normal=(0.000,1.000,0.000), vel=(0.000,-0.082,0.000)) probe(trace_dist=0.0508, hit=False, normal_y=None, fraction=None) post(grounded=True, vel=(0.000,0.000,0.000), horiz_speed=0.000, pos=(-23.527,0.039,0.111))
[movedbg #1106] pre(grounded=False, jumping=False, normal=(0.000,1.000,0.000), vel=(0.000,0.000,0.000)) probe(trace_dist=0.0508, hit=False, normal_y=None, fraction=None) post(grounded=False, vel=(0.000,-0.082,0.000), horiz_speed=0.000, pos=(-23.527,0.039,0.111))
[movedbg #1107] pre(grounded=False, jumping=False, normal=(0.000,1.000,0.000), vel=(0.000,-0.082,0.000)) probe(trace_dist=0.0508, hit=False, normal_y=None, fraction=None) post(grounded=True, vel=(0.000,0.000,0.000), horiz_speed=0.000, pos=(-23.527,0.039,0.111))
[movedbg #1108] pre(grounded=False, jumping=False, normal=(0.000,1.000,0.000), vel=(0.000,0.000,0.000)) probe(trace_dist=0.0508, hit=False, normal_y=None, fraction=None) post(grounded=False, vel=(0.000,-0.082,0.000), horiz_speed=0.000, pos=(-23.527,0.039,0.111))
[movedbg #1109] pre(grounded=False, jumping=False, normal=(0.000,1.000,0.000), vel=(0.000,-0.082,0.000)) probe(trace_dist=0.0508, hit=False, normal_y=None, fraction=None) post(grounded=True, vel=(0.000,0.000,0.000), horiz_speed=0.000, pos=(-23.527,0.038,0.111))
[movedbg #1110] pre(grounded=False, jumping=False, normal=(0.000,1.000,0.000), vel=(0.000,0.000,0.000)) probe(trace_dist=0.0508, hit=False, normal_y=None, fraction=None) post(grounded=False, vel=(0.000,-0.082,0.000), horiz_speed=0.000, pos=(-23.527,0.038,0.111))
[movedbg #1111] pre(grounded=False, jumping=False, normal=(0.000,1.000,0.000), vel=(0.000,-0.082,0.000)) probe(trace_dist=0.0508, hit=False, normal_y=None, fraction=None) post(grounded=True, vel=(0.000,0.000,0.000), horiz_speed=0.000, pos=(-23.528,0.039,0.111))
[movedbg #1112] pre(grounded=False, jumping=False, normal=(0.000,1.000,0.000), vel=(0.000,0.000,0.000)) probe(trace_dist=0.0508, hit=False, normal_y=None, fraction=None) post(grounded=False, vel=(0.000,-0.082,0.000), horiz_speed=0.000, pos=(-23.528,0.038,0.111))
[movedbg #1113] pre(grounded=False, jumping=False, normal=(0.000,1.000,0.000), vel=(0.000,-0.082,0.000)) probe(trace_dist=0.0508, hit=False, normal_y=None, fraction=None) post(grounded=True, vel=(0.000,0.000,0.000), horiz_speed=0.000, pos=(-23.528,0.039,0.111))
[movedbg #1114] pre(grounded=False, jumping=False, normal=(0.000,1.000,0.000), vel=(0.000,0.000,0.000)) probe(trace_dist=0.0508, hit=False, normal_y=None, fraction=None) post(grounded=False, vel=(0.000,-0.082,0.000), horiz_speed=0.000, pos=(-23.528,0.038,0.111))
[movedbg #1115] pre(grounded=False, jumping=False, normal=(0.000,1.000,0.000), vel=(0.000,-0.082,0.000)) probe(trace_dist=0.0508, hit=False, normal_y=None, fraction=None) post(grounded=True, vel=(0.000,0.000,0.000), horiz_speed=0.000, pos=(-23.528,0.038,0.111))
[movedbg #1116] pre(grounded=False, jumping=False, normal=(0.000,1.000,0.000), vel=(0.000,0.000,0.000)) probe(trace_dist=0.0508, hit=False, normal_y=None, fraction=None) post(grounded=False, vel=(0.000,-0.082,0.000), horiz_speed=0.000, pos=(-23.528,0.037,0.111))
[movedbg #1117] pre(grounded=False, jumping=False, normal=(0.000,1.000,0.000), vel=(0.000,-0.082,0.000)) probe(trace_dist=0.0508, hit=False, normal_y=None, fraction=None) post(grounded=True, vel=(0.000,0.000,0.000), horiz_speed=0.000, pos=(-23.529,0.038,0.111))
[movedbg #1118] pre(grounded=False, jumping=False, normal=(0.000,1.000,0.000), vel=(0.000,0.000,0.000)) probe(trace_dist=0.0508, hit=False, normal_y=None, fraction=None) post(grounded=False, vel=(0.000,-0.082,0.000), horiz_speed=0.000, pos=(-23.529,0.038,0.111))
[movedbg #1119] pre(grounded=False, jumping=False, normal=(0.000,1.000,0.000), vel=(0.000,-0.082,0.000)) probe(trace_dist=0.0508, hit=False, normal_y=None, fraction=None) post(grounded=True, vel=(0.000,0.000,0.000), horiz_speed=0.000, pos=(-23.529,0.039,0.111))
[movedbg #1120] pre(grounded=False, jumping=False, normal=(0.000,1.000,0.000), vel=(0.000,0.000,0.000)) probe(trace_dist=0.0508, hit=False, normal_y=None, fraction=None) post(grounded=False, vel=(0.000,-0.082,0.000), horiz_speed=0.000, pos=(-23.529,0.038,0.111))
[movedbg #1121] pre(grounded=False, jumping=False, normal=(0.000,1.000,0.000), vel=(0.000,-0.082,0.000)) probe(trace_dist=0.0508, hit=False, normal_y=None, fraction=None) post(grounded=True, vel=(0.000,0.000,0.000), horiz_speed=0.000, pos=(-23.529,0.038,0.111))
[movedbg #1122] pre(grounded=False, jumping=False, normal=(0.000,1.000,0.000), vel=(0.000,0.000,0.000)) probe(trace_dist=0.0508, hit=False, normal_y=None, fraction=None) post(grounded=False, vel=(0.000,-0.082,0.000), horiz_speed=0.000, pos=(-23.529,0.037,0.111))
[movedbg #1123] pre(grounded=False, jumping=False, normal=(0.000,1.000,0.000), vel=(0.000,-0.082,0.000)) probe(trace_dist=0.0508, hit=False, normal_y=None, fraction=None) post(grounded=True, vel=(0.000,0.000,0.000), horiz_speed=0.000, pos=(-23.530,0.038,0.111))
[movedbg #1124] pre(grounded=False, jumping=False, normal=(0.000,1.000,0.000), vel=(0.000,0.000,0.000)) probe(trace_dist=0.0508, hit=False, normal_y=None, fraction=None) post(grounded=False, vel=(0.000,-0.082,0.000), horiz_speed=0.000, pos=(-23.530,0.037,0.111))
[movedbg #1125] pre(grounded=False, jumping=False, normal=(0.000,1.000,0.000), vel=(0.000,-0.082,0.000)) probe(trace_dist=0.0508, hit=False, normal_y=None, fraction=None) post(grounded=True, vel=(0.000,0.000,0.000), horiz_speed=0.000, pos=(-23.530,0.038,0.111))
[movedbg #1126] pre(grounded=False, jumping=False, normal=(0.000,1.000,0.000), vel=(0.000,0.000,0.000)) probe(trace_dist=0.0508, hit=False, normal_y=None, fraction=None) post(grounded=False, vel=(0.000,-0.082,0.000), horiz_speed=0.000, pos=(-23.530,0.037,0.111))
[movedbg #1127] pre(grounded=False, jumping=False, normal=(0.000,1.000,0.000), vel=(0.000,-0.082,0.000)) probe(trace_dist=0.0508, hit=False, normal_y=None, fraction=None) post(grounded=True, vel=(0.000,0.000,0.000), horiz_speed=0.000, pos=(-23.531,0.037,0.111))
[movedbg #1128] pre(grounded=False, jumping=False, normal=(0.000,1.000,0.000), vel=(0.000,0.000,0.000)) probe(trace_dist=0.0508, hit=False, normal_y=None, fraction=None) post(grounded=False, vel=(0.000,-0.082,0.000), horiz_speed=0.000, pos=(-23.531,0.036,0.111))
[movedbg #1129] pre(grounded=False, jumping=False, normal=(0.000,1.000,0.000), vel=(0.000,-0.082,0.000)) probe(trace_dist=0.0508, hit=False, normal_y=None, fraction=None) post(grounded=True, vel=(0.000,0.000,0.000), horiz_speed=0.000, pos=(-23.531,0.037,0.111))
[movedbg #1130] pre(grounded=False, jumping=False, normal=(0.000,1.000,0.000), vel=(0.000,0.000,0.000)) probe(trace_dist=0.0508, hit=False, normal_y=None, fraction=None) post(grounded=False, vel=(0.000,-0.082,0.000), horiz_speed=0.000, pos=(-23.531,0.037,0.111))
[movedbg #1131] pre(grounded=False, jumping=False, normal=(0.000,1.000,0.000), vel=(0.000,-0.082,0.000)) probe(trace_dist=0.0508, hit=False, normal_y=None, fraction=None) post(grounded=True, vel=(0.000,0.000,0.000), horiz_speed=0.000, pos=(-23.531,0.038,0.111))
[movedbg #1132] pre(grounded=False, jumping=False, normal=(0.000,1.000,0.000), vel=(0.000,0.000,0.000)) probe(trace_dist=0.0508, hit=False, normal_y=None, fraction=None) post(grounded=False, vel=(0.000,-0.082,0.000), horiz_speed=0.000, pos=(-23.531,0.037,0.111))
[movedbg #1133] pre(grounded=False, jumping=False, normal=(0.000,1.000,0.000), vel=(0.000,-0.082,0.000)) probe(trace_dist=0.0508, hit=False, normal_y=None, fraction=None) post(grounded=True, vel=(0.000,0.000,0.000), horiz_speed=0.000, pos=(-23.532,0.037,0.111))
[movedbg #1134] pre(grounded=False, jumping=False, normal=(0.000,1.000,0.000), vel=(0.000,0.000,0.000)) probe(trace_dist=0.0508, hit=False, normal_y=None, fraction=None) post(grounded=True, vel=(0.000,0.000,0.000), horiz_speed=0.000, pos=(-23.532,0.038,0.111))
[movedbg #1135] pre(grounded=False, jumping=False, normal=(0.000,1.000,0.000), vel=(0.000,0.000,0.000)) probe(trace_dist=0.0508, hit=False, normal_y=None, fraction=None) post(grounded=False, vel=(0.000,-0.082,0.000), horiz_speed=0.000, pos=(-23.532,0.037,0.111))
[movedbg #1136] pre(grounded=False, jumping=False, normal=(0.000,1.000,0.000), vel=(0.000,-0.082,0.000)) probe(trace_dist=0.0508, hit=False, normal_y=None, fraction=None) post(grounded=False, vel=(0.000,-0.164,0.000), horiz_speed=0.000, pos=(-23.532,0.036,0.111))
[movedbg #1137] pre(grounded=False, jumping=False, normal=(0.000,1.000,0.000), vel=(0.000,-0.164,0.000)) probe(trace_dist=0.0508, hit=False, normal_y=None, fraction=None) post(grounded=True, vel=(0.000,0.000,0.000), horiz_speed=0.000, pos=(-23.532,0.037,0.111))
[movedbg #1138] pre(grounded=False, jumping=False, normal=(0.000,1.000,0.000), vel=(0.000,0.000,0.000)) probe(trace_dist=0.0508, hit=False, normal_y=None, fraction=None) post(grounded=False, vel=(0.000,-0.082,0.000), horiz_speed=0.000, pos=(-23.532,0.036,0.111))
[movedbg #1139] pre(grounded=False, jumping=False, normal=(0.000,1.000,0.000), vel=(0.000,-0.082,0.000)) probe(trace_dist=0.0508, hit=False, normal_y=None, fraction=None) post(grounded=True, vel=(0.000,0.000,0.000), horiz_speed=0.000, pos=(-23.533,0.037,0.111))
[movedbg #1140] pre(grounded=False, jumping=False, normal=(0.000,1.000,0.000), vel=(0.000,0.000,0.000)) probe(trace_dist=0.0508, hit=False, normal_y=None, fraction=None) post(grounded=False, vel=(0.000,-0.082,0.000), horiz_speed=0.000, pos=(-23.533,0.036,0.111))
[movedbg #1141] pre(grounded=False, jumping=False, normal=(0.000,1.000,0.000), vel=(0.000,-0.082,0.000)) probe(trace_dist=0.0508, hit=False, normal_y=None, fraction=None) post(grounded=True, vel=(0.000,0.000,0.000), horiz_speed=0.000, pos=(-23.533,0.037,0.111))
[movedbg #1142] pre(grounded=False, jumping=False, normal=(0.000,1.000,0.000), vel=(0.000,0.000,0.000)) probe(trace_dist=0.0508, hit=False, normal_y=None, fraction=None) post(grounded=False, vel=(0.000,-0.082,0.000), horiz_speed=0.000, pos=(-23.533,0.036,0.111))
[movedbg #1143] pre(grounded=False, jumping=False, normal=(0.000,1.000,0.000), vel=(0.000,-0.082,0.000)) probe(trace_dist=0.0508, hit=False, normal_y=None, fraction=None) post(grounded=True, vel=(0.000,0.000,0.000), horiz_speed=0.000, pos=(-23.534,0.036,0.111))
[movedbg #1144] pre(grounded=False, jumping=False, normal=(0.000,1.000,0.000), vel=(0.000,0.000,0.000)) probe(trace_dist=0.0508, hit=False, normal_y=None, fraction=None) post(grounded=True, vel=(0.000,0.000,0.000), horiz_speed=0.000, pos=(-23.534,0.037,0.111))
[movedbg #1145] pre(grounded=False, jumping=False, normal=(0.000,1.000,0.000), vel=(0.000,0.000,0.000)) probe(trace_dist=0.0508, hit=False, normal_y=None, fraction=None) post(grounded=False, vel=(0.000,-0.082,0.000), horiz_speed=0.000, pos=(-23.534,0.036,0.111))
[movedbg #1146] pre(grounded=False, jumping=False, normal=(0.000,1.000,0.000), vel=(0.000,-0.082,0.000)) probe(trace_dist=0.0508, hit=False, normal_y=None, fraction=None) post(grounded=False, vel=(0.000,-0.164,0.000), horiz_speed=0.000, pos=(-23.534,0.035,0.111))
[movedbg #1147] pre(grounded=False, jumping=False, normal=(0.000,1.000,0.000), vel=(0.000,-0.164,0.000)) probe(trace_dist=0.0508, hit=False, normal_y=None, fraction=None) post(grounded=True, vel=(0.000,0.000,0.000), horiz_speed=0.000, pos=(-23.534,0.036,0.111))
[movedbg #1148] pre(grounded=False, jumping=False, normal=(0.000,1.000,0.000), vel=(0.000,0.000,0.000)) probe(trace_dist=0.0508, hit=False, normal_y=None, fraction=None) post(grounded=False, vel=(0.000,-0.082,0.000), horiz_speed=0.000, pos=(-23.534,0.035,0.111))
[movedbg #1149] pre(grounded=False, jumping=False, normal=(0.000,1.000,0.000), vel=(0.000,-0.082,0.000)) probe(trace_dist=0.0508, hit=False, normal_y=None, fraction=None) post(grounded=True, vel=(0.000,0.000,0.000), horiz_speed=0.000, pos=(-23.535,0.036,0.111))
[movedbg #1150] pre(grounded=False, jumping=False, normal=(0.000,1.000,0.000), vel=(0.000,0.000,0.000)) probe(trace_dist=0.0508, hit=False, normal_y=None, fraction=None) post(grounded=False, vel=(0.000,-0.082,0.000), horiz_speed=0.000, pos=(-23.535,0.035,0.111))
[movedbg #1151] pre(grounded=False, jumping=False, normal=(0.000,1.000,0.000), vel=(0.000,-0.082,0.000)) probe(trace_dist=0.0508, hit=False, normal_y=None, fraction=None) post(grounded=True, vel=(0.000,0.000,0.000), horiz_speed=0.000, pos=(-23.535,0.036,0.111))
[movedbg #1152] pre(grounded=False, jumping=False, normal=(0.000,1.000,0.000), vel=(0.000,0.000,0.000)) probe(trace_dist=0.0508, hit=False, normal_y=None, fraction=None) post(grounded=False, vel=(0.000,-0.082,0.000), horiz_speed=0.000, pos=(-23.535,0.036,0.111))
[movedbg #1153] pre(grounded=False, jumping=False, normal=(0.000,1.000,0.000), vel=(0.000,-0.082,0.000)) probe(trace_dist=0.0508, hit=False, normal_y=None, fraction=None) post(grounded=True, vel=(0.000,0.000,0.000), horiz_speed=0.000, pos=(-23.535,0.035,0.111))
[movedbg #1154] pre(grounded=False, jumping=False, normal=(0.000,1.000,0.000), vel=(0.000,0.000,0.000)) probe(trace_dist=0.0508, hit=False, normal_y=None, fraction=None) post(grounded=False, vel=(0.000,-0.082,0.000), horiz_speed=0.000, pos=(-23.535,0.035,0.111))
[movedbg #1155] pre(grounded=False, jumping=False, normal=(0.000,1.000,0.000), vel=(0.000,-0.082,0.000)) probe(trace_dist=0.0508, hit=False, normal_y=None, fraction=None) post(grounded=True, vel=(0.000,0.000,0.000), horiz_speed=0.000, pos=(-23.536,0.036,0.111))
[movedbg #1156] pre(grounded=False, jumping=False, normal=(0.000,1.000,0.000), vel=(0.000,0.000,0.000)) probe(trace_dist=0.0508, hit=False, normal_y=None, fraction=None) post(grounded=False, vel=(0.000,-0.082,0.000), horiz_speed=0.000, pos=(-23.536,0.035,0.111))
[movedbg #1157] pre(grounded=False, jumping=False, normal=(0.000,1.000,0.000), vel=(0.000,-0.082,0.000)) probe(trace_dist=0.0508, hit=False, normal_y=None, fraction=None) post(grounded=True, vel=(0.000,0.000,0.000), horiz_speed=0.000, pos=(-23.536,0.036,0.111))
[movedbg #1158] pre(grounded=False, jumping=False, normal=(0.000,1.000,0.000), vel=(0.000,0.000,0.000)) probe(trace_dist=0.0508, hit=False, normal_y=None, fraction=None) post(grounded=False, vel=(0.000,-0.082,0.000), horiz_speed=0.000, pos=(-23.536,0.035,0.111))
[movedbg #1159] pre(grounded=False, jumping=False, normal=(0.000,1.000,0.000), vel=(0.000,-0.082,0.000)) probe(trace_dist=0.0508, hit=False, normal_y=None, fraction=None) post(grounded=True, vel=(0.000,0.000,0.000), horiz_speed=0.000, pos=(-23.537,0.035,0.111))
[movedbg #1160] pre(grounded=False, jumping=False, normal=(0.000,1.000,0.000), vel=(0.000,0.000,0.000)) probe(trace_dist=0.0508, hit=False, normal_y=None, fraction=None) post(grounded=True, vel=(0.000,0.000,0.000), horiz_speed=0.000, pos=(-23.537,0.036,0.111))
[movedbg #1161] pre(grounded=False, jumping=False, normal=(0.000,1.000,0.000), vel=(0.000,0.000,0.000)) probe(trace_dist=0.0508, hit=False, normal_y=None, fraction=None) post(grounded=False, vel=(0.000,-0.082,0.000), horiz_speed=0.000, pos=(-23.537,0.035,0.111))
[movedbg #1162] pre(grounded=False, jumping=False, normal=(0.000,1.000,0.000), vel=(0.000,-0.082,0.000)) probe(trace_dist=0.0508, hit=False, normal_y=None, fraction=None) post(grounded=False, vel=(0.000,-0.164,0.000), horiz_speed=0.000, pos=(-23.537,0.034,0.111))
[movedbg #1163] pre(grounded=False, jumping=False, normal=(0.000,1.000,0.000), vel=(0.000,-0.164,0.000)) probe(trace_dist=0.0508, hit=False, normal_y=None, fraction=None) post(grounded=True, vel=(0.000,0.000,0.000), horiz_speed=0.000, pos=(-23.537,0.035,0.111))
[movedbg #1164] pre(grounded=False, jumping=False, normal=(0.000,1.000,0.000), vel=(0.000,0.000,0.000)) probe(trace_dist=0.0508, hit=False, normal_y=None, fraction=None) post(grounded=False, vel=(0.000,-0.082,0.000), horiz_speed=0.000, pos=(-23.537,0.034,0.111))
[movedbg #1165] pre(grounded=False, jumping=False, normal=(0.000,1.000,0.000), vel=(0.000,-0.082,0.000)) probe(trace_dist=0.0508, hit=False, normal_y=None, fraction=None) post(grounded=True, vel=(0.000,0.000,0.000), horiz_speed=0.000, pos=(-23.538,0.035,0.111))
[movedbg #1166] pre(grounded=False, jumping=False, normal=(0.000,1.000,0.000), vel=(0.000,0.000,0.000)) probe(trace_dist=0.0508, hit=False, normal_y=None, fraction=None) post(grounded=False, vel=(0.000,-0.082,0.000), horiz_speed=0.000, pos=(-23.538,0.034,0.111))
[movedbg #1167] pre(grounded=False, jumping=False, normal=(0.000,1.000,0.000), vel=(0.000,-0.082,0.000)) probe(trace_dist=0.0508, hit=False, normal_y=None, fraction=None) post(grounded=True, vel=(0.000,0.000,0.000), horiz_speed=0.000, pos=(-23.538,0.035,0.111))
[movedbg #1168] pre(grounded=False, jumping=False, normal=(0.000,1.000,0.000), vel=(0.000,0.000,0.000)) probe(trace_dist=0.0508, hit=False, normal_y=None, fraction=None) post(grounded=False, vel=(0.000,-0.082,0.000), horiz_speed=0.000, pos=(-23.538,0.034,0.111))
[movedbg #1169] pre(grounded=False, jumping=False, normal=(0.000,1.000,0.000), vel=(0.000,-0.082,0.000)) probe(trace_dist=0.0508, hit=False, normal_y=None, fraction=None) post(grounded=True, vel=(0.000,0.000,0.000), horiz_speed=0.000, pos=(-23.538,0.034,0.111))
[movedbg #1170] pre(grounded=False, jumping=False, normal=(0.000,1.000,0.000), vel=(0.000,0.000,0.000)) probe(trace_dist=0.0508, hit=False, normal_y=None, fraction=None) post(grounded=False, vel=(0.000,-0.082,0.000), horiz_speed=0.000, pos=(-23.538,0.033,0.111))
[movedbg #1171] pre(grounded=False, jumping=False, normal=(0.000,1.000,0.000), vel=(0.000,-0.082,0.000)) probe(trace_dist=0.0508, hit=False, normal_y=None, fraction=None) post(grounded=True, vel=(0.000,0.000,0.000), horiz_speed=0.000, pos=(-23.539,0.034,0.111))
[movedbg #1172] pre(grounded=False, jumping=False, normal=(0.000,1.000,0.000), vel=(0.000,0.000,0.000)) probe(trace_dist=0.0508, hit=False, normal_y=None, fraction=None) post(grounded=False, vel=(0.000,-0.082,0.000), horiz_speed=0.000, pos=(-23.539,0.034,0.111))
[movedbg #1173] pre(grounded=False, jumping=False, normal=(0.000,1.000,0.000), vel=(0.000,-0.082,0.000)) probe(trace_dist=0.0508, hit=False, normal_y=None, fraction=None) post(grounded=True, vel=(0.000,0.000,0.000), horiz_speed=0.000, pos=(-23.539,0.035,0.111))
[movedbg #1174] pre(grounded=False, jumping=False, normal=(0.000,1.000,0.000), vel=(0.000,0.000,0.000)) probe(trace_dist=0.0508, hit=False, normal_y=None, fraction=None) post(grounded=False, vel=(0.000,-0.082,0.000), horiz_speed=0.000, pos=(-23.539,0.034,0.111))
[movedbg #1175] pre(grounded=False, jumping=False, normal=(0.000,1.000,0.000), vel=(0.000,-0.082,0.000)) probe(trace_dist=0.0508, hit=False, normal_y=None, fraction=None) post(grounded=True, vel=(0.000,0.000,0.000), horiz_speed=0.000, pos=(-23.539,0.034,0.111))
[movedbg #1176] pre(grounded=False, jumping=False, normal=(0.000,1.000,0.000), vel=(0.000,0.000,0.000)) probe(trace_dist=0.0508, hit=False, normal_y=None, fraction=None) post(grounded=True, vel=(0.000,0.000,0.000), horiz_speed=0.000, pos=(-23.540,0.035,0.111))
[movedbg #1177] pre(grounded=False, jumping=False, normal=(0.000,1.000,0.000), vel=(0.000,0.000,0.000)) probe(trace_dist=0.0508, hit=False, normal_y=None, fraction=None) post(grounded=False, vel=(0.000,-0.082,0.000), horiz_speed=0.000, pos=(-23.540,0.034,0.111))
[movedbg #1178] pre(grounded=False, jumping=False, normal=(0.000,1.000,0.000), vel=(0.000,-0.082,0.000)) probe(trace_dist=0.0508, hit=False, normal_y=None, fraction=None) post(grounded=False, vel=(0.000,-0.164,0.000), horiz_speed=0.000, pos=(-23.540,0.033,0.111))
[movedbg #1179] pre(grounded=False, jumping=False, normal=(0.000,1.000,0.000), vel=(0.000,-0.164,0.000)) probe(trace_dist=0.0508, hit=False, normal_y=None, fraction=None) post(grounded=True, vel=(0.000,0.000,0.000), horiz_speed=0.000, pos=(-23.540,0.033,0.111))
[movedbg #1180] pre(grounded=False, jumping=False, normal=(0.000,1.000,0.000), vel=(0.000,0.000,0.000)) probe(trace_dist=0.0508, hit=False, normal_y=None, fraction=None) post(grounded=False, vel=(0.000,-0.082,0.000), horiz_speed=0.000, pos=(-23.540,0.033,0.111))
[movedbg #1181] pre(grounded=False, jumping=False, normal=(0.000,1.000,0.000), vel=(0.000,-0.082,0.000)) probe(trace_dist=0.0508, hit=False, normal_y=None, fraction=None) post(grounded=True, vel=(0.000,0.000,0.000), horiz_speed=0.000, pos=(-23.541,0.034,0.111))
[movedbg #1182] pre(grounded=False, jumping=False, normal=(0.000,1.000,0.000), vel=(0.000,0.000,0.000)) probe(trace_dist=0.0508, hit=False, normal_y=None, fraction=None) post(grounded=False, vel=(0.000,-0.082,0.000), horiz_speed=0.000, pos=(-23.541,0.033,0.111))
[movedbg #1183] pre(grounded=False, jumping=False, normal=(0.000,1.000,0.000), vel=(0.000,-0.082,0.000)) probe(trace_dist=0.0508, hit=False, normal_y=None, fraction=None) post(grounded=True, vel=(0.000,0.000,0.000), horiz_speed=0.000, pos=(-23.541,0.034,0.111))
[movedbg #1184] pre(grounded=False, jumping=False, normal=(0.000,1.000,0.000), vel=(0.000,0.000,0.000)) probe(trace_dist=0.0508, hit=False, normal_y=None, fraction=None) post(grounded=False, vel=(0.000,-0.082,0.000), horiz_speed=0.000, pos=(-23.541,0.033,0.111))
[movedbg #1185] pre(grounded=False, jumping=False, normal=(0.000,1.000,0.000), vel=(0.000,-0.082,0.000)) probe(trace_dist=0.0508, hit=False, normal_y=None, fraction=None) post(grounded=True, vel=(0.000,0.000,0.000), horiz_speed=0.000, pos=(-23.541,0.033,0.111))
[movedbg #1186] pre(grounded=False, jumping=False, normal=(0.000,1.000,0.000), vel=(0.000,0.000,0.000)) probe(trace_dist=0.0508, hit=False, normal_y=None, fraction=None) post(grounded=False, vel=(0.000,-0.082,0.000), horiz_speed=0.000, pos=(-23.541,0.032,0.111))
[movedbg #1187] pre(grounded=False, jumping=False, normal=(0.000,1.000,0.000), vel=(0.000,-0.082,0.000)) probe(trace_dist=0.0508, hit=False, normal_y=None, fraction=None) post(grounded=True, vel=(0.000,0.000,0.000), horiz_speed=0.000, pos=(-23.542,0.033,0.111))
[movedbg #1188] pre(grounded=False, jumping=False, normal=(0.000,1.000,0.000), vel=(0.000,0.000,0.000)) probe(trace_dist=0.0508, hit=False, normal_y=None, fraction=None) post(grounded=False, vel=(0.000,-0.082,0.000), horiz_speed=0.000, pos=(-23.542,0.032,0.111))
[movedbg #1189] pre(grounded=False, jumping=False, normal=(0.000,1.000,0.000), vel=(0.000,-0.082,0.000)) probe(trace_dist=0.0508, hit=False, normal_y=None, fraction=None) post(grounded=True, vel=(0.000,0.000,0.000), horiz_speed=0.000, pos=(-23.542,0.033,0.111))
[movedbg #1190] pre(grounded=False, jumping=False, normal=(0.000,1.000,0.000), vel=(0.000,0.000,0.000)) probe(trace_dist=0.0508, hit=False, normal_y=None, fraction=None) post(grounded=False, vel=(0.000,-0.082,0.000), horiz_speed=0.000, pos=(-23.542,0.033,0.111))
[movedbg #1191] pre(grounded=False, jumping=False, normal=(0.000,1.000,0.000), vel=(0.000,-0.082,0.000)) probe(trace_dist=0.0508, hit=False, normal_y=None, fraction=None) post(grounded=True, vel=(0.000,0.000,0.000), horiz_speed=0.000, pos=(-23.542,0.032,0.111))
[movedbg #1192] pre(grounded=False, jumping=False, normal=(0.000,1.000,0.000), vel=(0.000,0.000,0.000)) probe(trace_dist=0.0508, hit=False, normal_y=None, fraction=None) post(grounded=False, vel=(0.000,-0.082,0.000), horiz_speed=0.000, pos=(-23.542,0.032,0.111))
[movedbg #1193] pre(grounded=False, jumping=False, normal=(0.000,1.000,0.000), vel=(0.000,-0.082,0.000)) probe(trace_dist=0.0508, hit=False, normal_y=None, fraction=None) post(grounded=True, vel=(0.000,0.000,0.000), horiz_speed=0.000, pos=(-23.543,0.033,0.111))
[movedbg #1194] pre(grounded=False, jumping=False, normal=(0.000,1.000,0.000), vel=(0.000,0.000,0.000)) probe(trace_dist=0.0508, hit=False, normal_y=None, fraction=None) post(grounded=False, vel=(0.000,-0.082,0.000), horiz_speed=0.000, pos=(-23.543,0.032,0.111))
[movedbg #1195] pre(grounded=False, jumping=False, normal=(0.000,1.000,0.000), vel=(0.000,-0.082,0.000)) probe(trace_dist=0.0508, hit=False, normal_y=None, fraction=None) post(grounded=True, vel=(0.000,0.000,0.000), horiz_speed=0.000, pos=(-23.543,0.033,0.111))
[movedbg #1196] pre(grounded=False, jumping=False, normal=(0.000,1.000,0.000), vel=(0.000,0.000,0.000)) probe(trace_dist=0.0508, hit=False, normal_y=None, fraction=None) post(grounded=False, vel=(0.000,-0.082,0.000), horiz_speed=0.000, pos=(-23.543,0.032,0.111))
[movedbg #1197] pre(grounded=False, jumping=False, normal=(0.000,1.000,0.000), vel=(0.000,-0.082,0.000)) probe(trace_dist=0.0508, hit=False, normal_y=None, fraction=None) post(grounded=True, vel=(0.000,0.000,0.000), horiz_speed=0.000, pos=(-23.544,0.032,0.111))
[movedbg #1198] pre(grounded=False, jumping=False, normal=(0.000,1.000,0.000), vel=(0.000,0.000,0.000)) probe(trace_dist=0.0508, hit=False, normal_y=None, fraction=None) post(grounded=False, vel=(0.000,-0.082,0.000), horiz_speed=0.000, pos=(-23.544,0.031,0.111))
[movedbg #1199] pre(grounded=False, jumping=False, normal=(0.000,1.000,0.000), vel=(0.000,-0.082,0.000)) probe(trace_dist=0.0508, hit=False, normal_y=None, fraction=None) post(grounded=True, vel=(0.000,0.000,0.000), horiz_speed=0.000, pos=(-23.544,0.032,0.111))
[movedbg #1200] pre(grounded=False, jumping=False, normal=(0.000,1.000,0.000), vel=(0.000,0.000,0.000)) probe(trace_dist=0.0508, hit=False, normal_y=None, fraction=None) post(grounded=False, vel=(0.000,-0.082,0.000), horiz_speed=0.000, pos=(-23.544,0.032,0.111))
[movedbg #1201] pre(grounded=False, jumping=False, normal=(0.000,1.000,0.000), vel=(0.000,-0.082,0.000)) probe(trace_dist=0.0508, hit=False, normal_y=None, fraction=None) post(grounded=True, vel=(0.000,0.000,0.000), horiz_speed=0.000, pos=(-23.544,0.033,0.111))
[movedbg #1202] pre(grounded=False, jumping=False, normal=(0.000,1.000,0.000), vel=(0.000,0.000,0.000)) probe(trace_dist=0.0508, hit=False, normal_y=None, fraction=None) post(grounded=False, vel=(0.000,-0.082,0.000), horiz_speed=0.000, pos=(-23.544,0.032,0.111))
[movedbg #1203] pre(grounded=False, jumping=False, normal=(0.000,1.000,0.000), vel=(0.000,-0.082,0.000)) probe(trace_dist=0.0508, hit=False, normal_y=None, fraction=None) post(grounded=True, vel=(0.000,0.000,0.000), horiz_speed=0.000, pos=(-23.545,0.032,0.111))
[movedbg #1204] pre(grounded=False, jumping=False, normal=(0.000,1.000,0.000), vel=(0.000,0.000,0.000)) probe(trace_dist=0.0508, hit=False, normal_y=None, fraction=None) post(grounded=True, vel=(0.000,0.000,0.000), horiz_speed=0.000, pos=(-23.545,0.033,0.111))
[movedbg #1205] pre(grounded=False, jumping=False, normal=(0.000,1.000,0.000), vel=(0.000,0.000,0.000)) probe(trace_dist=0.0508, hit=False, normal_y=None, fraction=None) post(grounded=False, vel=(0.000,-0.082,0.000), horiz_speed=0.000, pos=(-23.545,0.032,0.111))
[movedbg #1206] pre(grounded=False, jumping=False, normal=(0.000,1.000,0.000), vel=(0.000,-0.082,0.000)) probe(trace_dist=0.0508, hit=False, normal_y=None, fraction=None) post(grounded=False, vel=(0.000,-0.164,0.000), horiz_speed=0.000, pos=(-23.545,0.030,0.111))
[movedbg #1207] pre(grounded=False, jumping=False, normal=(0.000,1.000,0.000), vel=(0.000,-0.164,0.000)) probe(trace_dist=0.0508, hit=False, normal_y=None, fraction=None) post(grounded=True, vel=(0.000,0.000,0.000), horiz_speed=0.000, pos=(-23.545,0.031,0.111))
[movedbg #1208] pre(grounded=False, jumping=False, normal=(0.000,1.000,0.000), vel=(0.000,0.000,0.000)) probe(trace_dist=0.0508, hit=False, normal_y=None, fraction=None) post(grounded=False, vel=(0.000,-0.082,0.000), horiz_speed=0.000, pos=(-23.545,0.031,0.111))
[movedbg #1209] pre(grounded=False, jumping=False, normal=(0.000,1.000,0.000), vel=(0.000,-0.082,0.000)) probe(trace_dist=0.0508, hit=False, normal_y=None, fraction=None) post(grounded=True, vel=(0.000,0.000,0.000), horiz_speed=0.000, pos=(-23.546,0.032,0.111))
[movedbg #1210] pre(grounded=False, jumping=False, normal=(0.000,1.000,0.000), vel=(0.000,0.000,0.000)) probe(trace_dist=0.0508, hit=False, normal_y=None, fraction=None) post(grounded=False, vel=(0.000,-0.082,0.000), horiz_speed=0.000, pos=(-23.546,0.031,0.111))
[movedbg #1211] pre(grounded=False, jumping=False, normal=(0.000,1.000,0.000), vel=(0.000,-0.082,0.000)) probe(trace_dist=0.0508, hit=False, normal_y=None, fraction=None) post(grounded=True, vel=(0.000,0.000,0.000), horiz_speed=0.000, pos=(-23.546,0.032,0.111))
[movedbg #1212] pre(grounded=False, jumping=False, normal=(0.000,1.000,0.000), vel=(0.000,0.000,0.000)) probe(trace_dist=0.0508, hit=False, normal_y=None, fraction=None) post(grounded=False, vel=(0.000,-0.082,0.000), horiz_speed=0.000, pos=(-23.546,0.031,0.111))
[movedbg #1213] pre(grounded=False, jumping=False, normal=(0.000,1.000,0.000), vel=(0.000,-0.082,0.000)) probe(trace_dist=0.0508, hit=False, normal_y=None, fraction=None) post(grounded=True, vel=(0.000,0.000,0.000), horiz_speed=0.000, pos=(-23.546,0.031,0.111))
[movedbg #1214] pre(grounded=False, jumping=False, normal=(0.000,1.000,0.000), vel=(0.000,0.000,0.000)) probe(trace_dist=0.0508, hit=False, normal_y=None, fraction=None) post(grounded=False, vel=(0.000,-0.082,0.000), horiz_speed=0.000, pos=(-23.546,0.030,0.111))
[movedbg #1215] pre(grounded=False, jumping=False, normal=(0.000,1.000,0.000), vel=(0.000,-0.082,0.000)) probe(trace_dist=0.0508, hit=False, normal_y=None, fraction=None) post(grounded=True, vel=(0.000,0.000,0.000), horiz_speed=0.000, pos=(-23.547,0.031,0.111))
[movedbg #1216] pre(grounded=False, jumping=False, normal=(0.000,1.000,0.000), vel=(0.000,0.000,0.000)) probe(trace_dist=0.0508, hit=False, normal_y=None, fraction=None) post(grounded=False, vel=(0.000,-0.082,0.000), horiz_speed=0.000, pos=(-23.547,0.030,0.111))
[movedbg #1217] pre(grounded=False, jumping=False, normal=(0.000,1.000,0.000), vel=(0.000,-0.082,0.000)) probe(trace_dist=0.0508, hit=False, normal_y=None, fraction=None) post(grounded=True, vel=(0.000,0.000,0.000), horiz_speed=0.000, pos=(-23.547,0.031,0.111))
[movedbg #1218] pre(grounded=False, jumping=False, normal=(0.000,1.000,0.000), vel=(0.000,0.000,0.000)) probe(trace_dist=0.0508, hit=False, normal_y=None, fraction=None) post(grounded=False, vel=(0.000,-0.082,0.000), horiz_speed=0.000, pos=(-23.547,0.031,0.111))
[movedbg #1219] pre(grounded=False, jumping=False, normal=(0.000,1.000,0.000), vel=(0.000,-0.082,0.000)) probe(trace_dist=0.0508, hit=False, normal_y=None, fraction=None) post(grounded=True, vel=(0.000,0.000,0.000), horiz_speed=0.000, pos=(-23.548,0.030,0.111))
[movedbg #1220] pre(grounded=False, jumping=False, normal=(0.000,1.000,0.000), vel=(0.000,0.000,0.000)) probe(trace_dist=0.0508, hit=False, normal_y=None, fraction=None) post(grounded=False, vel=(0.000,-0.082,0.000), horiz_speed=0.000, pos=(-23.548,0.030,0.111))
[movedbg #1221] pre(grounded=False, jumping=False, normal=(0.000,1.000,0.000), vel=(0.000,-0.082,0.000)) probe(trace_dist=0.0508, hit=False, normal_y=None, fraction=None) post(grounded=True, vel=(0.000,0.000,0.000), horiz_speed=0.000, pos=(-23.548,0.031,0.111))
[movedbg #1222] pre(grounded=False, jumping=False, normal=(0.000,1.000,0.000), vel=(0.000,0.000,0.000)) probe(trace_dist=0.0508, hit=False, normal_y=None, fraction=None) post(grounded=False, vel=(0.000,-0.082,0.000), horiz_speed=0.000, pos=(-23.548,0.030,0.111))
[movedbg #1223] pre(grounded=False, jumping=False, normal=(0.000,1.000,0.000), vel=(0.000,-0.082,0.000)) probe(trace_dist=0.0508, hit=False, normal_y=None, fraction=None) post(grounded=True, vel=(0.000,0.000,0.000), horiz_speed=0.000, pos=(-23.548,0.031,0.111))
[movedbg #1224] pre(grounded=False, jumping=False, normal=(0.000,1.000,0.000), vel=(0.000,0.000,0.000)) probe(trace_dist=0.0508, hit=False, normal_y=None, fraction=None) post(grounded=False, vel=(0.000,-0.082,0.000), horiz_speed=0.000, pos=(-23.548,0.030,0.111))
[movedbg #1225] pre(grounded=False, jumping=False, normal=(0.000,1.000,0.000), vel=(0.000,-0.082,0.000)) probe(trace_dist=0.0508, hit=False, normal_y=None, fraction=None) post(grounded=True, vel=(0.000,0.000,0.000), horiz_speed=0.000, pos=(-23.549,0.030,0.111))
[movedbg #1226] pre(grounded=False, jumping=False, normal=(0.000,1.000,0.000), vel=(0.000,0.000,0.000)) probe(trace_dist=0.0508, hit=False, normal_y=None, fraction=None) post(grounded=False, vel=(0.000,-0.082,0.000), horiz_speed=0.000, pos=(-23.549,0.029,0.111))
[movedbg #1227] pre(grounded=False, jumping=False, normal=(0.000,1.000,0.000), vel=(0.000,-0.082,0.000)) probe(trace_dist=0.0508, hit=False, normal_y=None, fraction=None) post(grounded=True, vel=(0.000,0.000,0.000), horiz_speed=0.000, pos=(-23.549,0.030,0.111))
[movedbg #1228] pre(grounded=False, jumping=False, normal=(0.000,1.000,0.000), vel=(0.000,0.000,0.000)) probe(trace_dist=0.0508, hit=False, normal_y=None, fraction=None) post(grounded=False, vel=(0.000,-0.082,0.000), horiz_speed=0.000, pos=(-23.549,0.030,0.111))
[movedbg #1229] pre(grounded=False, jumping=False, normal=(0.000,1.000,0.000), vel=(0.000,-0.082,0.000)) probe(trace_dist=0.0508, hit=False, normal_y=None, fraction=None) post(grounded=True, vel=(0.000,0.000,0.000), horiz_speed=0.000, pos=(-23.549,0.030,0.111))
[movedbg #1230] pre(grounded=False, jumping=False, normal=(0.000,1.000,0.000), vel=(0.000,0.000,0.000)) probe(trace_dist=0.0508, hit=False, normal_y=None, fraction=None) post(grounded=False, vel=(0.000,-0.082,0.000), horiz_speed=0.000, pos=(-23.549,0.030,0.111))
[movedbg #1231] pre(grounded=False, jumping=False, normal=(0.000,1.000,0.000), vel=(0.000,-0.082,0.000)) probe(trace_dist=0.0508, hit=False, normal_y=None, fraction=None) post(grounded=True, vel=(0.000,0.000,0.000), horiz_speed=0.000, pos=(-23.550,0.030,0.111))
[movedbg #1232] pre(grounded=False, jumping=False, normal=(0.000,1.000,0.000), vel=(0.000,0.000,0.000)) probe(trace_dist=0.0508, hit=False, normal_y=None, fraction=None) post(grounded=False, vel=(0.000,-0.082,0.000), horiz_speed=0.000, pos=(-23.550,0.029,0.111))
[movedbg #1233] pre(grounded=False, jumping=False, normal=(0.000,1.000,0.000), vel=(0.000,-0.082,0.000)) probe(trace_dist=0.0508, hit=False, normal_y=None, fraction=None) post(grounded=True, vel=(0.000,0.000,0.000), horiz_speed=0.000, pos=(-23.550,0.030,0.111))
[movedbg #1234] pre(grounded=False, jumping=False, normal=(0.000,1.000,0.000), vel=(0.000,0.000,0.000)) probe(trace_dist=0.0508, hit=False, normal_y=None, fraction=None) post(grounded=False, vel=(0.000,-0.082,0.000), horiz_speed=0.000, pos=(-23.550,0.029,0.111))
[movedbg #1235] pre(grounded=False, jumping=False, normal=(0.000,1.000,0.000), vel=(0.000,-0.082,0.000)) probe(trace_dist=0.0508, hit=False, normal_y=None, fraction=None) post(grounded=True, vel=(0.000,0.000,0.000), horiz_speed=0.000, pos=(-23.551,0.030,0.111))
[movedbg #1236] pre(grounded=False, jumping=False, normal=(0.000,1.000,0.000), vel=(0.000,0.000,0.000)) probe(trace_dist=0.0508, hit=False, normal_y=None, fraction=None) post(grounded=False, vel=(0.000,-0.082,0.000), horiz_speed=0.000, pos=(-23.551,0.029,0.111))
[movedbg #1237] pre(grounded=False, jumping=False, normal=(0.000,1.000,0.000), vel=(0.000,-0.082,0.000)) probe(trace_dist=0.0508, hit=False, normal_y=None, fraction=None) post(grounded=True, vel=(0.000,0.000,0.000), horiz_speed=0.000, pos=(-23.551,0.029,0.111))
[movedbg #1238] pre(grounded=False, jumping=False, normal=(0.000,1.000,0.000), vel=(0.000,0.000,0.000)) probe(trace_dist=0.0508, hit=False, normal_y=None, fraction=None) post(grounded=False, vel=(0.000,-0.082,0.000), horiz_speed=0.000, pos=(-23.551,0.028,0.111))
[movedbg #1239] pre(grounded=False, jumping=False, normal=(0.000,1.000,0.000), vel=(0.000,-0.082,0.000)) probe(trace_dist=0.0508, hit=False, normal_y=None, fraction=None) post(grounded=True, vel=(0.000,0.000,0.000), horiz_speed=0.000, pos=(-23.551,0.029,0.111))
[movedbg #1240] pre(grounded=False, jumping=False, normal=(0.000,1.000,0.000), vel=(0.000,0.000,0.000)) probe(trace_dist=0.0508, hit=False, normal_y=None, fraction=None) post(grounded=False, vel=(0.000,-0.082,0.000), horiz_speed=0.000, pos=(-23.551,0.029,0.111))
[movedbg #1241] pre(grounded=False, jumping=False, normal=(0.000,1.000,0.000), vel=(0.000,-0.082,0.000)) probe(trace_dist=0.0508, hit=False, normal_y=None, fraction=None) post(grounded=True, vel=(0.000,0.000,0.000), horiz_speed=0.000, pos=(-23.552,0.030,0.111))
[movedbg #1242] pre(grounded=False, jumping=False, normal=(0.000,1.000,0.000), vel=(0.000,0.000,0.000)) probe(trace_dist=0.0508, hit=False, normal_y=None, fraction=None) post(grounded=False, vel=(0.000,-0.082,0.000), horiz_speed=0.000, pos=(-23.552,0.029,0.111))
[movedbg #1243] pre(grounded=False, jumping=False, normal=(0.000,1.000,0.000), vel=(0.000,-0.082,0.000)) probe(trace_dist=0.0508, hit=False, normal_y=None, fraction=None) post(grounded=True, vel=(0.000,0.000,0.000), horiz_speed=0.000, pos=(-23.552,0.029,0.111))
[movedbg #1244] pre(grounded=False, jumping=False, normal=(0.000,1.000,0.000), vel=(0.000,0.000,0.000)) probe(trace_dist=0.0508, hit=False, normal_y=None, fraction=None) post(grounded=True, vel=(0.000,0.000,0.000), horiz_speed=0.000, pos=(-23.552,0.030,0.111))
[movedbg #1245] pre(grounded=False, jumping=False, normal=(0.000,1.000,0.000), vel=(0.000,0.000,0.000)) probe(trace_dist=0.0508, hit=False, normal_y=None, fraction=None) post(grounded=False, vel=(0.000,-0.082,0.000), horiz_speed=0.000, pos=(-23.552,0.029,0.111))
[movedbg #1246] pre(grounded=False, jumping=False, normal=(0.000,1.000,0.000), vel=(0.000,-0.082,0.000)) probe(trace_dist=0.0508, hit=False, normal_y=None, fraction=None) post(grounded=False, vel=(0.000,-0.164,0.000), horiz_speed=0.000, pos=(-23.552,0.028,0.111))
[movedbg #1247] pre(grounded=False, jumping=False, normal=(0.000,1.000,0.000), vel=(0.000,-0.164,0.000)) probe(trace_dist=0.0508, hit=False, normal_y=None, fraction=None) post(grounded=True, vel=(0.000,0.000,0.000), horiz_speed=0.000, pos=(-23.553,0.028,0.111))
[movedbg #1248] pre(grounded=False, jumping=False, normal=(0.000,1.000,0.000), vel=(0.000,0.000,0.000)) probe(trace_dist=0.0508, hit=False, normal_y=None, fraction=None) post(grounded=False, vel=(0.000,-0.082,0.000), horiz_speed=0.000, pos=(-23.553,0.028,0.111))
[movedbg #1249] pre(grounded=False, jumping=False, normal=(0.000,1.000,0.000), vel=(0.000,-0.082,0.000)) probe(trace_dist=0.0508, hit=False, normal_y=None, fraction=None) post(grounded=True, vel=(0.000,0.000,0.000), horiz_speed=0.000, pos=(-23.553,0.029,0.111))
[movedbg #1250] pre(grounded=False, jumping=False, normal=(0.000,1.000,0.000), vel=(0.000,0.000,0.000)) probe(trace_dist=0.0508, hit=False, normal_y=None, fraction=None) post(grounded=False, vel=(0.000,-0.082,0.000), horiz_speed=0.000, pos=(-23.553,0.028,0.111))
[movedbg #1251] pre(grounded=False, jumping=False, normal=(0.000,1.000,0.000), vel=(0.000,-0.082,0.000)) probe(trace_dist=0.0508, hit=False, normal_y=None, fraction=None) post(grounded=True, vel=(0.000,0.000,0.000), horiz_speed=0.000, pos=(-23.554,0.029,0.111))
[movedbg #1252] pre(grounded=False, jumping=False, normal=(0.000,1.000,0.000), vel=(0.000,0.000,0.000)) probe(trace_dist=0.0508, hit=False, normal_y=None, fraction=None) post(grounded=False, vel=(0.000,-0.082,0.000), horiz_speed=0.000, pos=(-23.554,0.028,0.111))
[movedbg #1253] pre(grounded=False, jumping=False, normal=(0.000,1.000,0.000), vel=(0.000,-0.082,0.000)) probe(trace_dist=0.0508, hit=False, normal_y=None, fraction=None) post(grounded=True, vel=(0.000,0.000,0.000), horiz_speed=0.000, pos=(-23.554,0.028,0.111))
[movedbg #1254] pre(grounded=False, jumping=False, normal=(0.000,1.000,0.000), vel=(0.000,0.000,0.000)) probe(trace_dist=0.0508, hit=False, normal_y=None, fraction=None) post(grounded=False, vel=(0.000,-0.082,0.000), horiz_speed=0.000, pos=(-23.554,0.027,0.111))
[movedbg #1255] pre(grounded=False, jumping=False, normal=(0.000,1.000,0.000), vel=(0.000,-0.082,0.000)) probe(trace_dist=0.0508, hit=False, normal_y=None, fraction=None) post(grounded=True, vel=(0.000,0.000,0.000), horiz_speed=0.000, pos=(-23.554,0.028,0.111))
[movedbg #1256] pre(grounded=False, jumping=False, normal=(0.000,1.000,0.000), vel=(0.000,0.000,0.000)) probe(trace_dist=0.0508, hit=False, normal_y=None, fraction=None) post(grounded=False, vel=(0.000,-0.082,0.000), horiz_speed=0.000, pos=(-23.554,0.027,0.111))
[movedbg #1257] pre(grounded=False, jumping=False, normal=(0.000,1.000,0.000), vel=(0.000,-0.082,0.000)) probe(trace_dist=0.0508, hit=False, normal_y=None, fraction=None) post(grounded=True, vel=(0.000,0.000,0.000), horiz_speed=0.000, pos=(-23.555,0.028,0.111))
[movedbg #1258] pre(grounded=False, jumping=False, normal=(0.000,1.000,0.000), vel=(0.000,0.000,0.000)) probe(trace_dist=0.0508, hit=False, normal_y=None, fraction=None) post(grounded=False, vel=(0.000,-0.082,0.000), horiz_speed=0.000, pos=(-23.555,0.028,0.111))
[movedbg #1259] pre(grounded=False, jumping=False, normal=(0.000,1.000,0.000), vel=(0.000,-0.082,0.000)) probe(trace_dist=0.0508, hit=False, normal_y=None, fraction=None) post(grounded=True, vel=(0.000,0.000,0.000), horiz_speed=0.000, pos=(-23.555,0.027,0.111))
[movedbg #1260] pre(grounded=False, jumping=False, normal=(0.000,1.000,0.000), vel=(0.000,0.000,0.000)) probe(trace_dist=0.0508, hit=False, normal_y=None, fraction=None) post(grounded=False, vel=(0.000,-0.082,0.000), horiz_speed=0.000, pos=(-23.555,0.027,0.111))
[movedbg #1261] pre(grounded=False, jumping=False, normal=(0.000,1.000,0.000), vel=(0.000,-0.082,0.000)) probe(trace_dist=0.0508, hit=False, normal_y=None, fraction=None) post(grounded=True, vel=(0.000,0.000,0.000), horiz_speed=0.000, pos=(-23.555,0.028,0.111))
[movedbg #1262] pre(grounded=False, jumping=False, normal=(0.000,1.000,0.000), vel=(0.000,0.000,0.000)) probe(trace_dist=0.0508, hit=False, normal_y=None, fraction=None) post(grounded=False, vel=(0.000,-0.082,0.000), horiz_speed=0.000, pos=(-23.555,0.027,0.111))
[movedbg #1263] pre(grounded=False, jumping=False, normal=(0.000,1.000,0.000), vel=(0.000,-0.082,0.000)) probe(trace_dist=0.0508, hit=False, normal_y=None, fraction=None) post(grounded=True, vel=(0.000,0.000,0.000), horiz_speed=0.000, pos=(-23.556,0.028,0.111))
[movedbg #1264] pre(grounded=False, jumping=False, normal=(0.000,1.000,0.000), vel=(0.000,0.000,0.000)) probe(trace_dist=0.0508, hit=False, normal_y=None, fraction=None) post(grounded=False, vel=(0.000,-0.082,0.000), horiz_speed=0.000, pos=(-23.556,0.027,0.111))
[movedbg #1265] pre(grounded=False, jumping=False, normal=(0.000,1.000,0.000), vel=(0.000,-0.082,0.000)) probe(trace_dist=0.0508, hit=False, normal_y=None, fraction=None) post(grounded=True, vel=(0.000,0.000,0.000), horiz_speed=0.000, pos=(-23.556,0.027,0.111))
[movedbg #1266] pre(grounded=False, jumping=False, normal=(0.000,1.000,0.000), vel=(0.000,0.000,0.000)) probe(trace_dist=0.0508, hit=False, normal_y=None, fraction=None) post(grounded=False, vel=(0.000,-0.082,0.000), horiz_speed=0.000, pos=(-23.556,0.026,0.111))
[movedbg #1267] pre(grounded=False, jumping=False, normal=(0.000,1.000,0.000), vel=(0.000,-0.082,0.000)) probe(trace_dist=0.0508, hit=False, normal_y=None, fraction=None) post(grounded=True, vel=(0.000,0.000,0.000), horiz_speed=0.000, pos=(-23.556,0.027,0.111))
[movedbg #1268] pre(grounded=False, jumping=False, normal=(0.000,1.000,0.000), vel=(0.000,0.000,0.000)) probe(trace_dist=0.0508, hit=False, normal_y=None, fraction=None) post(grounded=False, vel=(0.000,-0.082,0.000), horiz_speed=0.000, pos=(-23.556,0.027,0.111))
[movedbg #1269] pre(grounded=False, jumping=False, normal=(0.000,1.000,0.000), vel=(0.000,-0.082,0.000)) probe(trace_dist=0.0508, hit=False, normal_y=None, fraction=None) post(grounded=True, vel=(0.000,0.000,0.000), horiz_speed=0.000, pos=(-23.557,0.028,0.111))
[movedbg #1270] pre(grounded=False, jumping=False, normal=(0.000,1.000,0.000), vel=(0.000,0.000,0.000)) probe(trace_dist=0.0508, hit=False, normal_y=None, fraction=None) post(grounded=False, vel=(0.000,-0.082,0.000), horiz_speed=0.000, pos=(-23.557,0.027,0.111))
[movedbg #1271] pre(grounded=False, jumping=False, normal=(0.000,1.000,0.000), vel=(0.000,-0.082,0.000)) probe(trace_dist=0.0508, hit=False, normal_y=None, fraction=None) post(grounded=True, vel=(0.000,0.000,0.000), horiz_speed=0.000, pos=(-23.557,0.027,0.111))
[movedbg #1272] pre(grounded=False, jumping=False, normal=(0.000,1.000,0.000), vel=(0.000,0.000,0.000)) probe(trace_dist=0.0508, hit=False, normal_y=None, fraction=None) post(grounded=False, vel=(0.000,-0.082,0.000), horiz_speed=0.000, pos=(-23.557,0.026,0.111))
[movedbg #1273] pre(grounded=False, jumping=False, normal=(0.000,1.000,0.000), vel=(0.000,-0.082,0.000)) probe(trace_dist=0.0508, hit=False, normal_y=None, fraction=None) post(grounded=True, vel=(0.000,0.000,0.000), horiz_speed=0.000, pos=(-23.558,0.027,0.111))
[movedbg #1274] pre(grounded=False, jumping=False, normal=(0.000,1.000,0.000), vel=(0.000,0.000,0.000)) probe(trace_dist=0.0508, hit=False, normal_y=None, fraction=None) post(grounded=False, vel=(0.000,-0.082,0.000), horiz_speed=0.000, pos=(-23.558,0.026,0.111))
[movedbg #1275] pre(grounded=False, jumping=False, normal=(0.000,1.000,0.000), vel=(0.000,-0.082,0.000)) probe(trace_dist=0.0508, hit=False, normal_y=None, fraction=None) post(grounded=True, vel=(0.000,0.000,0.000), horiz_speed=0.000, pos=(-23.558,0.027,0.111))
[movedbg #1276] pre(grounded=False, jumping=False, normal=(0.000,1.000,0.000), vel=(0.000,0.000,0.000)) probe(trace_dist=0.0508, hit=False, normal_y=None, fraction=None) post(grounded=False, vel=(0.000,-0.082,0.000), horiz_speed=0.000, pos=(-23.558,0.026,0.111))
[movedbg #1277] pre(grounded=False, jumping=False, normal=(0.000,1.000,0.000), vel=(0.000,-0.082,0.000)) probe(trace_dist=0.0508, hit=False, normal_y=None, fraction=None) post(grounded=True, vel=(0.000,0.000,0.000), horiz_speed=0.000, pos=(-23.558,0.026,0.111))
[movedbg #1278] pre(grounded=False, jumping=False, normal=(0.000,1.000,0.000), vel=(0.000,0.000,0.000)) probe(trace_dist=0.0508, hit=False, normal_y=None, fraction=None) post(grounded=False, vel=(0.000,-0.082,0.000), horiz_speed=0.000, pos=(-23.558,0.025,0.111))
[movedbg #1279] pre(grounded=False, jumping=False, normal=(0.000,1.000,0.000), vel=(0.000,-0.082,0.000)) probe(trace_dist=0.0508, hit=False, normal_y=None, fraction=None) post(grounded=True, vel=(0.000,0.000,0.000), horiz_speed=0.000, pos=(-23.559,0.026,0.111))
[movedbg #1280] pre(grounded=False, jumping=False, normal=(0.000,1.000,0.000), vel=(0.000,0.000,0.000)) probe(trace_dist=0.0508, hit=False, normal_y=None, fraction=None) post(grounded=False, vel=(0.000,-0.082,0.000), horiz_speed=0.000, pos=(-23.559,0.026,0.111))
[movedbg #1281] pre(grounded=False, jumping=False, normal=(0.000,1.000,0.000), vel=(0.000,-0.082,0.000)) probe(trace_dist=0.0508, hit=False, normal_y=None, fraction=None) post(grounded=True, vel=(0.000,0.000,0.000), horiz_speed=0.000, pos=(-23.559,0.027,0.111))
[movedbg #1282] pre(grounded=False, jumping=False, normal=(0.000,1.000,0.000), vel=(0.000,0.000,0.000)) probe(trace_dist=0.0508, hit=False, normal_y=None, fraction=None) post(grounded=False, vel=(0.000,-0.082,0.000), horiz_speed=0.000, pos=(-23.559,0.026,0.111))
[movedbg #1283] pre(grounded=False, jumping=False, normal=(0.000,1.000,0.000), vel=(0.000,-0.082,0.000)) probe(trace_dist=0.0508, hit=False, normal_y=None, fraction=None) post(grounded=True, vel=(0.000,0.000,0.000), horiz_speed=0.000, pos=(-23.559,0.026,0.111))
[movedbg #1284] pre(grounded=False, jumping=False, normal=(0.000,1.000,0.000), vel=(0.000,0.000,0.000)) probe(trace_dist=0.0508, hit=False, normal_y=None, fraction=None) post(grounded=False, vel=(0.000,-0.082,0.000), horiz_speed=0.000, pos=(-23.559,0.025,0.111))
[movedbg #1285] pre(grounded=False, jumping=False, normal=(0.000,1.000,0.000), vel=(0.000,-0.082,0.000)) probe(trace_dist=0.0508, hit=False, normal_y=None, fraction=None) post(grounded=True, vel=(0.000,0.000,0.000), horiz_speed=0.000, pos=(-23.560,0.026,0.111))
[movedbg #1286] pre(grounded=False, jumping=False, normal=(0.000,1.000,0.000), vel=(0.000,0.000,0.000)) probe(trace_dist=0.0508, hit=False, normal_y=None, fraction=None) post(grounded=False, vel=(0.000,-0.082,0.000), horiz_speed=0.000, pos=(-23.560,0.025,0.111))
[movedbg #1287] pre(grounded=False, jumping=False, normal=(0.000,1.000,0.000), vel=(0.000,-0.082,0.000)) probe(trace_dist=0.0508, hit=False, normal_y=None, fraction=None) post(grounded=True, vel=(0.000,0.000,0.000), horiz_speed=0.000, pos=(-23.560,0.026,0.111))
[movedbg #1288] pre(grounded=False, jumping=False, normal=(0.000,1.000,0.000), vel=(0.000,0.000,0.000)) probe(trace_dist=0.0508, hit=False, normal_y=None, fraction=None) post(grounded=False, vel=(0.000,-0.082,0.000), horiz_speed=0.000, pos=(-23.560,0.026,0.111))
[movedbg #1289] pre(grounded=False, jumping=False, normal=(0.000,1.000,0.000), vel=(0.000,-0.082,0.000)) probe(trace_dist=0.0508, hit=False, normal_y=None, fraction=None) post(grounded=True, vel=(0.000,0.000,0.000), horiz_speed=0.000, pos=(-23.561,0.025,0.111))
[movedbg #1290] pre(grounded=False, jumping=False, normal=(0.000,1.000,0.000), vel=(0.000,0.000,0.000)) probe(trace_dist=0.0508, hit=False, normal_y=None, fraction=None) post(grounded=False, vel=(0.000,-0.082,0.000), horiz_speed=0.000, pos=(-23.561,0.025,0.111))
[movedbg #1291] pre(grounded=False, jumping=False, normal=(0.000,1.000,0.000), vel=(0.000,-0.082,0.000)) probe(trace_dist=0.0508, hit=False, normal_y=None, fraction=None) post(grounded=True, vel=(0.000,0.000,0.000), horiz_speed=0.000, pos=(-23.561,0.026,0.111))
[movedbg #1292] pre(grounded=False, jumping=False, normal=(0.000,1.000,0.000), vel=(0.000,0.000,0.000)) probe(trace_dist=0.0508, hit=False, normal_y=None, fraction=None) post(grounded=False, vel=(0.000,-0.082,0.000), horiz_speed=0.000, pos=(-23.561,0.025,0.111))
[movedbg #1293] pre(grounded=False, jumping=False, normal=(0.000,1.000,0.000), vel=(0.000,-0.082,0.000)) probe(trace_dist=0.0508, hit=False, normal_y=None, fraction=None) post(grounded=True, vel=(0.000,0.000,0.000), horiz_speed=0.000, pos=(-23.561,0.026,0.111))
[movedbg #1294] pre(grounded=False, jumping=False, normal=(0.000,1.000,0.000), vel=(0.000,0.000,0.000)) probe(trace_dist=0.0508, hit=False, normal_y=None, fraction=None) post(grounded=False, vel=(0.000,-0.082,0.000), horiz_speed=0.000, pos=(-23.561,0.025,0.111))
[movedbg #1295] pre(grounded=False, jumping=False, normal=(0.000,1.000,0.000), vel=(0.000,-0.082,0.000)) probe(trace_dist=0.0508, hit=False, normal_y=None, fraction=None) post(grounded=True, vel=(0.000,0.000,0.000), horiz_speed=0.000, pos=(-23.562,0.025,0.111))
[movedbg #1296] pre(grounded=False, jumping=False, normal=(0.000,1.000,0.000), vel=(0.000,0.000,0.000)) probe(trace_dist=0.0508, hit=False, normal_y=None, fraction=None) post(grounded=False, vel=(0.000,-0.082,0.000), horiz_speed=0.000, pos=(-23.562,0.024,0.111))
[movedbg #1297] pre(grounded=False, jumping=False, normal=(0.000,1.000,0.000), vel=(0.000,-0.082,0.000)) probe(trace_dist=0.0508, hit=False, normal_y=None, fraction=None) post(grounded=True, vel=(0.000,0.000,0.000), horiz_speed=0.000, pos=(-23.562,0.025,0.111))
[movedbg #1298] pre(grounded=False, jumping=False, normal=(0.000,1.000,0.000), vel=(0.000,0.000,0.000)) probe(trace_dist=0.0508, hit=False, normal_y=None, fraction=None) post(grounded=False, vel=(0.000,-0.082,0.000), horiz_speed=0.000, pos=(-23.562,0.024,0.111))
[movedbg #1299] pre(grounded=False, jumping=False, normal=(0.000,1.000,0.000), vel=(0.000,-0.082,0.000)) probe(trace_dist=0.0508, hit=False, normal_y=None, fraction=None) post(grounded=True, vel=(0.000,0.000,0.000), horiz_speed=0.000, pos=(-23.562,0.025,0.111))
[movedbg #1300] pre(grounded=False, jumping=False, normal=(0.000,1.000,0.000), vel=(0.000,0.000,0.000)) probe(trace_dist=0.0508, hit=False, normal_y=None, fraction=None) post(grounded=False, vel=(0.000,-0.082,0.000), horiz_speed=0.000, pos=(-23.562,0.025,0.111))
[movedbg #1301] pre(grounded=False, jumping=False, normal=(0.000,1.000,0.000), vel=(0.000,-0.082,0.000)) probe(trace_dist=0.0508, hit=False, normal_y=None, fraction=None) post(grounded=True, vel=(0.000,0.000,0.000), horiz_speed=0.000, pos=(-23.563,0.024,0.111))
[movedbg #1302] pre(grounded=False, jumping=False, normal=(0.000,1.000,0.000), vel=(0.000,0.000,0.000)) probe(trace_dist=0.0508, hit=False, normal_y=None, fraction=None) post(grounded=False, vel=(0.000,-0.082,0.000), horiz_speed=0.000, pos=(-23.563,0.024,0.111))
[movedbg #1303] pre(grounded=False, jumping=False, normal=(0.000,1.000,0.000), vel=(0.000,-0.082,0.000)) probe(trace_dist=0.0508, hit=False, normal_y=None, fraction=None) post(grounded=True, vel=(0.000,0.000,0.000), horiz_speed=0.000, pos=(-23.563,0.025,0.111))
[movedbg #1304] pre(grounded=False, jumping=False, normal=(0.000,1.000,0.000), vel=(0.000,0.000,0.000)) probe(trace_dist=0.0508, hit=False, normal_y=None, fraction=None) post(grounded=False, vel=(0.000,-0.082,0.000), horiz_speed=0.000, pos=(-23.563,0.024,0.111))
[movedbg #1305] pre(grounded=False, jumping=False, normal=(0.000,1.000,0.000), vel=(0.000,-0.082,0.000)) probe(trace_dist=0.0508, hit=False, normal_y=None, fraction=None) post(grounded=True, vel=(0.000,0.000,0.000), horiz_speed=0.000, pos=(-23.564,0.025,0.111))
[movedbg #1306] pre(grounded=False, jumping=False, normal=(0.000,1.000,0.000), vel=(0.000,0.000,0.000)) probe(trace_dist=0.0508, hit=False, normal_y=None, fraction=None) post(grounded=False, vel=(0.000,-0.082,0.000), horiz_speed=0.000, pos=(-23.564,0.024,0.111))
[movedbg #1307] pre(grounded=False, jumping=False, normal=(0.000,1.000,0.000), vel=(0.000,-0.082,0.000)) probe(trace_dist=0.0508, hit=False, normal_y=None, fraction=None) post(grounded=True, vel=(0.000,0.000,0.000), horiz_speed=0.000, pos=(-23.564,0.024,0.111))
[movedbg #1308] pre(grounded=False, jumping=False, normal=(0.000,1.000,0.000), vel=(0.000,0.000,0.000)) probe(trace_dist=0.0508, hit=False, normal_y=None, fraction=None) post(grounded=False, vel=(0.000,-0.082,0.000), horiz_speed=0.000, pos=(-23.564,0.023,0.111))
[movedbg #1309] pre(grounded=False, jumping=False, normal=(0.000,1.000,0.000), vel=(0.000,-0.082,0.000)) probe(trace_dist=0.0508, hit=False, normal_y=None, fraction=None) post(grounded=True, vel=(0.000,0.000,0.000), horiz_speed=0.000, pos=(-23.564,0.024,0.111))
[movedbg #1310] pre(grounded=False, jumping=False, normal=(0.000,1.000,0.000), vel=(0.000,0.000,0.000)) probe(trace_dist=0.0508, hit=False, normal_y=None, fraction=None) post(grounded=False, vel=(0.000,-0.082,0.000), horiz_speed=0.000, pos=(-23.564,0.024,0.111))
[movedbg #1311] pre(grounded=False, jumping=False, normal=(0.000,1.000,0.000), vel=(0.000,-0.082,0.000)) probe(trace_dist=0.0508, hit=False, normal_y=None, fraction=None) post(grounded=True, vel=(0.000,0.000,0.000), horiz_speed=0.000, pos=(-23.565,0.024,0.111))
[movedbg #1312] pre(grounded=False, jumping=False, normal=(0.000,1.000,0.000), vel=(0.000,0.000,0.000)) probe(trace_dist=0.0508, hit=False, normal_y=None, fraction=None) post(grounded=False, vel=(0.000,-0.082,0.000), horiz_speed=0.000, pos=(-23.565,0.024,0.111))
[movedbg #1313] pre(grounded=False, jumping=False, normal=(0.000,1.000,0.000), vel=(0.000,-0.082,0.000)) probe(trace_dist=0.0508, hit=False, normal_y=None, fraction=None) post(grounded=True, vel=(0.000,0.000,0.000), horiz_speed=0.000, pos=(-23.565,0.023,0.111))
[movedbg #1314] pre(grounded=False, jumping=False, normal=(0.000,1.000,0.000), vel=(0.000,0.000,0.000)) probe(trace_dist=0.0508, hit=False, normal_y=None, fraction=None) post(grounded=False, vel=(0.000,-0.082,0.000), horiz_speed=0.000, pos=(-23.565,0.023,0.111))
[movedbg #1315] pre(grounded=False, jumping=False, normal=(0.000,1.000,0.000), vel=(0.000,-0.082,0.000)) probe(trace_dist=0.0508, hit=False, normal_y=None, fraction=None) post(grounded=True, vel=(0.000,0.000,0.000), horiz_speed=0.000, pos=(-23.565,0.024,0.111))
[movedbg #1316] pre(grounded=False, jumping=False, normal=(0.000,1.000,0.000), vel=(0.000,0.000,0.000)) probe(trace_dist=0.0508, hit=False, normal_y=None, fraction=None) post(grounded=False, vel=(0.000,-0.082,0.000), horiz_speed=0.000, pos=(-23.565,0.023,0.111))
[movedbg #1317] pre(grounded=False, jumping=False, normal=(0.000,1.000,0.000), vel=(0.000,-0.082,0.000)) probe(trace_dist=0.0508, hit=False, normal_y=None, fraction=None) post(grounded=True, vel=(0.000,0.000,0.000), horiz_speed=0.000, pos=(-23.566,0.024,0.111))
[movedbg #1318] pre(grounded=False, jumping=False, normal=(0.000,1.000,0.000), vel=(0.000,0.000,0.000)) probe(trace_dist=0.0508, hit=False, normal_y=None, fraction=None) post(grounded=False, vel=(0.000,-0.082,0.000), horiz_speed=0.000, pos=(-23.566,0.023,0.111))
[movedbg #1319] pre(grounded=False, jumping=False, normal=(0.000,1.000,0.000), vel=(0.000,-0.082,0.000)) probe(trace_dist=0.0508, hit=False, normal_y=None, fraction=None) post(grounded=True, vel=(0.000,0.000,0.000), horiz_speed=0.000, pos=(-23.566,0.023,0.111))
[movedbg #1320] pre(grounded=False, jumping=False, normal=(0.000,1.000,0.000), vel=(0.000,0.000,0.000)) probe(trace_dist=0.0508, hit=False, normal_y=None, fraction=None) post(grounded=False, vel=(0.000,-0.082,0.000), horiz_speed=0.000, pos=(-23.566,0.022,0.111))
[movedbg #1321] pre(grounded=False, jumping=False, normal=(0.000,1.000,0.000), vel=(0.000,-0.082,0.000)) probe(trace_dist=0.0508, hit=False, normal_y=None, fraction=None) post(grounded=True, vel=(0.000,0.000,0.000), horiz_speed=0.000, pos=(-23.566,0.023,0.111))
[movedbg #1322] pre(grounded=False, jumping=False, normal=(0.000,1.000,0.000), vel=(0.000,0.000,0.000)) probe(trace_dist=0.0508, hit=False, normal_y=None, fraction=None) post(grounded=False, vel=(0.000,-0.082,0.000), horiz_speed=0.000, pos=(-23.566,0.023,0.111))
[movedbg #1323] pre(grounded=False, jumping=False, normal=(0.000,1.000,0.000), vel=(0.000,-0.082,0.000)) probe(trace_dist=0.0508, hit=False, normal_y=None, fraction=None) post(grounded=True, vel=(0.000,0.000,0.000), horiz_speed=0.000, pos=(-23.567,0.024,0.111))
[movedbg #1324] pre(grounded=False, jumping=False, normal=(0.000,1.000,0.000), vel=(0.000,0.000,0.000)) probe(trace_dist=0.0508, hit=False, normal_y=None, fraction=None) post(grounded=False, vel=(0.000,-0.082,0.000), horiz_speed=0.000, pos=(-23.567,0.023,0.111))
[movedbg #1325] pre(grounded=False, jumping=False, normal=(0.000,1.000,0.000), vel=(0.000,-0.082,0.000)) probe(trace_dist=0.0508, hit=False, normal_y=None, fraction=None) post(grounded=True, vel=(0.000,0.000,0.000), horiz_speed=0.000, pos=(-23.567,0.023,0.111))
[movedbg #1326] pre(grounded=False, jumping=False, normal=(0.000,1.000,0.000), vel=(0.000,0.000,0.000)) probe(trace_dist=0.0508, hit=False, normal_y=None, fraction=None) post(grounded=False, vel=(0.000,-0.082,0.000), horiz_speed=0.000, pos=(-23.567,0.022,0.111))
[movedbg #1327] pre(grounded=False, jumping=False, normal=(0.000,1.000,0.000), vel=(0.000,-0.082,0.000)) probe(trace_dist=0.0508, hit=False, normal_y=None, fraction=None) post(grounded=True, vel=(0.000,0.000,0.000), horiz_speed=0.000, pos=(-23.568,0.023,0.111))
[movedbg #1328] pre(grounded=False, jumping=False, normal=(0.000,1.000,0.000), vel=(0.000,0.000,0.000)) probe(trace_dist=0.0508, hit=False, normal_y=None, fraction=None) post(grounded=False, vel=(0.000,-0.082,0.000), horiz_speed=0.000, pos=(-23.568,0.022,0.111))
[movedbg #1329] pre(grounded=False, jumping=False, normal=(0.000,1.000,0.000), vel=(0.000,-0.082,0.000)) probe(trace_dist=0.0508, hit=False, normal_y=None, fraction=None) post(grounded=True, vel=(0.000,0.000,0.000), horiz_speed=0.000, pos=(-23.568,0.023,0.111))
[movedbg #1330] pre(grounded=False, jumping=False, normal=(0.000,1.000,0.000), vel=(0.000,0.000,0.000)) probe(trace_dist=0.0508, hit=False, normal_y=None, fraction=None) post(grounded=False, vel=(0.000,-0.082,0.000), horiz_speed=0.000, pos=(-23.568,0.022,0.111))
[movedbg #1331] pre(grounded=False, jumping=False, normal=(0.000,1.000,0.000), vel=(0.000,-0.082,0.000)) probe(trace_dist=0.0508, hit=False, normal_y=None, fraction=None) post(grounded=True, vel=(0.000,0.000,0.000), horiz_speed=0.000, pos=(-23.568,0.022,0.111))
[movedbg #1332] pre(grounded=False, jumping=False, normal=(0.000,1.000,0.000), vel=(0.000,0.000,0.000)) probe(trace_dist=0.0508, hit=False, normal_y=None, fraction=None) post(grounded=False, vel=(0.000,-0.082,0.000), horiz_speed=0.000, pos=(-23.568,0.021,0.111))
[movedbg #1333] pre(grounded=False, jumping=False, normal=(0.000,1.000,0.000), vel=(0.000,-0.082,0.000)) probe(trace_dist=0.0508, hit=False, normal_y=None, fraction=None) post(grounded=True, vel=(0.000,0.000,0.000), horiz_speed=0.000, pos=(-23.569,0.022,0.111))
[movedbg #1334] pre(grounded=False, jumping=False, normal=(0.000,1.000,0.000), vel=(0.000,0.000,0.000)) probe(trace_dist=0.0508, hit=False, normal_y=None, fraction=None) post(grounded=False, vel=(0.000,-0.082,0.000), horiz_speed=0.000, pos=(-23.569,0.022,0.111))
[movedbg #1335] pre(grounded=False, jumping=False, normal=(0.000,1.000,0.000), vel=(0.000,-0.082,0.000)) probe(trace_dist=0.0508, hit=False, normal_y=None, fraction=None) post(grounded=True, vel=(0.000,0.000,0.000), horiz_speed=0.000, pos=(-23.569,0.023,0.111))
[movedbg #1336] pre(grounded=False, jumping=False, normal=(0.000,1.000,0.000), vel=(0.000,0.000,0.000)) probe(trace_dist=0.0508, hit=False, normal_y=None, fraction=None) post(grounded=False, vel=(0.000,-0.082,0.000), horiz_speed=0.000, pos=(-23.569,0.022,0.111))
[movedbg #1337] pre(grounded=False, jumping=False, normal=(0.000,1.000,0.000), vel=(0.000,-0.082,0.000)) probe(trace_dist=0.0508, hit=False, normal_y=None, fraction=None) post(grounded=True, vel=(0.000,0.000,0.000), horiz_speed=0.000, pos=(-23.569,0.022,0.111))
[movedbg #1338] pre(grounded=False, jumping=False, normal=(0.000,1.000,0.000), vel=(0.000,0.000,0.000)) probe(trace_dist=0.0508, hit=False, normal_y=None, fraction=None) post(grounded=False, vel=(0.000,-0.082,0.000), horiz_speed=0.000, pos=(-23.569,0.021,0.111))
[movedbg #1339] pre(grounded=False, jumping=False, normal=(0.000,1.000,0.000), vel=(0.000,-0.082,0.000)) probe(trace_dist=0.0508, hit=False, normal_y=None, fraction=None) post(grounded=True, vel=(0.000,0.000,0.000), horiz_speed=0.000, pos=(-23.570,0.022,0.111))
[movedbg #1340] pre(grounded=False, jumping=False, normal=(0.000,1.000,0.000), vel=(0.000,0.000,0.000)) probe(trace_dist=0.0508, hit=False, normal_y=None, fraction=None) post(grounded=False, vel=(0.000,-0.082,0.000), horiz_speed=0.000, pos=(-23.570,0.021,0.111))
[movedbg #1341] pre(grounded=False, jumping=False, normal=(0.000,1.000,0.000), vel=(0.000,-0.082,0.000)) probe(trace_dist=0.0508, hit=False, normal_y=None, fraction=None) post(grounded=True, vel=(0.000,0.000,0.000), horiz_speed=0.000, pos=(-23.570,0.022,0.111))
[movedbg #1342] pre(grounded=False, jumping=False, normal=(0.000,1.000,0.000), vel=(0.000,0.000,0.000)) probe(trace_dist=0.0508, hit=False, normal_y=None, fraction=None) post(grounded=False, vel=(0.000,-0.082,0.000), horiz_speed=0.000, pos=(-23.570,0.022,0.111))
[movedbg #1343] pre(grounded=False, jumping=False, normal=(0.000,1.000,0.000), vel=(0.000,-0.082,0.000)) probe(trace_dist=0.0508, hit=False, normal_y=None, fraction=None) post(grounded=True, vel=(0.000,0.000,0.000), horiz_speed=0.000, pos=(-23.571,0.021,0.111))
[movedbg #1344] pre(grounded=False, jumping=False, normal=(0.000,1.000,0.000), vel=(0.000,0.000,0.000)) probe(trace_dist=0.0508, hit=False, normal_y=None, fraction=None) post(grounded=False, vel=(0.000,-0.082,0.000), horiz_speed=0.000, pos=(-23.571,0.021,0.111))
[movedbg #1345] pre(grounded=False, jumping=False, normal=(0.000,1.000,0.000), vel=(0.000,-0.082,0.000)) probe(trace_dist=0.0508, hit=False, normal_y=None, fraction=None) post(grounded=True, vel=(0.000,0.000,0.000), horiz_speed=0.000, pos=(-23.571,0.022,0.111))
[movedbg #1346] pre(grounded=False, jumping=False, normal=(0.000,1.000,0.000), vel=(0.000,0.000,0.000)) probe(trace_dist=0.0508, hit=False, normal_y=None, fraction=None) post(grounded=False, vel=(0.000,-0.082,0.000), horiz_speed=0.000, pos=(-23.571,0.021,0.111))
[movedbg #1347] pre(grounded=False, jumping=False, normal=(0.000,1.000,0.000), vel=(0.000,-0.082,0.000)) probe(trace_dist=0.0508, hit=False, normal_y=None, fraction=None) post(grounded=True, vel=(0.000,0.000,0.000), horiz_speed=0.000, pos=(-23.571,0.022,0.111))
[movedbg #1348] pre(grounded=False, jumping=False, normal=(0.000,1.000,0.000), vel=(0.000,0.000,0.000)) probe(trace_dist=0.0508, hit=False, normal_y=None, fraction=None) post(grounded=False, vel=(0.000,-0.082,0.000), horiz_speed=0.000, pos=(-23.571,0.021,0.111))
[movedbg #1349] pre(grounded=False, jumping=False, normal=(0.000,1.000,0.000), vel=(0.000,-0.082,0.000)) probe(trace_dist=0.0508, hit=False, normal_y=None, fraction=None) post(grounded=True, vel=(0.000,0.000,0.000), horiz_speed=0.000, pos=(-23.572,0.021,0.111))
[movedbg #1350] pre(grounded=False, jumping=False, normal=(0.000,1.000,0.000), vel=(0.000,0.000,0.000)) probe(trace_dist=0.0508, hit=False, normal_y=None, fraction=None) post(grounded=False, vel=(0.000,-0.082,0.000), horiz_speed=0.000, pos=(-23.572,0.020,0.111))
[movedbg #1351] pre(grounded=False, jumping=False, normal=(0.000,1.000,0.000), vel=(0.000,-0.082,0.000)) probe(trace_dist=0.0508, hit=False, normal_y=None, fraction=None) post(grounded=True, vel=(0.000,0.000,0.000), horiz_speed=0.000, pos=(-23.572,0.021,0.111))
[movedbg #1352] pre(grounded=False, jumping=False, normal=(0.000,1.000,0.000), vel=(0.000,0.000,0.000)) probe(trace_dist=0.0508, hit=False, normal_y=None, fraction=None) post(grounded=False, vel=(0.000,-0.082,0.000), horiz_speed=0.000, pos=(-23.572,0.020,0.111))
[movedbg #1353] pre(grounded=False, jumping=False, normal=(0.000,1.000,0.000), vel=(0.000,-0.082,0.000)) probe(trace_dist=0.0508, hit=False, normal_y=None, fraction=None) post(grounded=True, vel=(0.000,0.000,0.000), horiz_speed=0.000, pos=(-23.572,0.021,0.111))
[movedbg #1354] pre(grounded=False, jumping=False, normal=(0.000,1.000,0.000), vel=(0.000,0.000,0.000)) probe(trace_dist=0.0508, hit=False, normal_y=None, fraction=None) post(grounded=False, vel=(0.000,-0.082,0.000), horiz_speed=0.000, pos=(-23.572,0.021,0.111))
[movedbg #1355] pre(grounded=False, jumping=False, normal=(0.000,1.000,0.000), vel=(0.000,-0.082,0.000)) probe(trace_dist=0.0508, hit=False, normal_y=None, fraction=None) post(grounded=True, vel=(0.000,0.000,0.000), horiz_speed=0.000, pos=(-23.573,0.020,0.111))
[movedbg #1356] pre(grounded=False, jumping=False, normal=(0.000,1.000,0.000), vel=(0.000,0.000,0.000)) probe(trace_dist=0.0508, hit=False, normal_y=None, fraction=None) post(grounded=False, vel=(0.000,-0.082,0.000), horiz_speed=0.000, pos=(-23.573,0.020,0.111))
[movedbg #1357] pre(grounded=False, jumping=False, normal=(0.000,1.000,0.000), vel=(0.000,-0.082,0.000)) probe(trace_dist=0.0508, hit=False, normal_y=None, fraction=None) post(grounded=True, vel=(0.000,0.000,0.000), horiz_speed=0.000, pos=(-23.573,0.021,0.111))
[movedbg #1358] pre(grounded=False, jumping=False, normal=(0.000,1.000,0.000), vel=(0.000,0.000,0.000)) probe(trace_dist=0.0508, hit=False, normal_y=None, fraction=None) post(grounded=False, vel=(0.000,-0.082,0.000), horiz_speed=0.000, pos=(-23.573,0.020,0.111))
[movedbg #1359] pre(grounded=False, jumping=False, normal=(0.000,1.000,0.000), vel=(0.000,-0.082,0.000)) probe(trace_dist=0.0508, hit=False, normal_y=None, fraction=None) post(grounded=True, vel=(0.000,0.000,0.000), horiz_speed=0.000, pos=(-23.574,0.021,0.111))
[movedbg #1360] pre(grounded=False, jumping=False, normal=(0.000,1.000,0.000), vel=(0.000,0.000,0.000)) probe(trace_dist=0.0508, hit=False, normal_y=None, fraction=None) post(grounded=False, vel=(0.000,-0.082,0.000), horiz_speed=0.000, pos=(-23.574,0.020,0.111))
[movedbg #1361] pre(grounded=False, jumping=False, normal=(0.000,1.000,0.000), vel=(0.000,-0.082,0.000)) probe(trace_dist=0.0508, hit=False, normal_y=None, fraction=None) post(grounded=True, vel=(0.000,0.000,0.000), horiz_speed=0.000, pos=(-23.574,0.020,0.111))
[movedbg #1362] pre(grounded=False, jumping=False, normal=(0.000,1.000,0.000), vel=(0.000,0.000,0.000)) probe(trace_dist=0.0508, hit=False, normal_y=None, fraction=None) post(grounded=True, vel=(0.000,0.000,0.000), horiz_speed=0.000, pos=(-23.574,0.021,0.111))
[movedbg #1363] pre(grounded=False, jumping=False, normal=(0.000,1.000,0.000), vel=(0.000,0.000,0.000)) probe(trace_dist=0.0508, hit=False, normal_y=None, fraction=None) post(grounded=False, vel=(0.000,-0.082,0.000), horiz_speed=0.000, pos=(-23.574,0.020,0.111))
[movedbg #1364] pre(grounded=False, jumping=False, normal=(0.000,1.000,0.000), vel=(0.000,-0.082,0.000)) probe(trace_dist=0.0508, hit=False, normal_y=None, fraction=None) post(grounded=False, vel=(0.000,-0.164,0.000), horiz_speed=0.000, pos=(-23.574,0.019,0.111))
[movedbg #1365] pre(grounded=False, jumping=False, normal=(0.000,1.000,0.000), vel=(0.000,-0.164,0.000)) probe(trace_dist=0.0508, hit=False, normal_y=None, fraction=None) post(grounded=True, vel=(0.000,0.000,0.000), horiz_speed=0.000, pos=(-23.575,0.020,0.111))
[movedbg #1366] pre(grounded=False, jumping=False, normal=(0.000,1.000,0.000), vel=(0.000,0.000,0.000)) probe(trace_dist=0.0508, hit=False, normal_y=None, fraction=None) post(grounded=False, vel=(0.000,-0.082,0.000), horiz_speed=0.000, pos=(-23.575,0.019,0.111))
[movedbg #1367] pre(grounded=False, jumping=False, normal=(0.000,1.000,0.000), vel=(0.000,-0.082,0.000)) probe(trace_dist=0.0508, hit=False, normal_y=None, fraction=None) post(grounded=True, vel=(0.000,0.000,0.000), horiz_speed=0.000, pos=(-23.575,0.020,0.111))
[movedbg #1368] pre(grounded=False, jumping=False, normal=(0.000,1.000,0.000), vel=(0.000,0.000,0.000)) probe(trace_dist=0.0508, hit=False, normal_y=None, fraction=None) post(grounded=False, vel=(0.000,-0.082,0.000), horiz_speed=0.000, pos=(-23.575,0.019,0.111))
[movedbg #1369] pre(grounded=False, jumping=False, normal=(0.000,1.000,0.000), vel=(0.000,-0.082,0.000)) probe(trace_dist=0.0508, hit=False, normal_y=None, fraction=None) post(grounded=True, vel=(0.000,0.000,0.000), horiz_speed=0.000, pos=(-23.575,0.020,0.111))
[movedbg #1370] pre(grounded=False, jumping=False, normal=(0.000,1.000,0.000), vel=(0.000,0.000,0.000)) probe(trace_dist=0.0508, hit=False, normal_y=None, fraction=None) post(grounded=False, vel=(0.000,-0.082,0.000), horiz_speed=0.000, pos=(-23.575,0.020,0.111))
[movedbg #1371] pre(grounded=False, jumping=False, normal=(0.000,1.000,0.000), vel=(0.000,-0.082,0.000)) probe(trace_dist=0.0508, hit=False, normal_y=None, fraction=None) post(grounded=True, vel=(0.000,0.000,0.000), horiz_speed=0.000, pos=(-23.576,0.019,0.111))
[movedbg #1372] pre(grounded=False, jumping=False, normal=(0.000,1.000,0.000), vel=(0.000,0.000,0.000)) probe(trace_dist=0.0508, hit=False, normal_y=None, fraction=None) post(grounded=False, vel=(0.000,-0.082,0.000), horiz_speed=0.000, pos=(-23.576,0.019,0.111))
[movedbg #1373] pre(grounded=False, jumping=False, normal=(0.000,1.000,0.000), vel=(0.000,-0.082,0.000)) probe(trace_dist=0.0508, hit=False, normal_y=None, fraction=None) post(grounded=True, vel=(0.000,0.000,0.000), horiz_speed=0.000, pos=(-23.576,0.019,0.111))
[movedbg #1374] pre(grounded=False, jumping=False, normal=(0.000,1.000,0.000), vel=(0.000,0.000,0.000)) probe(trace_dist=0.0508, hit=False, normal_y=None, fraction=None) post(grounded=False, vel=(0.000,-0.082,0.000), horiz_speed=0.000, pos=(-23.576,0.019,0.111))
[movedbg #1375] pre(grounded=False, jumping=False, normal=(0.000,1.000,0.000), vel=(0.000,-0.082,0.000)) probe(trace_dist=0.0508, hit=False, normal_y=None, fraction=None) post(grounded=True, vel=(0.000,0.000,0.000), horiz_speed=0.000, pos=(-23.576,0.020,0.111))
[movedbg #1376] pre(grounded=False, jumping=False, normal=(0.000,1.000,0.000), vel=(0.000,0.000,0.000)) probe(trace_dist=0.0508, hit=False, normal_y=None, fraction=None) post(grounded=False, vel=(0.000,-0.082,0.000), horiz_speed=0.000, pos=(-23.576,0.019,0.111))
[movedbg #1377] pre(grounded=False, jumping=False, normal=(0.000,1.000,0.000), vel=(0.000,-0.082,0.000)) probe(trace_dist=0.0508, hit=False, normal_y=None, fraction=None) post(grounded=True, vel=(0.000,0.000,0.000), horiz_speed=0.000, pos=(-23.577,0.019,0.111))
[movedbg #1378] pre(grounded=False, jumping=False, normal=(0.000,1.000,0.000), vel=(0.000,0.000,0.000)) probe(trace_dist=0.0508, hit=False, normal_y=None, fraction=None) post(grounded=False, vel=(0.000,-0.082,0.000), horiz_speed=0.000, pos=(-23.577,0.018,0.111))
[movedbg #1379] pre(grounded=False, jumping=False, normal=(0.000,1.000,0.000), vel=(0.000,-0.082,0.000)) probe(trace_dist=0.0508, hit=False, normal_y=None, fraction=None) post(grounded=True, vel=(0.000,0.000,0.000), horiz_speed=0.000, pos=(-23.577,0.019,0.111))
[movedbg #1380] pre(grounded=False, jumping=False, normal=(0.000,1.000,0.000), vel=(0.000,0.000,0.000)) probe(trace_dist=0.0508, hit=False, normal_y=None, fraction=None) post(grounded=False, vel=(0.000,-0.082,0.000), horiz_speed=0.000, pos=(-23.577,0.018,0.111))
[movedbg #1381] pre(grounded=False, jumping=False, normal=(0.000,1.000,0.000), vel=(0.000,-0.082,0.000)) probe(trace_dist=0.0508, hit=False, normal_y=None, fraction=None) post(grounded=True, vel=(0.000,0.000,0.000), horiz_speed=0.000, pos=(-23.578,0.019,0.111))
[movedbg #1382] pre(grounded=False, jumping=False, normal=(0.000,1.000,0.000), vel=(0.000,0.000,0.000)) probe(trace_dist=0.0508, hit=False, normal_y=None, fraction=None) post(grounded=False, vel=(0.000,-0.082,0.000), horiz_speed=0.000, pos=(-23.578,0.019,0.111))
[movedbg #1383] pre(grounded=False, jumping=False, normal=(0.000,1.000,0.000), vel=(0.000,-0.082,0.000)) probe(trace_dist=0.0508, hit=False, normal_y=None, fraction=None) post(grounded=True, vel=(0.000,0.000,0.000), horiz_speed=0.000, pos=(-23.578,0.018,0.111))
[movedbg #1384] pre(grounded=False, jumping=False, normal=(0.000,1.000,0.000), vel=(0.000,0.000,0.000)) probe(trace_dist=0.0508, hit=False, normal_y=None, fraction=None) post(grounded=False, vel=(0.000,-0.082,0.000), horiz_speed=0.000, pos=(-23.578,0.018,0.111))
[movedbg #1385] pre(grounded=False, jumping=False, normal=(0.000,1.000,0.000), vel=(0.000,-0.082,0.000)) probe(trace_dist=0.0508, hit=False, normal_y=None, fraction=None) post(grounded=True, vel=(0.000,0.000,0.000), horiz_speed=0.000, pos=(-23.578,0.019,0.111))
[movedbg #1386] pre(grounded=False, jumping=False, normal=(0.000,1.000,0.000), vel=(0.000,0.000,0.000)) probe(trace_dist=0.0508, hit=False, normal_y=None, fraction=None) post(grounded=False, vel=(0.000,-0.082,0.000), horiz_speed=0.000, pos=(-23.578,0.018,0.111))
[movedbg #1387] pre(grounded=False, jumping=False, normal=(0.000,1.000,0.000), vel=(0.000,-0.082,0.000)) probe(trace_dist=0.0508, hit=False, normal_y=None, fraction=None) post(grounded=True, vel=(0.000,0.000,0.000), horiz_speed=0.000, pos=(-23.579,0.019,0.111))
[movedbg #1388] pre(grounded=False, jumping=False, normal=(0.000,1.000,0.000), vel=(0.000,0.000,0.000)) probe(trace_dist=0.0508, hit=False, normal_y=None, fraction=None) post(grounded=False, vel=(0.000,-0.082,0.000), horiz_speed=0.000, pos=(-23.579,0.018,0.111))
[movedbg #1389] pre(grounded=False, jumping=False, normal=(0.000,1.000,0.000), vel=(0.000,-0.082,0.000)) probe(trace_dist=0.0508, hit=False, normal_y=None, fraction=None) post(grounded=True, vel=(0.000,0.000,0.000), horiz_speed=0.000, pos=(-23.579,0.018,0.111))
[movedbg #1390] pre(grounded=False, jumping=False, normal=(0.000,1.000,0.000), vel=(0.000,0.000,0.000)) probe(trace_dist=0.0508, hit=False, normal_y=None, fraction=None) post(grounded=False, vel=(0.000,-0.082,0.000), horiz_speed=0.000, pos=(-23.579,0.017,0.111))
[movedbg #1391] pre(grounded=False, jumping=False, normal=(0.000,1.000,0.000), vel=(0.000,-0.082,0.000)) probe(trace_dist=0.0508, hit=False, normal_y=None, fraction=None) post(grounded=True, vel=(0.000,0.000,0.000), horiz_speed=0.000, pos=(-23.579,0.018,0.111))
[movedbg #1392] pre(grounded=False, jumping=False, normal=(0.000,1.000,0.000), vel=(0.000,0.000,0.000)) probe(trace_dist=0.0508, hit=False, normal_y=None, fraction=None) post(grounded=False, vel=(0.000,-0.082,0.000), horiz_speed=0.000, pos=(-23.579,0.017,0.111))
[movedbg #1393] pre(grounded=False, jumping=False, normal=(0.000,1.000,0.000), vel=(0.000,-0.082,0.000)) probe(trace_dist=0.0508, hit=False, normal_y=None, fraction=None) post(grounded=True, vel=(0.000,0.000,0.000), horiz_speed=0.000, pos=(-23.580,0.018,0.111))
[movedbg #1394] pre(grounded=False, jumping=False, normal=(0.000,1.000,0.000), vel=(0.000,0.000,0.000)) probe(trace_dist=0.0508, hit=False, normal_y=None, fraction=None) post(grounded=False, vel=(0.000,-0.082,0.000), horiz_speed=0.000, pos=(-23.580,0.018,0.111))
[movedbg #1395] pre(grounded=False, jumping=False, normal=(0.000,1.000,0.000), vel=(0.000,-0.082,0.000)) probe(trace_dist=0.0508, hit=False, normal_y=None, fraction=None) post(grounded=True, vel=(0.000,0.000,0.000), horiz_speed=0.000, pos=(-23.580,0.017,0.111))
[movedbg #1396] pre(grounded=False, jumping=False, normal=(0.000,1.000,0.000), vel=(0.000,0.000,0.000)) probe(trace_dist=0.0508, hit=False, normal_y=None, fraction=None) post(grounded=False, vel=(0.000,-0.082,0.000), horiz_speed=0.000, pos=(-23.580,0.017,0.111))
[movedbg #1397] pre(grounded=False, jumping=False, normal=(0.000,1.000,0.000), vel=(0.000,-0.082,0.000)) probe(trace_dist=0.0508, hit=False, normal_y=None, fraction=None) post(grounded=True, vel=(0.000,0.000,0.000), horiz_speed=0.000, pos=(-23.581,0.018,0.111))
[movedbg #1398] pre(grounded=False, jumping=False, normal=(0.000,1.000,0.000), vel=(0.000,0.000,0.000)) probe(trace_dist=0.0508, hit=False, normal_y=None, fraction=None) post(grounded=False, vel=(0.000,-0.082,0.000), horiz_speed=0.000, pos=(-23.581,0.017,0.111))
[movedbg #1399] pre(grounded=False, jumping=False, normal=(0.000,1.000,0.000), vel=(0.000,-0.082,0.000)) probe(trace_dist=0.0508, hit=False, normal_y=None, fraction=None) post(grounded=True, vel=(0.000,0.000,0.000), horiz_speed=0.000, pos=(-23.581,0.018,0.111))
[movedbg #1400] pre(grounded=False, jumping=False, normal=(0.000,1.000,0.000), vel=(0.000,0.000,0.000)) probe(trace_dist=0.0508, hit=False, normal_y=None, fraction=None) post(grounded=False, vel=(0.000,-0.082,0.000), horiz_speed=0.000, pos=(-23.581,0.017,0.111))
[movedbg #1401] pre(grounded=False, jumping=False, normal=(0.000,1.000,0.000), vel=(0.000,-0.082,0.000)) probe(trace_dist=0.0508, hit=False, normal_y=None, fraction=None) post(grounded=True, vel=(0.000,0.000,0.000), horiz_speed=0.000, pos=(-23.581,0.017,0.111))
[movedbg #1402] pre(grounded=False, jumping=False, normal=(0.000,1.000,0.000), vel=(0.000,0.000,0.000)) probe(trace_dist=0.0508, hit=False, normal_y=None, fraction=None) post(grounded=False, vel=(0.000,-0.082,0.000), horiz_speed=0.000, pos=(-23.581,0.016,0.111))
[movedbg #1403] pre(grounded=False, jumping=False, normal=(0.000,1.000,0.000), vel=(0.000,-0.082,0.000)) probe(trace_dist=0.0508, hit=False, normal_y=None, fraction=None) post(grounded=True, vel=(0.000,0.000,0.000), horiz_speed=0.000, pos=(-23.582,0.017,0.111))
[movedbg #1404] pre(grounded=False, jumping=False, normal=(0.000,1.000,0.000), vel=(0.000,0.000,0.000)) probe(trace_dist=0.0508, hit=False, normal_y=None, fraction=None) post(grounded=False, vel=(0.000,-0.082,0.000), horiz_speed=0.000, pos=(-23.582,0.017,0.111))
[movedbg #1405] pre(grounded=False, jumping=False, normal=(0.000,1.000,0.000), vel=(0.000,-0.082,0.000)) probe(trace_dist=0.0508, hit=False, normal_y=None, fraction=None) post(grounded=True, vel=(0.000,0.000,0.000), horiz_speed=0.000, pos=(-23.582,0.018,0.111))
[movedbg #1406] pre(grounded=False, jumping=False, normal=(0.000,1.000,0.000), vel=(0.000,0.000,0.000)) probe(trace_dist=0.0508, hit=False, normal_y=None, fraction=None) post(grounded=False, vel=(0.000,-0.082,0.000), horiz_speed=0.000, pos=(-23.582,0.017,0.111))
[movedbg #1407] pre(grounded=False, jumping=False, normal=(0.000,1.000,0.000), vel=(0.000,-0.082,0.000)) probe(trace_dist=0.0508, hit=False, normal_y=None, fraction=None) post(grounded=True, vel=(0.000,0.000,0.000), horiz_speed=0.000, pos=(-23.582,0.017,0.111))
[movedbg #1408] pre(grounded=False, jumping=False, normal=(0.000,1.000,0.000), vel=(0.000,0.000,0.000)) probe(trace_dist=0.0508, hit=False, normal_y=None, fraction=None) post(grounded=False, vel=(0.000,-0.082,0.000), horiz_speed=0.000, pos=(-23.582,0.016,0.111))
[movedbg #1409] pre(grounded=False, jumping=False, normal=(0.000,1.000,0.000), vel=(0.000,-0.082,0.000)) probe(trace_dist=0.0508, hit=False, normal_y=None, fraction=None) post(grounded=True, vel=(0.000,0.000,0.000), horiz_speed=0.000, pos=(-23.583,0.017,0.111))
[movedbg #1410] pre(grounded=False, jumping=False, normal=(0.000,1.000,0.000), vel=(0.000,0.000,0.000)) probe(trace_dist=0.0508, hit=False, normal_y=None, fraction=None) post(grounded=False, vel=(0.000,-0.082,0.000), horiz_speed=0.000, pos=(-23.583,0.016,0.111))
[movedbg #1411] pre(grounded=False, jumping=False, normal=(0.000,1.000,0.000), vel=(0.000,-0.082,0.000)) probe(trace_dist=0.0508, hit=False, normal_y=None, fraction=None) post(grounded=True, vel=(0.000,0.000,0.000), horiz_speed=0.000, pos=(-23.583,0.017,0.111))
[movedbg #1412] pre(grounded=False, jumping=False, normal=(0.000,1.000,0.000), vel=(0.000,0.000,0.000)) probe(trace_dist=0.0508, hit=False, normal_y=None, fraction=None) post(grounded=False, vel=(0.000,-0.082,0.000), horiz_speed=0.000, pos=(-23.583,0.016,0.111))
[movedbg #1413] pre(grounded=False, jumping=False, normal=(0.000,1.000,0.000), vel=(0.000,-0.082,0.000)) probe(trace_dist=0.0508, hit=False, normal_y=None, fraction=None) post(grounded=True, vel=(0.000,0.000,0.000), horiz_speed=0.000, pos=(-23.583,0.016,0.111))
[movedbg #1414] pre(grounded=False, jumping=False, normal=(0.000,1.000,0.000), vel=(0.000,0.000,0.000)) probe(trace_dist=0.0508, hit=False, normal_y=None, fraction=None) post(grounded=False, vel=(0.000,-0.082,0.000), horiz_speed=0.000, pos=(-23.583,0.015,0.111))
[movedbg #1415] pre(grounded=False, jumping=False, normal=(0.000,1.000,0.000), vel=(0.000,-0.082,0.000)) probe(trace_dist=0.0508, hit=False, normal_y=None, fraction=None) post(grounded=True, vel=(0.000,0.000,0.000), horiz_speed=0.000, pos=(-23.584,0.016,0.111))
[movedbg #1416] pre(grounded=False, jumping=False, normal=(0.000,1.000,0.000), vel=(0.000,0.000,0.000)) probe(trace_dist=0.0508, hit=False, normal_y=None, fraction=None) post(grounded=False, vel=(0.000,-0.082,0.000), horiz_speed=0.000, pos=(-23.584,0.016,0.111))
[movedbg #1417] pre(grounded=False, jumping=False, normal=(0.000,1.000,0.000), vel=(0.000,-0.082,0.000)) probe(trace_dist=0.0508, hit=False, normal_y=None, fraction=None) post(grounded=True, vel=(0.000,0.000,0.000), horiz_speed=0.000, pos=(-23.584,0.017,0.111))
[movedbg #1418] pre(grounded=False, jumping=False, normal=(0.000,1.000,0.000), vel=(0.000,0.000,0.000)) probe(trace_dist=0.0508, hit=False, normal_y=None, fraction=None) post(grounded=False, vel=(0.000,-0.082,0.000), horiz_speed=0.000, pos=(-23.584,0.016,0.111))
[movedbg #1419] pre(grounded=False, jumping=False, normal=(0.000,1.000,0.000), vel=(0.000,-0.082,0.000)) probe(trace_dist=0.0508, hit=False, normal_y=None, fraction=None) post(grounded=True, vel=(0.000,0.000,0.000), horiz_speed=0.000, pos=(-23.585,0.016,0.111))
[movedbg #1420] pre(grounded=False, jumping=False, normal=(0.000,1.000,0.000), vel=(0.000,0.000,0.000)) probe(trace_dist=0.0508, hit=False, normal_y=None, fraction=None) post(grounded=False, vel=(0.000,-0.082,0.000), horiz_speed=0.000, pos=(-23.585,0.015,0.111))
[movedbg #1421] pre(grounded=False, jumping=False, normal=(0.000,1.000,0.000), vel=(0.000,-0.082,0.000)) probe(trace_dist=0.0508, hit=False, normal_y=None, fraction=None) post(grounded=True, vel=(0.000,0.000,0.000), horiz_speed=0.000, pos=(-23.585,0.016,0.111))
[movedbg #1422] pre(grounded=False, jumping=False, normal=(0.000,1.000,0.000), vel=(0.000,0.000,0.000)) probe(trace_dist=0.0508, hit=False, normal_y=None, fraction=None) post(grounded=False, vel=(0.000,-0.082,0.000), horiz_speed=0.000, pos=(-23.585,0.015,0.111))
[movedbg #1423] pre(grounded=False, jumping=False, normal=(0.000,1.000,0.000), vel=(0.000,-0.082,0.000)) probe(trace_dist=0.0508, hit=False, normal_y=None, fraction=None) post(grounded=True, vel=(0.000,0.000,0.000), horiz_speed=0.000, pos=(-23.585,0.016,0.111))
[movedbg #1424] pre(grounded=False, jumping=False, normal=(0.000,1.000,0.000), vel=(0.000,0.000,0.000)) probe(trace_dist=0.0508, hit=False, normal_y=None, fraction=None) post(grounded=False, vel=(0.000,-0.082,0.000), horiz_speed=0.000, pos=(-23.585,0.016,0.111))
[movedbg #1425] pre(grounded=False, jumping=False, normal=(0.000,1.000,0.000), vel=(0.000,-0.082,0.000)) probe(trace_dist=0.0508, hit=False, normal_y=None, fraction=None) post(grounded=True, vel=(0.000,0.000,0.000), horiz_speed=0.000, pos=(-23.586,0.015,0.111))
[movedbg #1426] pre(grounded=False, jumping=False, normal=(0.000,1.000,0.000), vel=(0.000,0.000,0.000)) probe(trace_dist=0.0508, hit=False, normal_y=None, fraction=None) post(grounded=True, vel=(0.000,0.000,0.000), horiz_speed=0.000, pos=(-23.586,0.016,0.111))
[movedbg #1427] pre(grounded=False, jumping=False, normal=(0.000,1.000,0.000), vel=(0.000,0.000,0.000)) probe(trace_dist=0.0508, hit=False, normal_y=None, fraction=None) post(grounded=False, vel=(0.000,-0.082,0.000), horiz_speed=0.000, pos=(-23.586,0.016,0.111))
[movedbg #1428] pre(grounded=False, jumping=False, normal=(0.000,1.000,0.000), vel=(0.000,-0.082,0.000)) probe(trace_dist=0.0508, hit=False, normal_y=None, fraction=None) post(grounded=False, vel=(0.000,-0.164,0.000), horiz_speed=0.000, pos=(-23.586,0.014,0.111))
[movedbg #1429] pre(grounded=False, jumping=False, normal=(0.000,1.000,0.000), vel=(0.000,-0.164,0.000)) probe(trace_dist=0.0508, hit=False, normal_y=None, fraction=None) post(grounded=True, vel=(0.000,0.000,0.000), horiz_speed=0.000, pos=(-23.586,0.015,0.111))
[movedbg #1430] pre(grounded=False, jumping=False, normal=(0.000,1.000,0.000), vel=(0.000,0.000,0.000)) probe(trace_dist=0.0508, hit=False, normal_y=None, fraction=None) post(grounded=False, vel=(0.000,-0.082,0.000), horiz_speed=0.000, pos=(-23.586,0.014,0.111))
[movedbg #1431] pre(grounded=False, jumping=False, normal=(0.000,1.000,0.000), vel=(0.000,-0.082,0.000)) probe(trace_dist=0.0508, hit=False, normal_y=None, fraction=None) post(grounded=True, vel=(0.000,0.000,0.000), horiz_speed=0.000, pos=(-23.587,0.015,0.111))
[movedbg #1432] pre(grounded=False, jumping=False, normal=(0.000,1.000,0.000), vel=(0.000,0.000,0.000)) probe(trace_dist=0.0508, hit=False, normal_y=None, fraction=None) post(grounded=False, vel=(0.000,-0.082,0.000), horiz_speed=0.000, pos=(-23.587,0.015,0.111))
[movedbg #1433] pre(grounded=False, jumping=False, normal=(0.000,1.000,0.000), vel=(0.000,-0.082,0.000)) probe(trace_dist=0.0508, hit=False, normal_y=None, fraction=None) post(grounded=True, vel=(0.000,0.000,0.000), horiz_speed=0.000, pos=(-23.587,0.016,0.111))
[movedbg #1434] pre(grounded=False, jumping=False, normal=(0.000,1.000,0.000), vel=(0.000,0.000,0.000)) probe(trace_dist=0.0508, hit=False, normal_y=None, fraction=None) post(grounded=False, vel=(0.000,-0.082,0.000), horiz_speed=0.000, pos=(-23.587,0.015,0.111))
[movedbg #1435] pre(grounded=False, jumping=False, normal=(0.000,1.000,0.000), vel=(0.000,-0.082,0.000)) probe(trace_dist=0.0508, hit=False, normal_y=None, fraction=None) post(grounded=True, vel=(0.000,0.000,0.000), horiz_speed=0.000, pos=(-23.588,0.015,0.111))
[movedbg #1436] pre(grounded=False, jumping=False, normal=(0.000,1.000,0.000), vel=(0.000,0.000,0.000)) probe(trace_dist=0.0508, hit=False, normal_y=None, fraction=None) post(grounded=False, vel=(0.000,-0.082,0.000), horiz_speed=0.000, pos=(-23.588,0.014,0.111))
[movedbg #1437] pre(grounded=False, jumping=False, normal=(0.000,1.000,0.000), vel=(0.000,-0.082,0.000)) probe(trace_dist=0.0508, hit=False, normal_y=None, fraction=None) post(grounded=True, vel=(0.000,0.000,0.000), horiz_speed=0.000, pos=(-23.588,0.015,0.111))
[movedbg #1438] pre(grounded=False, jumping=False, normal=(0.000,1.000,0.000), vel=(0.000,0.000,0.000)) probe(trace_dist=0.0508, hit=False, normal_y=None, fraction=None) post(grounded=False, vel=(0.000,-0.082,0.000), horiz_speed=0.000, pos=(-23.588,0.014,0.111))
[movedbg #1439] pre(grounded=False, jumping=False, normal=(0.000,1.000,0.000), vel=(0.000,-0.082,0.000)) probe(trace_dist=0.0508, hit=False, normal_y=None, fraction=None) post(grounded=True, vel=(0.000,0.000,0.000), horiz_speed=0.000, pos=(-23.588,0.015,0.111))
[movedbg #1440] pre(grounded=False, jumping=False, normal=(0.000,1.000,0.000), vel=(0.000,0.000,0.000)) probe(trace_dist=0.0508, hit=False, normal_y=None, fraction=None) post(grounded=False, vel=(0.000,-0.082,0.000), horiz_speed=0.000, pos=(-23.588,0.014,0.111))
[movedbg #1441] pre(grounded=False, jumping=False, normal=(0.000,1.000,0.000), vel=(0.000,-0.082,0.000)) probe(trace_dist=0.0508, hit=False, normal_y=None, fraction=None) post(grounded=True, vel=(0.000,0.000,0.000), horiz_speed=0.000, pos=(-23.589,0.014,0.111))
[movedbg #1442] pre(grounded=False, jumping=False, normal=(0.000,1.000,0.000), vel=(0.000,0.000,0.000)) probe(trace_dist=0.0508, hit=False, normal_y=None, fraction=None) post(grounded=False, vel=(0.000,-0.082,0.000), horiz_speed=0.000, pos=(-23.589,0.013,0.111))
[movedbg #1443] pre(grounded=False, jumping=False, normal=(0.000,1.000,0.000), vel=(0.000,-0.082,0.000)) probe(trace_dist=0.0508, hit=False, normal_y=None, fraction=None) post(grounded=True, vel=(0.000,0.000,0.000), horiz_speed=0.000, pos=(-23.589,0.014,0.111))
[movedbg #1444] pre(grounded=False, jumping=False, normal=(0.000,1.000,0.000), vel=(0.000,0.000,0.000)) probe(trace_dist=0.0508, hit=False, normal_y=None, fraction=None) post(grounded=False, vel=(0.000,-0.082,0.000), horiz_speed=0.000, pos=(-23.589,0.014,0.111))
[movedbg #1445] pre(grounded=False, jumping=False, normal=(0.000,1.000,0.000), vel=(0.000,-0.082,0.000)) probe(trace_dist=0.0508, hit=False, normal_y=None, fraction=None) post(grounded=True, vel=(0.000,0.000,0.000), horiz_speed=0.000, pos=(-23.589,0.015,0.111))
[movedbg #1446] pre(grounded=False, jumping=False, normal=(0.000,1.000,0.000), vel=(0.000,0.000,0.000)) probe(trace_dist=0.0508, hit=False, normal_y=None, fraction=None) post(grounded=False, vel=(0.000,-0.082,0.000), horiz_speed=0.000, pos=(-23.589,0.014,0.111))
[movedbg #1447] pre(grounded=False, jumping=False, normal=(0.000,1.000,0.000), vel=(0.000,-0.082,0.000)) probe(trace_dist=0.0508, hit=False, normal_y=None, fraction=None) post(grounded=True, vel=(0.000,0.000,0.000), horiz_speed=0.000, pos=(-23.590,0.014,0.111))
[movedbg #1448] pre(grounded=False, jumping=False, normal=(0.000,1.000,0.000), vel=(0.000,0.000,0.000)) probe(trace_dist=0.0508, hit=False, normal_y=None, fraction=None) post(grounded=False, vel=(0.000,-0.082,0.000), horiz_speed=0.000, pos=(-23.590,0.013,0.111))
[movedbg #1449] pre(grounded=False, jumping=False, normal=(0.000,1.000,0.000), vel=(0.000,-0.082,0.000)) probe(trace_dist=0.0508, hit=False, normal_y=None, fraction=None) post(grounded=True, vel=(0.000,0.000,0.000), horiz_speed=0.000, pos=(-23.590,0.014,0.111))
[movedbg #1450] pre(grounded=False, jumping=False, normal=(0.000,1.000,0.000), vel=(0.000,0.000,0.000)) probe(trace_dist=0.0508, hit=False, normal_y=None, fraction=None) post(grounded=False, vel=(0.000,-0.082,0.000), horiz_speed=0.000, pos=(-23.590,0.013,0.111))
[movedbg #1451] pre(grounded=False, jumping=False, normal=(0.000,1.000,0.000), vel=(0.000,-0.082,0.000)) probe(trace_dist=0.0508, hit=False, normal_y=None, fraction=None) post(grounded=True, vel=(0.000,0.000,0.000), horiz_speed=0.000, pos=(-23.591,0.014,0.111))
[movedbg #1452] pre(grounded=False, jumping=False, normal=(0.000,1.000,0.000), vel=(0.000,0.000,0.000)) probe(trace_dist=0.0508, hit=False, normal_y=None, fraction=None) post(grounded=False, vel=(0.000,-0.082,0.000), horiz_speed=0.000, pos=(-23.591,0.013,0.111))
[movedbg #1453] pre(grounded=False, jumping=False, normal=(0.000,1.000,0.000), vel=(0.000,-0.082,0.000)) probe(trace_dist=0.0508, hit=False, normal_y=None, fraction=None) post(grounded=True, vel=(0.000,0.000,0.000), horiz_speed=0.000, pos=(-23.591,0.013,0.111))
[movedbg #1454] pre(grounded=False, jumping=False, normal=(0.000,1.000,0.000), vel=(0.000,0.000,0.000)) probe(trace_dist=0.0508, hit=False, normal_y=None, fraction=None) post(grounded=False, vel=(0.000,-0.082,0.000), horiz_speed=0.000, pos=(-23.591,0.013,0.111))
[movedbg #1455] pre(grounded=False, jumping=False, normal=(0.000,1.000,0.000), vel=(0.000,-0.082,0.000)) probe(trace_dist=0.0508, hit=False, normal_y=None, fraction=None) post(grounded=True, vel=(0.000,0.000,0.000), horiz_speed=0.000, pos=(-23.591,0.013,0.111))
[movedbg #1456] pre(grounded=False, jumping=False, normal=(0.000,1.000,0.000), vel=(0.000,0.000,0.000)) probe(trace_dist=0.0508, hit=False, normal_y=None, fraction=None) post(grounded=False, vel=(0.000,-0.082,0.000), horiz_speed=0.000, pos=(-23.591,0.013,0.111))
[movedbg #1457] pre(grounded=False, jumping=False, normal=(0.000,1.000,0.000), vel=(0.000,-0.082,0.000)) probe(trace_dist=0.0508, hit=False, normal_y=None, fraction=None) post(grounded=True, vel=(0.000,0.000,0.000), horiz_speed=0.000, pos=(-23.592,0.014,0.111))
[movedbg #1458] pre(grounded=False, jumping=False, normal=(0.000,1.000,0.000), vel=(0.000,0.000,0.000)) probe(trace_dist=0.0508, hit=False, normal_y=None, fraction=None) post(grounded=False, vel=(0.000,-0.082,0.000), horiz_speed=0.000, pos=(-23.592,0.013,0.111))
[movedbg #1459] pre(grounded=False, jumping=False, normal=(0.000,1.000,0.000), vel=(0.000,-0.082,0.000)) probe(trace_dist=0.0508, hit=False, normal_y=None, fraction=None) post(grounded=True, vel=(0.000,0.000,0.000), horiz_speed=0.000, pos=(-23.592,0.013,0.111))
[movedbg #1460] pre(grounded=False, jumping=False, normal=(0.000,1.000,0.000), vel=(0.000,0.000,0.000)) probe(trace_dist=0.0508, hit=False, normal_y=None, fraction=None) post(grounded=False, vel=(0.000,-0.082,0.000), horiz_speed=0.000, pos=(-23.592,0.012,0.111))
[movedbg #1461] pre(grounded=False, jumping=False, normal=(0.000,1.000,0.000), vel=(0.000,-0.082,0.000)) probe(trace_dist=0.0508, hit=False, normal_y=None, fraction=None) post(grounded=True, vel=(0.000,0.000,0.000), horiz_speed=0.000, pos=(-23.592,0.013,0.111))
[movedbg #1462] pre(grounded=False, jumping=False, normal=(0.000,1.000,0.000), vel=(0.000,0.000,0.000)) probe(trace_dist=0.0508, hit=False, normal_y=None, fraction=None) post(grounded=False, vel=(0.000,-0.082,0.000), horiz_speed=0.000, pos=(-23.592,0.012,0.111))
[movedbg #1463] pre(grounded=False, jumping=False, normal=(0.000,1.000,0.000), vel=(0.000,-0.082,0.000)) probe(trace_dist=0.0508, hit=False, normal_y=None, fraction=None) post(grounded=True, vel=(0.000,0.000,0.000), horiz_speed=0.000, pos=(-23.593,0.013,0.111))
[movedbg #1464] pre(grounded=False, jumping=False, normal=(0.000,1.000,0.000), vel=(0.000,0.000,0.000)) probe(trace_dist=0.0508, hit=False, normal_y=None, fraction=None) post(grounded=False, vel=(0.000,-0.082,0.000), horiz_speed=0.000, pos=(-23.593,0.013,0.111))
[movedbg #1465] pre(grounded=False, jumping=False, normal=(0.000,1.000,0.000), vel=(0.000,-0.082,0.000)) probe(trace_dist=0.0508, hit=False, normal_y=None, fraction=None) post(grounded=True, vel=(0.000,0.000,0.000), horiz_speed=0.000, pos=(-23.593,0.012,0.111))
[movedbg #1466] pre(grounded=False, jumping=False, normal=(0.000,1.000,0.000), vel=(0.000,0.000,0.000)) probe(trace_dist=0.0508, hit=False, normal_y=None, fraction=None) post(grounded=False, vel=(0.000,-0.082,0.000), horiz_speed=0.000, pos=(-23.593,0.012,0.111))
[movedbg #1467] pre(grounded=False, jumping=False, normal=(0.000,1.000,0.000), vel=(0.000,-0.082,0.000)) probe(trace_dist=0.0508, hit=False, normal_y=None, fraction=None) post(grounded=True, vel=(0.000,0.000,0.000), horiz_speed=0.000, pos=(-23.593,0.013,0.111))
[movedbg #1468] pre(grounded=False, jumping=False, normal=(0.000,1.000,0.000), vel=(0.000,0.000,0.000)) probe(trace_dist=0.0508, hit=False, normal_y=None, fraction=None) post(grounded=False, vel=(0.000,-0.082,0.000), horiz_speed=0.000, pos=(-23.593,0.012,0.111))
[movedbg #1469] pre(grounded=False, jumping=False, normal=(0.000,1.000,0.000), vel=(0.000,-0.082,0.000)) probe(trace_dist=0.0508, hit=False, normal_y=None, fraction=None) post(grounded=True, vel=(0.000,0.000,0.000), horiz_speed=0.000, pos=(-23.594,0.013,0.111))
[movedbg #1470] pre(grounded=False, jumping=False, normal=(0.000,1.000,0.000), vel=(0.000,0.000,0.000)) probe(trace_dist=0.0508, hit=False, normal_y=None, fraction=None) post(grounded=False, vel=(0.000,-0.082,0.000), horiz_speed=0.000, pos=(-23.594,0.012,0.111))
[movedbg #1471] pre(grounded=False, jumping=False, normal=(0.000,1.000,0.000), vel=(0.000,-0.082,0.000)) probe(trace_dist=0.0508, hit=False, normal_y=None, fraction=None) post(grounded=True, vel=(0.000,0.000,0.000), horiz_speed=0.000, pos=(-23.594,0.012,0.111))
[movedbg #1472] pre(grounded=False, jumping=False, normal=(0.000,1.000,0.000), vel=(0.000,0.000,0.000)) probe(trace_dist=0.0508, hit=False, normal_y=None, fraction=None) post(grounded=False, vel=(0.000,-0.082,0.000), horiz_speed=0.000, pos=(-23.594,0.011,0.111))
[movedbg #1473] pre(grounded=False, jumping=False, normal=(0.000,1.000,0.000), vel=(0.000,-0.082,0.000)) probe(trace_dist=0.0508, hit=False, normal_y=None, fraction=None) post(grounded=True, vel=(0.000,0.000,0.000), horiz_speed=0.000, pos=(-23.595,0.012,0.111))
[movedbg #1474] pre(grounded=False, jumping=False, normal=(0.000,1.000,0.000), vel=(0.000,0.000,0.000)) probe(trace_dist=0.0508, hit=False, normal_y=None, fraction=None) post(grounded=False, vel=(0.000,-0.082,0.000), horiz_speed=0.000, pos=(-23.595,0.011,0.111))
[movedbg #1475] pre(grounded=False, jumping=False, normal=(0.000,1.000,0.000), vel=(0.000,-0.082,0.000)) probe(trace_dist=0.0508, hit=False, normal_y=None, fraction=None) post(grounded=True, vel=(0.000,0.000,0.000), horiz_speed=0.000, pos=(-23.595,0.012,0.111))
[movedbg #1476] pre(grounded=False, jumping=False, normal=(0.000,1.000,0.000), vel=(0.000,0.000,0.000)) probe(trace_dist=0.0508, hit=False, normal_y=None, fraction=None) post(grounded=False, vel=(0.000,-0.082,0.000), horiz_speed=0.000, pos=(-23.595,0.012,0.111))
[movedbg #1477] pre(grounded=False, jumping=False, normal=(0.000,1.000,0.000), vel=(0.000,-0.082,0.000)) probe(trace_dist=0.0508, hit=False, normal_y=None, fraction=None) post(grounded=True, vel=(0.000,0.000,0.000), horiz_speed=0.000, pos=(-23.595,0.011,0.111))
[movedbg #1478] pre(grounded=False, jumping=False, normal=(0.000,1.000,0.000), vel=(0.000,0.000,0.000)) probe(trace_dist=0.0508, hit=False, normal_y=None, fraction=None) post(grounded=False, vel=(0.000,-0.082,0.000), horiz_speed=0.000, pos=(-23.595,0.011,0.111))
[movedbg #1479] pre(grounded=False, jumping=False, normal=(0.000,1.000,0.000), vel=(0.000,-0.082,0.000)) probe(trace_dist=0.0508, hit=False, normal_y=None, fraction=None) post(grounded=True, vel=(0.000,0.000,0.000), horiz_speed=0.000, pos=(-23.596,0.012,0.111))
[movedbg #1480] pre(grounded=False, jumping=False, normal=(0.000,1.000,0.000), vel=(0.000,0.000,0.000)) probe(trace_dist=0.0508, hit=False, normal_y=None, fraction=None) post(grounded=False, vel=(0.000,-0.082,0.000), horiz_speed=0.000, pos=(-23.596,0.011,0.111))
[movedbg #1481] pre(grounded=False, jumping=False, normal=(0.000,1.000,0.000), vel=(0.000,-0.082,0.000)) probe(trace_dist=0.0508, hit=False, normal_y=None, fraction=None) post(grounded=True, vel=(0.000,0.000,0.000), horiz_speed=0.000, pos=(-23.596,0.012,0.111))
[movedbg #1482] pre(grounded=False, jumping=False, normal=(0.000,1.000,0.000), vel=(0.000,0.000,0.000)) probe(trace_dist=0.0508, hit=False, normal_y=None, fraction=None) post(grounded=False, vel=(0.000,-0.082,0.000), horiz_speed=0.000, pos=(-23.596,0.011,0.111))
[movedbg #1483] pre(grounded=False, jumping=False, normal=(0.000,1.000,0.000), vel=(0.000,-0.082,0.000)) probe(trace_dist=0.0508, hit=False, normal_y=None, fraction=None) post(grounded=True, vel=(0.000,0.000,0.000), horiz_speed=0.000, pos=(-23.596,0.011,0.111))
[movedbg #1484] pre(grounded=False, jumping=False, normal=(0.000,1.000,0.000), vel=(0.000,0.000,0.000)) probe(trace_dist=0.0508, hit=False, normal_y=None, fraction=None) post(grounded=False, vel=(0.000,-0.082,0.000), horiz_speed=0.000, pos=(-23.596,0.010,0.111))
[movedbg #1485] pre(grounded=False, jumping=False, normal=(0.000,1.000,0.000), vel=(0.000,-0.082,0.000)) probe(trace_dist=0.0508, hit=False, normal_y=None, fraction=None) post(grounded=True, vel=(0.000,0.000,0.000), horiz_speed=0.000, pos=(-23.597,0.011,0.111))
[movedbg #1486] pre(grounded=False, jumping=False, normal=(0.000,1.000,0.000), vel=(0.000,0.000,0.000)) probe(trace_dist=0.0508, hit=False, normal_y=None, fraction=None) post(grounded=False, vel=(0.000,-0.082,0.000), horiz_speed=0.000, pos=(-23.597,0.011,0.111))
[movedbg #1487] pre(grounded=False, jumping=False, normal=(0.000,1.000,0.000), vel=(0.000,-0.082,0.000)) probe(trace_dist=0.0508, hit=False, normal_y=None, fraction=None) post(grounded=True, vel=(0.000,0.000,0.000), horiz_speed=0.000, pos=(-23.597,0.012,0.111))
[movedbg #1488] pre(grounded=False, jumping=False, normal=(0.000,1.000,0.000), vel=(0.000,0.000,0.000)) probe(trace_dist=0.0508, hit=False, normal_y=None, fraction=None) post(grounded=False, vel=(0.000,-0.082,0.000), horiz_speed=0.000, pos=(-23.597,0.011,0.111))
[movedbg #1489] pre(grounded=False, jumping=False, normal=(0.000,1.000,0.000), vel=(0.000,-0.082,0.000)) probe(trace_dist=0.0508, hit=False, normal_y=None, fraction=None) post(grounded=True, vel=(0.000,0.000,0.000), horiz_speed=0.000, pos=(-23.598,0.011,0.111))
[movedbg #1490] pre(grounded=False, jumping=False, normal=(0.000,1.000,0.000), vel=(0.000,0.000,0.000)) probe(trace_dist=0.0508, hit=False, normal_y=None, fraction=None) post(grounded=False, vel=(0.000,-0.082,0.000), horiz_speed=0.000, pos=(-23.598,0.010,0.111))
[movedbg #1491] pre(grounded=False, jumping=False, normal=(0.000,1.000,0.000), vel=(0.000,-0.082,0.000)) probe(trace_dist=0.0508, hit=False, normal_y=None, fraction=None) post(grounded=True, vel=(0.000,0.000,0.000), horiz_speed=0.000, pos=(-23.598,0.011,0.111))
[movedbg #1492] pre(grounded=False, jumping=False, normal=(0.000,1.000,0.000), vel=(0.000,0.000,0.000)) probe(trace_dist=0.0508, hit=False, normal_y=None, fraction=None) post(grounded=False, vel=(0.000,-0.082,0.000), horiz_speed=0.000, pos=(-23.598,0.010,0.111))
[movedbg #1493] pre(grounded=False, jumping=False, normal=(0.000,1.000,0.000), vel=(0.000,-0.082,0.000)) probe(trace_dist=0.0508, hit=False, normal_y=None, fraction=None) post(grounded=True, vel=(0.000,0.000,0.000), horiz_speed=0.000, pos=(-23.598,0.011,0.111))
[movedbg #1494] pre(grounded=False, jumping=False, normal=(0.000,1.000,0.000), vel=(0.000,0.000,0.000)) probe(trace_dist=0.0508, hit=False, normal_y=None, fraction=None) post(grounded=False, vel=(0.000,-0.082,0.000), horiz_speed=0.000, pos=(-23.598,0.010,0.111))
[movedbg #1495] pre(grounded=False, jumping=False, normal=(0.000,1.000,0.000), vel=(0.000,-0.082,0.000)) probe(trace_dist=0.0508, hit=False, normal_y=None, fraction=None) post(grounded=True, vel=(0.000,0.000,0.000), horiz_speed=0.000, pos=(-23.599,0.010,0.111))
[movedbg #1496] pre(grounded=False, jumping=False, normal=(0.000,1.000,0.000), vel=(0.000,0.000,0.000)) probe(trace_dist=0.0508, hit=False, normal_y=None, fraction=None) post(grounded=False, vel=(0.000,-0.082,0.000), horiz_speed=0.000, pos=(-23.599,0.009,0.111))
[movedbg #1497] pre(grounded=False, jumping=False, normal=(0.000,1.000,0.000), vel=(0.000,-0.082,0.000)) probe(trace_dist=0.0508, hit=False, normal_y=None, fraction=None) post(grounded=True, vel=(0.000,0.000,0.000), horiz_speed=0.000, pos=(-23.599,0.010,0.111))
[movedbg #1498] pre(grounded=False, jumping=False, normal=(0.000,1.000,0.000), vel=(0.000,0.000,0.000)) probe(trace_dist=0.0508, hit=False, normal_y=None, fraction=None) post(grounded=False, vel=(0.000,-0.082,0.000), horiz_speed=0.000, pos=(-23.599,0.010,0.111))
[movedbg #1499] pre(grounded=False, jumping=False, normal=(0.000,1.000,0.000), vel=(0.000,-0.082,0.000)) probe(trace_dist=0.0508, hit=False, normal_y=None, fraction=None) post(grounded=True, vel=(0.000,0.000,0.000), horiz_speed=0.000, pos=(-23.599,0.011,0.111))
[movedbg #1500] pre(grounded=False, jumping=False, normal=(0.000,1.000,0.000), vel=(0.000,0.000,0.000)) probe(trace_dist=0.0508, hit=False, normal_y=None, fraction=None) post(grounded=False, vel=(0.000,-0.082,0.000), horiz_speed=0.000, pos=(-23.599,0.010,0.111))
[movedbg #1501] pre(grounded=False, jumping=False, normal=(0.000,1.000,0.000), vel=(0.000,-0.082,0.000)) probe(trace_dist=0.0508, hit=False, normal_y=None, fraction=None) post(grounded=True, vel=(0.000,0.000,0.000), horiz_speed=0.000, pos=(-23.600,0.010,0.111))
[movedbg #1502] pre(grounded=False, jumping=False, normal=(0.000,1.000,0.000), vel=(0.000,0.000,0.000)) probe(trace_dist=0.0508, hit=False, normal_y=None, fraction=None) post(grounded=False, vel=(0.000,-0.082,0.000), horiz_speed=0.000, pos=(-23.600,0.009,0.111))
[movedbg #1503] pre(grounded=False, jumping=False, normal=(0.000,1.000,0.000), vel=(0.000,-0.082,0.000)) probe(trace_dist=0.0508, hit=False, normal_y=None, fraction=None) post(grounded=True, vel=(0.000,0.000,0.000), horiz_speed=0.000, pos=(-23.600,0.010,0.111))
[movedbg #1504] pre(grounded=False, jumping=False, normal=(0.000,1.000,0.000), vel=(0.000,0.000,0.000)) probe(trace_dist=0.0508, hit=False, normal_y=None, fraction=None) post(grounded=False, vel=(0.000,-0.082,0.000), horiz_speed=0.000, pos=(-23.600,0.009,0.111))
[movedbg #1505] pre(grounded=False, jumping=False, normal=(0.000,1.000,0.000), vel=(0.000,-0.082,0.000)) probe(trace_dist=0.0508, hit=False, normal_y=None, fraction=None) post(grounded=True, vel=(0.000,0.000,0.000), horiz_speed=0.000, pos=(-23.601,0.010,0.111))
[movedbg #1506] pre(grounded=False, jumping=False, normal=(0.000,1.000,0.000), vel=(0.000,0.000,0.000)) probe(trace_dist=0.0508, hit=False, normal_y=None, fraction=None) post(grounded=False, vel=(0.000,-0.082,0.000), horiz_speed=0.000, pos=(-23.601,0.009,0.111))
[movedbg #1507] pre(grounded=False, jumping=False, normal=(0.000,1.000,0.000), vel=(0.000,-0.082,0.000)) probe(trace_dist=0.0508, hit=False, normal_y=None, fraction=None) post(grounded=True, vel=(0.000,0.000,0.000), horiz_speed=0.000, pos=(-23.601,0.009,0.111))
[movedbg #1508] pre(grounded=False, jumping=False, normal=(0.000,1.000,0.000), vel=(0.000,0.000,0.000)) probe(trace_dist=0.0508, hit=False, normal_y=None, fraction=None) post(grounded=False, vel=(0.000,-0.082,0.000), horiz_speed=0.000, pos=(-23.601,0.009,0.111))
[movedbg #1509] pre(grounded=False, jumping=False, normal=(0.000,1.000,0.000), vel=(0.000,-0.082,0.000)) probe(trace_dist=0.0508, hit=False, normal_y=None, fraction=None) post(grounded=True, vel=(0.000,0.000,0.000), horiz_speed=0.000, pos=(-23.601,0.009,0.111))
[movedbg #1510] pre(grounded=False, jumping=False, normal=(0.000,1.000,0.000), vel=(0.000,0.000,0.000)) probe(trace_dist=0.0508, hit=False, normal_y=None, fraction=None) post(grounded=False, vel=(0.000,-0.082,0.000), horiz_speed=0.000, pos=(-23.601,0.009,0.111))
[movedbg #1511] pre(grounded=False, jumping=False, normal=(0.000,1.000,0.000), vel=(0.000,-0.082,0.000)) probe(trace_dist=0.0508, hit=False, normal_y=None, fraction=None) post(grounded=True, vel=(0.000,0.000,0.000), horiz_speed=0.000, pos=(-23.602,0.010,0.111))
[movedbg #1512] pre(grounded=False, jumping=False, normal=(0.000,1.000,0.000), vel=(0.000,0.000,0.000)) probe(trace_dist=0.0508, hit=False, normal_y=None, fraction=None) post(grounded=False, vel=(0.000,-0.082,0.000), horiz_speed=0.000, pos=(-23.602,0.009,0.111))
[movedbg #1513] pre(grounded=False, jumping=False, normal=(0.000,1.000,0.000), vel=(0.000,-0.082,0.000)) probe(trace_dist=0.0508, hit=False, normal_y=None, fraction=None) post(grounded=True, vel=(0.000,0.000,0.000), horiz_speed=0.000, pos=(-23.602,0.009,0.111))
[movedbg #1514] pre(grounded=False, jumping=False, normal=(0.000,1.000,0.000), vel=(0.000,0.000,0.000)) probe(trace_dist=0.0508, hit=False, normal_y=None, fraction=None) post(grounded=False, vel=(0.000,-0.082,0.000), horiz_speed=0.000, pos=(-23.602,0.008,0.111))
[movedbg #1515] pre(grounded=False, jumping=False, normal=(0.000,1.000,0.000), vel=(0.000,-0.082,0.000)) probe(trace_dist=0.0508, hit=False, normal_y=None, fraction=None) post(grounded=True, vel=(0.000,0.000,0.000), horiz_speed=0.000, pos=(-23.602,0.009,0.111))
[movedbg #1516] pre(grounded=False, jumping=False, normal=(0.000,1.000,0.000), vel=(0.000,0.000,0.000)) probe(trace_dist=0.0508, hit=False, normal_y=None, fraction=None) post(grounded=False, vel=(0.000,-0.082,0.000), horiz_speed=0.000, pos=(-23.602,0.008,0.111))
[movedbg #1517] pre(grounded=False, jumping=False, normal=(0.000,1.000,0.000), vel=(0.000,-0.082,0.000)) probe(trace_dist=0.0508, hit=False, normal_y=None, fraction=None) post(grounded=True, vel=(0.000,0.000,0.000), horiz_speed=0.000, pos=(-23.603,0.009,0.111))
[movedbg #1518] pre(grounded=False, jumping=False, normal=(0.000,1.000,0.000), vel=(0.000,0.000,0.000)) probe(trace_dist=0.0508, hit=False, normal_y=None, fraction=None) post(grounded=False, vel=(0.000,-0.082,0.000), horiz_speed=0.000, pos=(-23.603,0.009,0.111))
[movedbg #1519] pre(grounded=False, jumping=False, normal=(0.000,1.000,0.000), vel=(0.000,-0.082,0.000)) probe(trace_dist=0.0508, hit=False, normal_y=None, fraction=None) post(grounded=True, vel=(0.000,0.000,0.000), horiz_speed=0.000, pos=(-23.603,0.008,0.111))
[movedbg #1520] pre(grounded=False, jumping=False, normal=(0.000,1.000,0.000), vel=(0.000,0.000,0.000)) probe(trace_dist=0.0508, hit=False, normal_y=None, fraction=None) post(grounded=False, vel=(0.000,-0.082,0.000), horiz_speed=0.000, pos=(-23.603,0.008,0.111))
[movedbg #1521] pre(grounded=False, jumping=False, normal=(0.000,1.000,0.000), vel=(0.000,-0.082,0.000)) probe(trace_dist=0.0508, hit=False, normal_y=None, fraction=None) post(grounded=True, vel=(0.000,0.000,0.000), horiz_speed=0.000, pos=(-23.603,0.009,0.111))
[movedbg #1522] pre(grounded=False, jumping=False, normal=(0.000,1.000,0.000), vel=(0.000,0.000,0.000)) probe(trace_dist=0.0508, hit=False, normal_y=None, fraction=None) post(grounded=False, vel=(0.000,-0.082,0.000), horiz_speed=0.000, pos=(-23.603,0.008,0.111))
[movedbg #1523] pre(grounded=False, jumping=False, normal=(0.000,1.000,0.000), vel=(0.000,-0.082,0.000)) probe(trace_dist=0.0508, hit=False, normal_y=None, fraction=None) post(grounded=True, vel=(0.000,0.000,0.000), horiz_speed=0.000, pos=(-23.604,0.009,0.111))
[movedbg #1524] pre(grounded=False, jumping=False, normal=(0.000,1.000,0.000), vel=(0.000,0.000,0.000)) probe(trace_dist=0.0508, hit=False, normal_y=None, fraction=None) post(grounded=False, vel=(0.000,-0.082,0.000), horiz_speed=0.000, pos=(-23.604,0.008,0.111))
[movedbg #1525] pre(grounded=False, jumping=False, normal=(0.000,1.000,0.000), vel=(0.000,-0.082,0.000)) probe(trace_dist=0.0508, hit=False, normal_y=None, fraction=None) post(grounded=True, vel=(0.000,0.000,0.000), horiz_speed=0.000, pos=(-23.604,0.008,0.111))
[movedbg #1526] pre(grounded=False, jumping=False, normal=(0.000,1.000,0.000), vel=(0.000,0.000,0.000)) probe(trace_dist=0.0508, hit=False, normal_y=None, fraction=None) post(grounded=True, vel=(0.000,0.000,0.000), horiz_speed=0.000, pos=(-23.605,0.009,0.111))
[movedbg #1527] pre(grounded=False, jumping=False, normal=(0.000,1.000,0.000), vel=(0.000,0.000,0.000)) probe(trace_dist=0.0508, hit=False, normal_y=None, fraction=None) post(grounded=False, vel=(0.000,-0.082,0.000), horiz_speed=0.000, pos=(-23.605,0.008,0.111))
[movedbg #1528] pre(grounded=False, jumping=False, normal=(0.000,1.000,0.000), vel=(0.000,-0.082,0.000)) probe(trace_dist=0.0508, hit=False, normal_y=None, fraction=None) post(grounded=False, vel=(0.000,-0.164,0.000), horiz_speed=0.000, pos=(-23.605,0.007,0.111))
[movedbg #1529] pre(grounded=False, jumping=False, normal=(0.000,1.000,0.000), vel=(0.000,-0.164,0.000)) probe(trace_dist=0.0508, hit=False, normal_y=None, fraction=None) post(grounded=True, vel=(0.000,0.000,0.000), horiz_speed=0.000, pos=(-23.605,0.008,0.111))
[movedbg #1530] pre(grounded=False, jumping=False, normal=(0.000,1.000,0.000), vel=(0.000,0.000,0.000)) probe(trace_dist=0.0508, hit=False, normal_y=None, fraction=None) post(grounded=False, vel=(0.000,-0.082,0.000), horiz_speed=0.000, pos=(-23.605,0.007,0.111))
[movedbg #1531] pre(grounded=False, jumping=False, normal=(0.000,1.000,0.000), vel=(0.000,-0.082,0.000)) probe(trace_dist=0.0508, hit=False, normal_y=None, fraction=None) post(grounded=True, vel=(0.000,0.000,0.000), horiz_speed=0.000, pos=(-23.605,0.008,0.111))
[movedbg #1532] pre(grounded=False, jumping=False, normal=(0.000,1.000,0.000), vel=(0.000,0.000,0.000)) probe(trace_dist=0.0508, hit=False, normal_y=None, fraction=None) post(grounded=False, vel=(0.000,-0.082,0.000), horiz_speed=0.000, pos=(-23.605,0.007,0.111))
[movedbg #1533] pre(grounded=False, jumping=False, normal=(0.000,1.000,0.000), vel=(0.000,-0.082,0.000)) probe(trace_dist=0.0508, hit=False, normal_y=None, fraction=None) post(grounded=True, vel=(0.000,0.000,0.000), horiz_speed=0.000, pos=(-23.606,0.008,0.111))
[movedbg #1534] pre(grounded=False, jumping=False, normal=(0.000,1.000,0.000), vel=(0.000,0.000,0.000)) probe(trace_dist=0.0508, hit=False, normal_y=None, fraction=None) post(grounded=False, vel=(0.000,-0.082,0.000), horiz_speed=0.000, pos=(-23.606,0.008,0.111))
[movedbg #1535] pre(grounded=False, jumping=False, normal=(0.000,1.000,0.000), vel=(0.000,-0.082,0.000)) probe(trace_dist=0.0508, hit=False, normal_y=None, fraction=None) post(grounded=True, vel=(0.000,0.000,0.000), horiz_speed=0.000, pos=(-23.606,0.007,0.111))
[movedbg #1536] pre(grounded=False, jumping=False, normal=(0.000,1.000,0.000), vel=(0.000,0.000,0.000)) probe(trace_dist=0.0508, hit=False, normal_y=None, fraction=None) post(grounded=False, vel=(0.000,-0.082,0.000), horiz_speed=0.000, pos=(-23.606,0.007,0.111))
[movedbg #1537] pre(grounded=False, jumping=False, normal=(0.000,1.000,0.000), vel=(0.000,-0.082,0.000)) probe(trace_dist=0.0508, hit=False, normal_y=None, fraction=None) post(grounded=True, vel=(0.000,0.000,0.000), horiz_speed=0.000, pos=(-23.606,0.007,0.111))
[movedbg #1538] pre(grounded=False, jumping=False, normal=(0.000,1.000,0.000), vel=(0.000,0.000,0.000)) probe(trace_dist=0.0508, hit=False, normal_y=None, fraction=None) post(grounded=False, vel=(0.000,-0.082,0.000), horiz_speed=0.000, pos=(-23.606,0.007,0.111))
[movedbg #1539] pre(grounded=False, jumping=False, normal=(0.000,1.000,0.000), vel=(0.000,-0.082,0.000)) probe(trace_dist=0.0508, hit=False, normal_y=None, fraction=None) post(grounded=True, vel=(0.000,0.000,0.000), horiz_speed=0.000, pos=(-23.607,0.008,0.111))
[movedbg #1540] pre(grounded=False, jumping=False, normal=(0.000,1.000,0.000), vel=(0.000,0.000,0.000)) probe(trace_dist=0.0508, hit=False, normal_y=None, fraction=None) post(grounded=False, vel=(0.000,-0.082,0.000), horiz_speed=0.000, pos=(-23.607,0.007,0.111))
[movedbg #1541] pre(grounded=False, jumping=False, normal=(0.000,1.000,0.000), vel=(0.000,-0.082,0.000)) probe(trace_dist=0.0508, hit=False, normal_y=None, fraction=None) post(grounded=True, vel=(0.000,0.000,0.000), horiz_speed=0.000, pos=(-23.607,0.007,0.111))
[movedbg #1542] pre(grounded=False, jumping=False, normal=(0.000,1.000,0.000), vel=(0.000,0.000,0.000)) probe(trace_dist=0.0508, hit=False, normal_y=None, fraction=None) post(grounded=False, vel=(0.000,-0.082,0.000), horiz_speed=0.000, pos=(-23.607,0.006,0.111))
[movedbg #1543] pre(grounded=False, jumping=False, normal=(0.000,1.000,0.000), vel=(0.000,-0.082,0.000)) probe(trace_dist=0.0508, hit=False, normal_y=None, fraction=None) post(grounded=True, vel=(0.000,0.000,0.000), horiz_speed=0.000, pos=(-23.608,0.007,0.111))
[movedbg #1544] pre(grounded=False, jumping=False, normal=(0.000,1.000,0.000), vel=(0.000,0.000,0.000)) probe(trace_dist=0.0508, hit=False, normal_y=None, fraction=None) post(grounded=False, vel=(0.000,-0.082,0.000), horiz_speed=0.000, pos=(-23.608,0.006,0.111))
[movedbg #1545] pre(grounded=False, jumping=False, normal=(0.000,1.000,0.000), vel=(0.000,-0.082,0.000)) probe(trace_dist=0.0508, hit=False, normal_y=None, fraction=None) post(grounded=True, vel=(0.000,0.000,0.000), horiz_speed=0.000, pos=(-23.608,0.007,0.111))
[movedbg #1546] pre(grounded=False, jumping=False, normal=(0.000,1.000,0.000), vel=(0.000,0.000,0.000)) probe(trace_dist=0.0508, hit=False, normal_y=None, fraction=None) post(grounded=False, vel=(0.000,-0.082,0.000), horiz_speed=0.000, pos=(-23.608,0.007,0.111))
[movedbg #1547] pre(grounded=False, jumping=False, normal=(0.000,1.000,0.000), vel=(0.000,-0.082,0.000)) probe(trace_dist=0.0508, hit=False, normal_y=None, fraction=None) post(grounded=True, vel=(0.000,0.000,0.000), horiz_speed=0.000, pos=(-23.608,0.006,0.111))
[movedbg #1548] pre(grounded=False, jumping=False, normal=(0.000,1.000,0.000), vel=(0.000,0.000,0.000)) probe(trace_dist=0.0508, hit=False, normal_y=None, fraction=None) post(grounded=True, vel=(0.000,0.000,0.000), horiz_speed=0.000, pos=(-23.609,0.007,0.111))
[movedbg #1549] pre(grounded=False, jumping=False, normal=(0.000,1.000,0.000), vel=(0.000,0.000,0.000)) probe(trace_dist=0.0508, hit=False, normal_y=None, fraction=None) post(grounded=False, vel=(0.000,-0.082,0.000), horiz_speed=0.000, pos=(-23.609,0.007,0.111))
[movedbg #1550] pre(grounded=False, jumping=False, normal=(0.000,1.000,0.000), vel=(0.000,-0.082,0.000)) probe(trace_dist=0.0508, hit=False, normal_y=None, fraction=None) post(grounded=False, vel=(0.000,-0.164,0.000), horiz_speed=0.000, pos=(-23.609,0.005,0.111))
[movedbg #1551] pre(grounded=False, jumping=False, normal=(0.000,1.000,0.000), vel=(0.000,-0.164,0.000)) probe(trace_dist=0.0508, hit=False, normal_y=None, fraction=None) post(grounded=True, vel=(0.000,0.000,0.000), horiz_speed=0.000, pos=(-23.609,0.006,0.111))
[movedbg #1552] pre(grounded=False, jumping=False, normal=(0.000,1.000,0.000), vel=(0.000,0.000,0.000)) probe(trace_dist=0.0508, hit=False, normal_y=None, fraction=None) post(grounded=False, vel=(0.000,-0.082,0.000), horiz_speed=0.000, pos=(-23.609,0.005,0.111))
[movedbg #1553] pre(grounded=False, jumping=False, normal=(0.000,1.000,0.000), vel=(0.000,-0.082,0.000)) probe(trace_dist=0.0508, hit=False, normal_y=None, fraction=None) post(grounded=True, vel=(0.000,0.000,0.000), horiz_speed=0.000, pos=(-23.609,0.006,0.111))
[movedbg #1554] pre(grounded=False, jumping=False, normal=(0.000,1.000,0.000), vel=(0.000,0.000,0.000)) probe(trace_dist=0.0508, hit=False, normal_y=None, fraction=None) post(grounded=False, vel=(0.000,-0.082,0.000), horiz_speed=0.000, pos=(-23.609,0.006,0.111))
[movedbg #1555] pre(grounded=False, jumping=False, normal=(0.000,1.000,0.000), vel=(0.000,-0.082,0.000)) probe(trace_dist=0.0508, hit=False, normal_y=None, fraction=None) post(grounded=True, vel=(0.000,0.000,0.000), horiz_speed=0.000, pos=(-23.610,0.007,0.111))
[movedbg #1556] pre(grounded=False, jumping=False, normal=(0.000,1.000,0.000), vel=(0.000,0.000,0.000)) probe(trace_dist=0.0508, hit=False, normal_y=None, fraction=None) post(grounded=False, vel=(0.000,-0.082,0.000), horiz_speed=0.000, pos=(-23.610,0.006,0.111))
[movedbg #1557] pre(grounded=False, jumping=False, normal=(0.000,1.000,0.000), vel=(0.000,-0.082,0.000)) probe(trace_dist=0.0508, hit=False, normal_y=None, fraction=None) post(grounded=True, vel=(0.000,0.000,0.000), horiz_speed=0.000, pos=(-23.610,0.006,0.111))
[movedbg #1558] pre(grounded=False, jumping=False, normal=(0.000,1.000,0.000), vel=(0.000,0.000,0.000)) probe(trace_dist=0.0508, hit=False, normal_y=None, fraction=None) post(grounded=False, vel=(0.000,-0.082,0.000), horiz_speed=0.000, pos=(-23.610,0.005,0.111))
[movedbg #1559] pre(grounded=False, jumping=False, normal=(0.000,1.000,0.000), vel=(0.000,-0.082,0.000)) probe(trace_dist=0.0508, hit=False, normal_y=None, fraction=None) post(grounded=True, vel=(0.000,0.000,0.000), horiz_speed=0.000, pos=(-23.611,0.006,0.111))
[movedbg #1560] pre(grounded=False, jumping=False, normal=(0.000,1.000,0.000), vel=(0.000,0.000,0.000)) probe(trace_dist=0.0508, hit=False, normal_y=None, fraction=None) post(grounded=False, vel=(0.000,-0.082,0.000), horiz_speed=0.000, pos=(-23.611,0.005,0.111))
[movedbg #1561] pre(grounded=False, jumping=False, normal=(0.000,1.000,0.000), vel=(0.000,-0.082,0.000)) probe(trace_dist=0.0508, hit=False, normal_y=None, fraction=None) post(grounded=True, vel=(0.000,0.000,0.000), horiz_speed=0.000, pos=(-23.611,0.006,0.111))
[movedbg #1562] pre(grounded=False, jumping=False, normal=(0.000,1.000,0.000), vel=(0.000,0.000,0.000)) probe(trace_dist=0.0508, hit=False, normal_y=None, fraction=None) post(grounded=False, vel=(0.000,-0.082,0.000), horiz_speed=0.000, pos=(-23.611,0.005,0.111))
[movedbg #1563] pre(grounded=False, jumping=False, normal=(0.000,1.000,0.000), vel=(0.000,-0.082,0.000)) probe(trace_dist=0.0508, hit=False, normal_y=None, fraction=None) post(grounded=True, vel=(0.000,0.000,0.000), horiz_speed=0.000, pos=(-23.611,0.005,0.111))
[movedbg #1564] pre(grounded=False, jumping=False, normal=(0.000,1.000,0.000), vel=(0.000,0.000,0.000)) probe(trace_dist=0.0508, hit=False, normal_y=None, fraction=None) post(grounded=False, vel=(0.000,-0.082,0.000), horiz_speed=0.000, pos=(-23.611,0.004,0.111))
[movedbg #1565] pre(grounded=False, jumping=False, normal=(0.000,1.000,0.000), vel=(0.000,-0.082,0.000)) probe(trace_dist=0.0508, hit=False, normal_y=None, fraction=None) post(grounded=True, vel=(0.000,0.000,0.000), horiz_speed=0.000, pos=(-23.612,0.005,0.111))
[movedbg #1566] pre(grounded=False, jumping=False, normal=(0.000,1.000,0.000), vel=(0.000,0.000,0.000)) probe(trace_dist=0.0508, hit=False, normal_y=None, fraction=None) post(grounded=False, vel=(0.000,-0.082,0.000), horiz_speed=0.000, pos=(-23.612,0.005,0.111))
[movedbg #1567] pre(grounded=False, jumping=False, normal=(0.000,1.000,0.000), vel=(0.000,-0.082,0.000)) probe(trace_dist=0.0508, hit=False, normal_y=None, fraction=None) post(grounded=True, vel=(0.000,0.000,0.000), horiz_speed=0.000, pos=(-23.612,0.006,0.111))
[movedbg #1568] pre(grounded=False, jumping=False, normal=(0.000,1.000,0.000), vel=(0.000,0.000,0.000)) probe(trace_dist=0.0508, hit=False, normal_y=None, fraction=None) post(grounded=False, vel=(0.000,-0.082,0.000), horiz_speed=0.000, pos=(-23.612,0.005,0.111))
[movedbg #1569] pre(grounded=False, jumping=False, normal=(0.000,1.000,0.000), vel=(0.000,-0.082,0.000)) probe(trace_dist=0.0508, hit=False, normal_y=None, fraction=None) post(grounded=True, vel=(0.000,0.000,0.000), horiz_speed=0.000, pos=(-23.612,0.005,0.111))
[movedbg #1570] pre(grounded=False, jumping=False, normal=(0.000,1.000,0.000), vel=(0.000,0.000,0.000)) probe(trace_dist=0.0508, hit=False, normal_y=None, fraction=None) post(grounded=False, vel=(0.000,-0.082,0.000), horiz_speed=0.000, pos=(-23.612,0.004,0.111))
[movedbg #1571] pre(grounded=False, jumping=False, normal=(0.000,1.000,0.000), vel=(0.000,-0.082,0.000)) probe(trace_dist=0.0508, hit=False, normal_y=None, fraction=None) post(grounded=True, vel=(0.000,0.000,0.000), horiz_speed=0.000, pos=(-23.613,0.005,0.111))
[movedbg #1572] pre(grounded=False, jumping=False, normal=(0.000,1.000,0.000), vel=(0.000,0.000,0.000)) probe(trace_dist=0.0508, hit=False, normal_y=None, fraction=None) post(grounded=False, vel=(0.000,-0.082,0.000), horiz_speed=0.000, pos=(-23.613,0.004,0.111))
[movedbg #1573] pre(grounded=False, jumping=False, normal=(0.000,1.000,0.000), vel=(0.000,-0.082,0.000)) probe(trace_dist=0.0508, hit=False, normal_y=None, fraction=None) post(grounded=True, vel=(0.000,0.000,0.000), horiz_speed=0.000, pos=(-23.613,0.005,0.111))
[movedbg #1574] pre(grounded=False, jumping=False, normal=(0.000,1.000,0.000), vel=(0.000,0.000,0.000)) probe(trace_dist=0.0508, hit=False, normal_y=None, fraction=None) post(grounded=False, vel=(0.000,-0.082,0.000), horiz_speed=0.000, pos=(-23.613,0.004,0.111))
[movedbg #1575] pre(grounded=False, jumping=False, normal=(0.000,1.000,0.000), vel=(0.000,-0.082,0.000)) probe(trace_dist=0.0508, hit=False, normal_y=None, fraction=None) post(grounded=True, vel=(0.000,0.000,0.000), horiz_speed=0.000, pos=(-23.613,0.004,0.111))
[movedbg #1576] pre(grounded=False, jumping=False, normal=(0.000,1.000,0.000), vel=(0.000,0.000,0.000)) probe(trace_dist=0.0508, hit=False, normal_y=None, fraction=None) post(grounded=False, vel=(0.000,-0.082,0.000), horiz_speed=0.000, pos=(-23.613,0.004,0.111))
[movedbg #1577] pre(grounded=False, jumping=False, normal=(0.000,1.000,0.000), vel=(0.000,-0.082,0.000)) probe(trace_dist=0.0508, hit=False, normal_y=None, fraction=None) post(grounded=True, vel=(0.000,0.000,0.000), horiz_speed=0.000, pos=(-23.614,0.004,0.111))
[movedbg #1578] pre(grounded=False, jumping=False, normal=(0.000,1.000,0.000), vel=(0.000,0.000,0.000)) probe(trace_dist=0.0508, hit=False, normal_y=None, fraction=None) post(grounded=False, vel=(0.000,-0.082,0.000), horiz_speed=0.000, pos=(-23.614,0.004,0.111))
[movedbg #1579] pre(grounded=False, jumping=False, normal=(0.000,1.000,0.000), vel=(0.000,-0.082,0.000)) probe(trace_dist=0.0508, hit=False, normal_y=None, fraction=None) post(grounded=True, vel=(0.000,0.000,0.000), horiz_speed=0.000, pos=(-23.614,0.005,0.111))
[movedbg #1580] pre(grounded=False, jumping=False, normal=(0.000,1.000,0.000), vel=(0.000,0.000,0.000)) probe(trace_dist=0.0508, hit=False, normal_y=None, fraction=None) post(grounded=False, vel=(0.000,-0.082,0.000), horiz_speed=0.000, pos=(-23.614,0.004,0.111))
[movedbg #1581] pre(grounded=False, jumping=False, normal=(0.000,1.000,0.000), vel=(0.000,-0.082,0.000)) probe(trace_dist=0.0508, hit=False, normal_y=None, fraction=None) post(grounded=True, vel=(0.000,0.000,0.000), horiz_speed=0.000, pos=(-23.615,0.004,0.111))
[movedbg #1582] pre(grounded=False, jumping=False, normal=(0.000,1.000,0.000), vel=(0.000,0.000,0.000)) probe(trace_dist=0.0508, hit=False, normal_y=None, fraction=None) post(grounded=False, vel=(0.000,-0.082,0.000), horiz_speed=0.000, pos=(-23.615,0.003,0.111))
[movedbg #1583] pre(grounded=False, jumping=False, normal=(0.000,1.000,0.000), vel=(0.000,-0.082,0.000)) probe(trace_dist=0.0508, hit=False, normal_y=None, fraction=None) post(grounded=True, vel=(0.000,0.000,0.000), horiz_speed=0.000, pos=(-23.615,0.004,0.111))
[movedbg #1584] pre(grounded=False, jumping=False, normal=(0.000,1.000,0.000), vel=(0.000,0.000,0.000)) probe(trace_dist=0.0508, hit=False, normal_y=None, fraction=None) post(grounded=False, vel=(0.000,-0.082,0.000), horiz_speed=0.000, pos=(-23.615,0.003,0.111))
[movedbg #1585] pre(grounded=False, jumping=False, normal=(0.000,1.000,0.000), vel=(0.000,-0.082,0.000)) probe(trace_dist=0.0508, hit=False, normal_y=None, fraction=None) post(grounded=True, vel=(0.000,0.000,0.000), horiz_speed=0.000, pos=(-23.615,0.004,0.111))
[movedbg #1586] pre(grounded=False, jumping=False, normal=(0.000,1.000,0.000), vel=(0.000,0.000,0.000)) probe(trace_dist=0.0508, hit=False, normal_y=None, fraction=None) post(grounded=False, vel=(0.000,-0.082,0.000), horiz_speed=0.000, pos=(-23.615,0.004,0.111))
[movedbg #1587] pre(grounded=False, jumping=False, normal=(0.000,1.000,0.000), vel=(0.000,-0.082,0.000)) probe(trace_dist=0.0508, hit=False, normal_y=None, fraction=None) post(grounded=True, vel=(0.000,0.000,0.000), horiz_speed=0.000, pos=(-23.616,0.003,0.111))
[movedbg #1588] pre(grounded=False, jumping=False, normal=(0.000,1.000,0.000), vel=(0.000,0.000,0.000)) probe(trace_dist=0.0508, hit=False, normal_y=None, fraction=None) post(grounded=True, vel=(0.000,0.000,0.000), horiz_speed=0.000, pos=(-23.616,0.004,0.111))
[movedbg #1589] pre(grounded=False, jumping=False, normal=(0.000,1.000,0.000), vel=(0.000,0.000,0.000)) probe(trace_dist=0.0508, hit=False, normal_y=None, fraction=None) post(grounded=False, vel=(0.000,-0.082,0.000), horiz_speed=0.000, pos=(-23.616,0.004,0.111))
[movedbg #1590] pre(grounded=False, jumping=False, normal=(0.000,1.000,0.000), vel=(0.000,-0.082,0.000)) probe(trace_dist=0.0508, hit=False, normal_y=None, fraction=None) post(grounded=False, vel=(0.000,-0.164,0.000), horiz_speed=0.000, pos=(-23.616,0.002,0.111))
[movedbg #1591] pre(grounded=False, jumping=False, normal=(0.000,1.000,0.000), vel=(0.000,-0.164,0.000)) probe(trace_dist=0.0508, hit=False, normal_y=None, fraction=None) post(grounded=True, vel=(0.000,0.000,0.000), horiz_speed=0.000, pos=(-23.616,0.003,0.111))
[movedbg #1592] pre(grounded=False, jumping=False, normal=(0.000,1.000,0.000), vel=(0.000,0.000,0.000)) probe(trace_dist=0.0508, hit=False, normal_y=None, fraction=None) post(grounded=False, vel=(0.000,-0.082,0.000), horiz_speed=0.000, pos=(-23.616,0.002,0.111))
[movedbg #1593] pre(grounded=False, jumping=False, normal=(0.000,1.000,0.000), vel=(0.000,-0.082,0.000)) probe(trace_dist=0.0508, hit=False, normal_y=None, fraction=None) post(grounded=True, vel=(0.000,0.000,0.000), horiz_speed=0.000, pos=(-23.617,0.003,0.111))
[movedbg #1594] pre(grounded=False, jumping=False, normal=(0.000,1.000,0.000), vel=(0.000,0.000,0.000)) probe(trace_dist=0.0508, hit=False, normal_y=None, fraction=None) post(grounded=False, vel=(0.000,-0.082,0.000), horiz_speed=0.000, pos=(-23.617,0.003,0.111))
[movedbg #1595] pre(grounded=False, jumping=False, normal=(0.000,1.000,0.000), vel=(0.000,-0.082,0.000)) probe(trace_dist=0.0508, hit=False, normal_y=None, fraction=None) post(grounded=True, vel=(0.000,0.000,0.000), horiz_speed=0.000, pos=(-23.617,0.004,0.111))
[movedbg #1596] pre(grounded=False, jumping=False, normal=(0.000,1.000,0.000), vel=(0.000,0.000,0.000)) probe(trace_dist=0.0508, hit=False, normal_y=None, fraction=None) post(grounded=False, vel=(0.000,-0.082,0.000), horiz_speed=0.000, pos=(-23.617,0.003,0.111))
[movedbg #1597] pre(grounded=False, jumping=False, normal=(0.000,1.000,0.000), vel=(0.000,-0.082,0.000)) probe(trace_dist=0.0508, hit=False, normal_y=None, fraction=None) post(grounded=True, vel=(0.000,0.000,0.000), horiz_speed=0.000, pos=(-23.618,0.003,0.111))
[movedbg #1598] pre(grounded=False, jumping=False, normal=(0.000,1.000,0.000), vel=(0.000,0.000,0.000)) probe(trace_dist=0.0508, hit=False, normal_y=None, fraction=None) post(grounded=True, vel=(0.000,0.000,0.000), horiz_speed=0.000, pos=(-23.618,0.004,0.111))
[movedbg #1599] pre(grounded=False, jumping=False, normal=(0.000,1.000,0.000), vel=(0.000,0.000,0.000)) probe(trace_dist=0.0508, hit=False, normal_y=None, fraction=None) post(grounded=False, vel=(0.000,-0.082,0.000), horiz_speed=0.000, pos=(-23.618,0.003,0.111))
[movedbg #1600] pre(grounded=False, jumping=False, normal=(0.000,1.000,0.000), vel=(0.000,-0.082,0.000)) probe(trace_dist=0.0508, hit=False, normal_y=None, fraction=None) post(grounded=False, vel=(0.000,-0.164,0.000), horiz_speed=0.000, pos=(-23.618,0.002,0.111))
[movedbg #1601] pre(grounded=False, jumping=False, normal=(0.000,1.000,0.000), vel=(0.000,-0.164,0.000)) probe(trace_dist=0.0508, hit=False, normal_y=None, fraction=None) post(grounded=True, vel=(0.000,0.000,0.000), horiz_speed=0.000, pos=(-23.618,0.002,0.111))
[movedbg #1602] pre(grounded=False, jumping=False, normal=(0.000,1.000,0.000), vel=(0.000,0.000,0.000)) probe(trace_dist=0.0508, hit=False, normal_y=None, fraction=None) post(grounded=False, vel=(0.000,-0.082,0.000), horiz_speed=0.000, pos=(-23.618,0.002,0.111))
[movedbg #1603] pre(grounded=False, jumping=False, normal=(0.000,1.000,0.000), vel=(0.000,-0.082,0.000)) probe(trace_dist=0.0508, hit=False, normal_y=None, fraction=None) post(grounded=True, vel=(0.000,0.000,0.000), horiz_speed=0.000, pos=(-23.619,0.003,0.111))
[movedbg #1604] pre(grounded=False, jumping=False, normal=(0.000,1.000,0.000), vel=(0.000,0.000,0.000)) probe(trace_dist=0.0508, hit=False, normal_y=None, fraction=None) post(grounded=False, vel=(0.000,-0.082,0.000), horiz_speed=0.000, pos=(-23.619,0.002,0.111))
[movedbg #1605] pre(grounded=False, jumping=False, normal=(0.000,1.000,0.000), vel=(0.000,-0.082,0.000)) probe(trace_dist=0.0508, hit=False, normal_y=None, fraction=None) post(grounded=True, vel=(0.000,0.000,0.000), horiz_speed=0.000, pos=(-23.619,0.003,0.111))
[movedbg #1606] pre(grounded=False, jumping=False, normal=(0.000,1.000,0.000), vel=(0.000,0.000,0.000)) probe(trace_dist=0.0508, hit=False, normal_y=None, fraction=None) post(grounded=False, vel=(0.000,-0.082,0.000), horiz_speed=0.000, pos=(-23.619,0.002,0.111))
[movedbg #1607] pre(grounded=False, jumping=False, normal=(0.000,1.000,0.000), vel=(0.000,-0.082,0.000)) probe(trace_dist=0.0508, hit=False, normal_y=None, fraction=None) post(grounded=True, vel=(0.000,0.000,0.000), horiz_speed=0.000, pos=(-23.619,0.002,0.111))
[movedbg #1608] pre(grounded=False, jumping=False, normal=(0.000,1.000,0.000), vel=(0.000,0.000,0.000)) probe(trace_dist=0.0508, hit=False, normal_y=None, fraction=None) post(grounded=False, vel=(0.000,-0.082,0.000), horiz_speed=0.000, pos=(-23.619,0.001,0.111))
[movedbg #1609] pre(grounded=False, jumping=False, normal=(0.000,1.000,0.000), vel=(0.000,-0.082,0.000)) probe(trace_dist=0.0508, hit=False, normal_y=None, fraction=None) post(grounded=True, vel=(0.000,0.000,0.000), horiz_speed=0.000, pos=(-23.620,0.002,0.111))
[movedbg #1610] pre(grounded=False, jumping=False, normal=(0.000,1.000,0.000), vel=(0.000,0.000,0.000)) probe(trace_dist=0.0508, hit=False, normal_y=None, fraction=None) post(grounded=False, vel=(0.000,-0.082,0.000), horiz_speed=0.000, pos=(-23.620,0.001,0.111))
[movedbg #1611] pre(grounded=False, jumping=False, normal=(0.000,1.000,0.000), vel=(0.000,-0.082,0.000)) probe(trace_dist=0.0508, hit=False, normal_y=None, fraction=None) post(grounded=True, vel=(0.000,0.000,0.000), horiz_speed=0.000, pos=(-23.620,0.002,0.111))
[movedbg #1612] pre(grounded=False, jumping=False, normal=(0.000,1.000,0.000), vel=(0.000,0.000,0.000)) probe(trace_dist=0.0508, hit=False, normal_y=None, fraction=None) post(grounded=False, vel=(0.000,-0.082,0.000), horiz_speed=0.000, pos=(-23.620,0.002,0.111))
[movedbg #1613] pre(grounded=False, jumping=False, normal=(0.000,1.000,0.000), vel=(0.000,-0.082,0.000)) probe(trace_dist=0.0508, hit=False, normal_y=None, fraction=None) post(grounded=True, vel=(0.000,0.000,0.000), horiz_speed=0.000, pos=(-23.620,0.001,0.111))
[movedbg #1614] pre(grounded=False, jumping=False, normal=(0.000,1.000,0.000), vel=(0.000,0.000,0.000)) probe(trace_dist=0.0508, hit=False, normal_y=None, fraction=None) post(grounded=False, vel=(0.000,-0.082,0.000), horiz_speed=0.000, pos=(-23.620,0.001,0.111))
[movedbg #1615] pre(grounded=False, jumping=False, normal=(0.000,1.000,0.000), vel=(0.000,-0.082,0.000)) probe(trace_dist=0.0508, hit=False, normal_y=None, fraction=None) post(grounded=True, vel=(0.000,0.000,0.000), horiz_speed=0.000, pos=(-23.621,0.002,0.111))
[movedbg #1616] pre(grounded=False, jumping=False, normal=(0.000,1.000,0.000), vel=(0.000,0.000,0.000)) probe(trace_dist=0.0508, hit=False, normal_y=None, fraction=None) post(grounded=False, vel=(0.000,-0.082,0.000), horiz_speed=0.000, pos=(-23.621,0.001,0.111))
[movedbg #1617] pre(grounded=False, jumping=False, normal=(0.000,1.000,0.000), vel=(0.000,-0.082,0.000)) probe(trace_dist=0.0508, hit=False, normal_y=None, fraction=None) post(grounded=True, vel=(0.000,0.000,0.000), horiz_speed=0.000, pos=(-23.621,0.002,0.111))
[movedbg #1618] pre(grounded=False, jumping=False, normal=(0.000,1.000,0.000), vel=(0.000,0.000,0.000)) probe(trace_dist=0.0508, hit=False, normal_y=None, fraction=None) post(grounded=False, vel=(0.000,-0.082,0.000), horiz_speed=0.000, pos=(-23.621,0.001,0.111))
[movedbg #1619] pre(grounded=False, jumping=False, normal=(0.000,1.000,0.000), vel=(0.000,-0.082,0.000)) probe(trace_dist=0.0508, hit=False, normal_y=None, fraction=None) post(grounded=True, vel=(0.000,0.000,0.000), horiz_speed=0.000, pos=(-23.622,0.001,0.111))
[movedbg #1620] pre(grounded=False, jumping=False, normal=(0.000,1.000,0.000), vel=(0.000,0.000,0.000)) probe(trace_dist=0.0508, hit=False, normal_y=None, fraction=None) post(grounded=False, vel=(0.000,-0.082,0.000), horiz_speed=0.000, pos=(-23.622,0.000,0.111))
[movedbg #1621] pre(grounded=False, jumping=False, normal=(0.000,1.000,0.000), vel=(0.000,-0.082,0.000)) probe(trace_dist=0.0508, hit=False, normal_y=None, fraction=None) post(grounded=True, vel=(0.000,0.000,0.000), horiz_speed=0.000, pos=(-23.622,0.001,0.111))
[movedbg #1622] pre(grounded=False, jumping=False, normal=(0.000,1.000,0.000), vel=(0.000,0.000,0.000)) probe(trace_dist=0.0508, hit=False, normal_y=None, fraction=None) post(grounded=False, vel=(0.000,-0.082,0.000), horiz_speed=0.000, pos=(-23.622,0.001,0.111))
[movedbg #1623] pre(grounded=False, jumping=False, normal=(0.000,1.000,0.000), vel=(0.000,-0.082,0.000)) probe(trace_dist=0.0508, hit=False, normal_y=None, fraction=None) post(grounded=True, vel=(0.000,0.000,0.000), horiz_speed=0.000, pos=(-23.622,0.002,0.111))
[movedbg #1624] pre(grounded=False, jumping=False, normal=(0.000,1.000,0.000), vel=(0.000,0.000,0.000)) probe(trace_dist=0.0508, hit=False, normal_y=None, fraction=None) post(grounded=False, vel=(0.000,-0.082,0.000), horiz_speed=0.000, pos=(-23.622,0.001,0.111))
[movedbg #1625] pre(grounded=False, jumping=False, normal=(0.000,1.000,0.000), vel=(0.000,-0.082,0.000)) probe(trace_dist=0.0508, hit=False, normal_y=None, fraction=None) post(grounded=True, vel=(0.000,0.000,0.000), horiz_speed=0.000, pos=(-23.623,0.001,0.111))
[movedbg #1626] pre(grounded=False, jumping=False, normal=(0.000,1.000,0.000), vel=(0.000,0.000,0.000)) probe(trace_dist=0.0508, hit=False, normal_y=None, fraction=None) post(grounded=False, vel=(0.000,-0.082,0.000), horiz_speed=0.000, pos=(-23.623,-0.000,0.111))
[movedbg #1627] pre(grounded=False, jumping=False, normal=(0.000,1.000,0.000), vel=(0.000,-0.082,0.000)) probe(trace_dist=0.0508, hit=False, normal_y=None, fraction=None) post(grounded=True, vel=(0.000,0.000,0.000), horiz_speed=0.000, pos=(-23.623,0.001,0.111))
[movedbg #1628] pre(grounded=False, jumping=False, normal=(0.000,1.000,0.000), vel=(0.000,0.000,0.000)) probe(trace_dist=0.0508, hit=False, normal_y=None, fraction=None) post(grounded=False, vel=(0.000,-0.082,0.000), horiz_speed=0.000, pos=(-23.623,0.000,0.111))
[movedbg #1629] pre(grounded=False, jumping=False, normal=(0.000,1.000,0.000), vel=(0.000,-0.082,0.000)) probe(trace_dist=0.0508, hit=False, normal_y=None, fraction=None) post(grounded=True, vel=(0.000,0.000,0.000), horiz_speed=0.000, pos=(-23.623,0.001,0.111))
[movedbg #1630] pre(grounded=False, jumping=False, normal=(0.000,1.000,0.000), vel=(0.000,0.000,0.000)) probe(trace_dist=0.0508, hit=False, normal_y=None, fraction=None) post(grounded=False, vel=(0.000,-0.082,0.000), horiz_speed=0.000, pos=(-23.623,0.000,0.111))
[movedbg #1631] pre(grounded=False, jumping=False, normal=(0.000,1.000,0.000), vel=(0.000,-0.082,0.000)) probe(trace_dist=0.0508, hit=False, normal_y=None, fraction=None) post(grounded=True, vel=(0.000,0.000,0.000), horiz_speed=0.000, pos=(-23.624,0.000,0.111))
[movedbg #1632] pre(grounded=False, jumping=False, normal=(0.000,1.000,0.000), vel=(0.000,0.000,0.000)) probe(trace_dist=0.0508, hit=False, normal_y=None, fraction=None) post(grounded=False, vel=(0.000,-0.082,0.000), horiz_speed=0.000, pos=(-23.624,-0.001,0.111))
[movedbg #1633] pre(grounded=False, jumping=False, normal=(0.000,1.000,0.000), vel=(0.000,-0.082,0.000)) probe(trace_dist=0.0508, hit=False, normal_y=None, fraction=None) post(grounded=True, vel=(0.000,0.000,0.000), horiz_speed=0.000, pos=(-23.624,0.000,0.111))
[movedbg #1634] pre(grounded=False, jumping=False, normal=(0.000,1.000,0.000), vel=(0.000,0.000,0.000)) probe(trace_dist=0.0508, hit=False, normal_y=None, fraction=None) post(grounded=False, vel=(0.000,-0.082,0.000), horiz_speed=0.000, pos=(-23.624,-0.000,0.111))
[movedbg #1635] pre(grounded=False, jumping=False, normal=(0.000,1.000,0.000), vel=(0.000,-0.082,0.000)) probe(trace_dist=0.0508, hit=False, normal_y=None, fraction=None) post(grounded=True, vel=(0.000,0.000,0.000), horiz_speed=0.000, pos=(-23.625,0.001,0.111))
[movedbg #1636] pre(grounded=False, jumping=False, normal=(0.000,1.000,0.000), vel=(0.000,0.000,0.000)) probe(trace_dist=0.0508, hit=False, normal_y=None, fraction=None) post(grounded=False, vel=(0.000,-0.082,0.000), horiz_speed=0.000, pos=(-23.625,-0.000,0.111))
[movedbg #1637] pre(grounded=False, jumping=False, normal=(0.000,1.000,0.000), vel=(0.000,-0.082,0.000)) probe(trace_dist=0.0508, hit=False, normal_y=None, fraction=None) post(grounded=True, vel=(0.000,0.000,0.000), horiz_speed=0.000, pos=(-23.625,-0.000,0.111))
[movedbg #1638] pre(grounded=False, jumping=False, normal=(0.000,1.000,0.000), vel=(0.000,0.000,0.000)) probe(trace_dist=0.0508, hit=False, normal_y=None, fraction=None) post(grounded=False, vel=(0.000,-0.082,0.000), horiz_speed=0.000, pos=(-23.625,-0.001,0.111))
[movedbg #1639] pre(grounded=False, jumping=False, normal=(0.000,1.000,0.000), vel=(0.000,-0.082,0.000)) probe(trace_dist=0.0508, hit=False, normal_y=None, fraction=None) post(grounded=True, vel=(0.000,0.000,0.000), horiz_speed=0.000, pos=(-23.625,-0.000,0.111))
[movedbg #1640] pre(grounded=False, jumping=False, normal=(0.000,1.000,0.000), vel=(0.000,0.000,0.000)) probe(trace_dist=0.0508, hit=False, normal_y=None, fraction=None) post(grounded=False, vel=(0.000,-0.082,0.000), horiz_speed=0.000, pos=(-23.625,-0.001,0.111))
[movedbg #1641] pre(grounded=False, jumping=False, normal=(0.000,1.000,0.000), vel=(0.000,-0.082,0.000)) probe(trace_dist=0.0508, hit=False, normal_y=None, fraction=None) post(grounded=True, vel=(0.000,0.000,0.000), horiz_speed=0.000, pos=(-23.626,0.000,0.111))
[movedbg #1642] pre(grounded=False, jumping=False, normal=(0.000,1.000,0.000), vel=(0.000,0.000,0.000)) probe(trace_dist=0.0508, hit=False, normal_y=None, fraction=None) post(grounded=False, vel=(0.000,-0.082,0.000), horiz_speed=0.000, pos=(-23.626,-0.000,0.111))
[movedbg #1643] pre(grounded=False, jumping=False, normal=(0.000,1.000,0.000), vel=(0.000,-0.082,0.000)) probe(trace_dist=0.0508, hit=False, normal_y=None, fraction=None) post(grounded=True, vel=(0.000,0.000,0.000), horiz_speed=0.000, pos=(-23.626,-0.001,0.111))
[movedbg #1644] pre(grounded=False, jumping=False, normal=(0.000,1.000,0.000), vel=(0.000,0.000,0.000)) probe(trace_dist=0.0508, hit=False, normal_y=None, fraction=None) post(grounded=False, vel=(0.000,-0.082,0.000), horiz_speed=0.000, pos=(-23.626,-0.001,0.111))
[movedbg #1645] pre(grounded=False, jumping=False, normal=(0.000,1.000,0.000), vel=(0.000,-0.082,0.000)) probe(trace_dist=0.0508, hit=False, normal_y=None, fraction=None) post(grounded=True, vel=(0.000,0.000,0.000), horiz_speed=0.000, pos=(-23.626,-0.001,0.111))
[movedbg #1646] pre(grounded=False, jumping=False, normal=(0.000,1.000,0.000), vel=(0.000,0.000,0.000)) probe(trace_dist=0.0508, hit=False, normal_y=None, fraction=None) post(grounded=False, vel=(0.000,-0.082,0.000), horiz_speed=0.000, pos=(-23.626,-0.001,0.111))
[movedbg #1647] pre(grounded=False, jumping=False, normal=(0.000,1.000,0.000), vel=(0.000,-0.082,0.000)) probe(trace_dist=0.0508, hit=False, normal_y=None, fraction=None) post(grounded=True, vel=(0.000,0.000,0.000), horiz_speed=0.000, pos=(-23.627,-0.000,0.111))
[movedbg #1648] pre(grounded=False, jumping=False, normal=(0.000,1.000,0.000), vel=(0.000,0.000,0.000)) probe(trace_dist=0.0508, hit=False, normal_y=None, fraction=None) post(grounded=False, vel=(0.000,-0.082,0.000), horiz_speed=0.000, pos=(-23.627,-0.001,0.111))
[movedbg #1649] pre(grounded=False, jumping=False, normal=(0.000,1.000,0.000), vel=(0.000,-0.082,0.000)) probe(trace_dist=0.0508, hit=False, normal_y=None, fraction=None) post(grounded=True, vel=(0.000,0.000,0.000), horiz_speed=0.000, pos=(-23.627,-0.001,0.111))
[movedbg #1650] pre(grounded=False, jumping=False, normal=(0.000,1.000,0.000), vel=(0.000,0.000,0.000)) probe(trace_dist=0.0508, hit=False, normal_y=None, fraction=None) post(grounded=False, vel=(0.000,-0.082,0.000), horiz_speed=0.000, pos=(-23.627,-0.002,0.111))
[movedbg #1651] pre(grounded=False, jumping=False, normal=(0.000,1.000,0.000), vel=(0.000,-0.082,0.000)) probe(trace_dist=0.0508, hit=False, normal_y=None, fraction=None) post(grounded=True, vel=(0.000,0.000,0.000), horiz_speed=0.000, pos=(-23.628,-0.001,0.111))
[movedbg #1652] pre(grounded=False, jumping=False, normal=(0.000,1.000,0.000), vel=(0.000,0.000,0.000)) probe(trace_dist=0.0508, hit=False, normal_y=None, fraction=None) post(grounded=False, vel=(0.000,-0.082,0.000), horiz_speed=0.000, pos=(-23.628,-0.002,0.111))
[movedbg #1653] pre(grounded=False, jumping=False, normal=(0.000,1.000,0.000), vel=(0.000,-0.082,0.000)) probe(trace_dist=0.0508, hit=False, normal_y=None, fraction=None) post(grounded=True, vel=(0.000,0.000,0.000), horiz_speed=0.000, pos=(-23.628,-0.001,0.111))
[movedbg #1654] pre(grounded=False, jumping=False, normal=(0.000,1.000,0.000), vel=(0.000,0.000,0.000)) probe(trace_dist=0.0508, hit=False, normal_y=None, fraction=None) post(grounded=False, vel=(0.000,-0.082,0.000), horiz_speed=0.000, pos=(-23.628,-0.001,0.111))
[movedbg #1655] pre(grounded=False, jumping=False, normal=(0.000,1.000,0.000), vel=(0.000,-0.082,0.000)) probe(trace_dist=0.0508, hit=False, normal_y=None, fraction=None) post(grounded=True, vel=(0.000,0.000,0.000), horiz_speed=0.000, pos=(-23.628,-0.002,0.111))
[movedbg #1656] pre(grounded=False, jumping=False, normal=(0.000,1.000,0.000), vel=(0.000,0.000,0.000)) probe(trace_dist=0.0508, hit=False, normal_y=None, fraction=None) post(grounded=False, vel=(0.000,-0.082,0.000), horiz_speed=0.000, pos=(-23.628,-0.002,0.111))
[movedbg #1657] pre(grounded=False, jumping=False, normal=(0.000,1.000,0.000), vel=(0.000,-0.082,0.000)) probe(trace_dist=0.0508, hit=False, normal_y=None, fraction=None) post(grounded=True, vel=(0.000,0.000,0.000), horiz_speed=0.000, pos=(-23.629,-0.001,0.111))
[movedbg #1658] pre(grounded=False, jumping=False, normal=(0.000,1.000,0.000), vel=(0.000,0.000,0.000)) probe(trace_dist=0.0508, hit=False, normal_y=None, fraction=None) post(grounded=False, vel=(0.000,-0.082,0.000), horiz_speed=0.000, pos=(-23.629,-0.002,0.111))
[movedbg #1659] pre(grounded=False, jumping=False, normal=(0.000,1.000,0.000), vel=(0.000,-0.082,0.000)) probe(trace_dist=0.0508, hit=False, normal_y=None, fraction=None) post(grounded=True, vel=(0.000,0.000,0.000), horiz_speed=0.000, pos=(-23.629,-0.001,0.111))
[movedbg #1660] pre(grounded=False, jumping=False, normal=(0.000,1.000,0.000), vel=(0.000,0.000,0.000)) probe(trace_dist=0.0508, hit=False, normal_y=None, fraction=None) post(grounded=False, vel=(0.000,-0.082,0.000), horiz_speed=0.000, pos=(-23.629,-0.002,0.111))
[movedbg #1661] pre(grounded=False, jumping=False, normal=(0.000,1.000,0.000), vel=(0.000,-0.082,0.000)) probe(trace_dist=0.0508, hit=False, normal_y=None, fraction=None) post(grounded=True, vel=(0.000,0.000,0.000), horiz_speed=0.000, pos=(-23.629,-0.002,0.111))
[movedbg #1662] pre(grounded=False, jumping=False, normal=(0.000,1.000,0.000), vel=(0.000,0.000,0.000)) probe(trace_dist=0.0508, hit=False, normal_y=None, fraction=None) post(grounded=False, vel=(0.000,-0.082,0.000), horiz_speed=0.000, pos=(-23.629,-0.003,0.111))
[movedbg #1663] pre(grounded=False, jumping=False, normal=(0.000,1.000,0.000), vel=(0.000,-0.082,0.000)) probe(trace_dist=0.0508, hit=False, normal_y=None, fraction=None) post(grounded=True, vel=(0.000,0.000,0.000), horiz_speed=0.000, pos=(-23.630,-0.002,0.111))
[movedbg #1664] pre(grounded=False, jumping=False, normal=(0.000,1.000,0.000), vel=(0.000,0.000,0.000)) probe(trace_dist=0.0508, hit=False, normal_y=None, fraction=None) post(grounded=False, vel=(0.000,-0.082,0.000), horiz_speed=0.000, pos=(-23.630,-0.003,0.111))
[movedbg #1665] pre(grounded=False, jumping=False, normal=(0.000,1.000,0.000), vel=(0.000,-0.082,0.000)) probe(trace_dist=0.0508, hit=False, normal_y=None, fraction=None) post(grounded=True, vel=(0.000,0.000,0.000), horiz_speed=0.000, pos=(-23.630,-0.002,0.111))
[movedbg #1666] pre(grounded=False, jumping=False, normal=(0.000,1.000,0.000), vel=(0.000,0.000,0.000)) probe(trace_dist=0.0508, hit=False, normal_y=None, fraction=None) post(grounded=False, vel=(0.000,-0.082,0.000), horiz_speed=0.000, pos=(-23.630,-0.002,0.111))
[movedbg #1667] pre(grounded=False, jumping=False, normal=(0.000,1.000,0.000), vel=(0.000,-0.082,0.000)) probe(trace_dist=0.0508, hit=False, normal_y=None, fraction=None) post(grounded=True, vel=(0.000,0.000,0.000), horiz_speed=0.000, pos=(-23.630,-0.003,0.111))
[movedbg #1668] pre(grounded=False, jumping=False, normal=(0.000,1.000,0.000), vel=(0.000,0.000,0.000)) probe(trace_dist=0.0508, hit=False, normal_y=None, fraction=None) post(grounded=False, vel=(0.000,-0.082,0.000), horiz_speed=0.000, pos=(-23.630,-0.003,0.111))
[movedbg #1669] pre(grounded=False, jumping=False, normal=(0.000,1.000,0.000), vel=(0.000,-0.082,0.000)) probe(trace_dist=0.0508, hit=False, normal_y=None, fraction=None) post(grounded=True, vel=(0.000,0.000,0.000), horiz_speed=0.000, pos=(-23.631,-0.002,0.111))
[movedbg #1670] pre(grounded=False, jumping=False, normal=(0.000,1.000,0.000), vel=(0.000,0.000,0.000)) probe(trace_dist=0.0508, hit=False, normal_y=None, fraction=None) post(grounded=False, vel=(0.000,-0.082,0.000), horiz_speed=0.000, pos=(-23.631,-0.003,0.111))
[movedbg #1671] pre(grounded=False, jumping=False, normal=(0.000,1.000,0.000), vel=(0.000,-0.082,0.000)) probe(trace_dist=0.0508, hit=False, normal_y=None, fraction=None) post(grounded=True, vel=(0.000,0.000,0.000), horiz_speed=0.000, pos=(-23.631,-0.002,0.111))
[movedbg #1672] pre(grounded=False, jumping=False, normal=(0.000,1.000,0.000), vel=(0.000,0.000,0.000)) probe(trace_dist=0.0508, hit=False, normal_y=None, fraction=None) post(grounded=False, vel=(0.000,-0.082,0.000), horiz_speed=0.000, pos=(-23.631,-0.003,0.111))
[movedbg #1673] pre(grounded=False, jumping=False, normal=(0.000,1.000,0.000), vel=(0.000,-0.082,0.000)) probe(trace_dist=0.0508, hit=False, normal_y=None, fraction=None) post(grounded=True, vel=(0.000,0.000,0.000), horiz_speed=0.000, pos=(-23.632,-0.003,0.111))
[movedbg #1674] pre(grounded=False, jumping=False, normal=(0.000,1.000,0.000), vel=(0.000,0.000,0.000)) probe(trace_dist=0.0508, hit=False, normal_y=None, fraction=None) post(grounded=True, vel=(0.000,0.000,0.000), horiz_speed=0.000, pos=(-23.632,-0.002,0.111))
[movedbg #1675] pre(grounded=False, jumping=False, normal=(0.000,1.000,0.000), vel=(0.000,0.000,0.000)) probe(trace_dist=0.0508, hit=False, normal_y=None, fraction=None) post(grounded=False, vel=(0.000,-0.082,0.000), horiz_speed=0.000, pos=(-23.632,-0.003,0.111))
[movedbg #1676] pre(grounded=False, jumping=False, normal=(0.000,1.000,0.000), vel=(0.000,-0.082,0.000)) probe(trace_dist=0.0508, hit=False, normal_y=None, fraction=None) post(grounded=False, vel=(0.000,-0.164,0.000), horiz_speed=0.000, pos=(-23.632,-0.004,0.111))
[movedbg #1677] pre(grounded=False, jumping=False, normal=(0.000,1.000,0.000), vel=(0.000,-0.164,0.000)) probe(trace_dist=0.0508, hit=False, normal_y=None, fraction=None) post(grounded=True, vel=(0.000,0.000,0.000), horiz_speed=0.000, pos=(-23.632,-0.003,0.111))
[movedbg #1678] pre(grounded=False, jumping=False, normal=(0.000,1.000,0.000), vel=(0.000,0.000,0.000)) probe(trace_dist=0.0508, hit=False, normal_y=None, fraction=None) post(grounded=False, vel=(0.000,-0.082,0.000), horiz_speed=0.000, pos=(-23.632,-0.004,0.111))
[movedbg #1679] pre(grounded=False, jumping=False, normal=(0.000,1.000,0.000), vel=(0.000,-0.082,0.000)) probe(trace_dist=0.0508, hit=False, normal_y=None, fraction=None) post(grounded=True, vel=(0.000,0.000,0.000), horiz_speed=0.000, pos=(-23.633,-0.003,0.111))
[movedbg #1680] pre(grounded=False, jumping=False, normal=(0.000,1.000,0.000), vel=(0.000,0.000,0.000)) probe(trace_dist=0.0508, hit=False, normal_y=None, fraction=None) post(grounded=False, vel=(0.000,-0.082,0.000), horiz_speed=0.000, pos=(-23.633,-0.004,0.111))
[movedbg #1681] pre(grounded=False, jumping=False, normal=(0.000,1.000,0.000), vel=(0.000,-0.082,0.000)) probe(trace_dist=0.0508, hit=False, normal_y=None, fraction=None) post(grounded=True, vel=(0.000,0.000,0.000), horiz_speed=0.000, pos=(-23.633,-0.003,0.111))
[movedbg #1682] pre(grounded=False, jumping=False, normal=(0.000,1.000,0.000), vel=(0.000,0.000,0.000)) probe(trace_dist=0.0508, hit=False, normal_y=None, fraction=None) post(grounded=False, vel=(0.000,-0.082,0.000), horiz_speed=0.000, pos=(-23.633,-0.003,0.111))
[movedbg #1683] pre(grounded=False, jumping=False, normal=(0.000,1.000,0.000), vel=(0.000,-0.082,0.000)) probe(trace_dist=0.0508, hit=False, normal_y=None, fraction=None) post(grounded=True, vel=(0.000,0.000,0.000), horiz_speed=0.000, pos=(-23.633,-0.004,0.111))
[movedbg #1684] pre(grounded=False, jumping=False, normal=(0.000,1.000,0.000), vel=(0.000,0.000,0.000)) probe(trace_dist=0.0508, hit=False, normal_y=None, fraction=None) post(grounded=False, vel=(0.000,-0.082,0.000), horiz_speed=0.000, pos=(-23.633,-0.004,0.111))
[movedbg #1685] pre(grounded=False, jumping=False, normal=(0.000,1.000,0.000), vel=(0.000,-0.082,0.000)) probe(trace_dist=0.0508, hit=False, normal_y=None, fraction=None) post(grounded=True, vel=(0.000,0.000,0.000), horiz_speed=0.000, pos=(-23.634,-0.003,0.111))
[movedbg #1686] pre(grounded=False, jumping=False, normal=(0.000,1.000,0.000), vel=(0.000,0.000,0.000)) probe(trace_dist=0.0508, hit=False, normal_y=None, fraction=None) post(grounded=False, vel=(0.000,-0.082,0.000), horiz_speed=0.000, pos=(-23.634,-0.004,0.111))
[movedbg #1687] pre(grounded=False, jumping=False, normal=(0.000,1.000,0.000), vel=(0.000,-0.082,0.000)) probe(trace_dist=0.0508, hit=False, normal_y=None, fraction=None) post(grounded=True, vel=(0.000,0.000,0.000), horiz_speed=0.000, pos=(-23.634,-0.003,0.111))
[movedbg #1688] pre(grounded=False, jumping=False, normal=(0.000,1.000,0.000), vel=(0.000,0.000,0.000)) probe(trace_dist=0.0508, hit=False, normal_y=None, fraction=None) post(grounded=False, vel=(0.000,-0.082,0.000), horiz_speed=0.000, pos=(-23.634,-0.004,0.111))
[movedbg #1689] pre(grounded=False, jumping=False, normal=(0.000,1.000,0.000), vel=(0.000,-0.082,0.000)) probe(trace_dist=0.0508, hit=False, normal_y=None, fraction=None) post(grounded=True, vel=(0.000,0.000,0.000), horiz_speed=0.000, pos=(-23.635,-0.004,0.111))
[movedbg #1690] pre(grounded=False, jumping=False, normal=(0.000,1.000,0.000), vel=(0.000,0.000,0.000)) probe(trace_dist=0.0508, hit=False, normal_y=None, fraction=None) post(grounded=False, vel=(0.000,-0.082,0.000), horiz_speed=0.000, pos=(-23.635,-0.005,0.111))
[movedbg #1691] pre(grounded=False, jumping=False, normal=(0.000,1.000,0.000), vel=(0.000,-0.082,0.000)) probe(trace_dist=0.0508, hit=False, normal_y=None, fraction=None) post(grounded=True, vel=(0.000,0.000,0.000), horiz_speed=0.000, pos=(-23.635,-0.004,0.111))
[movedbg #1692] pre(grounded=False, jumping=False, normal=(0.000,1.000,0.000), vel=(0.000,0.000,0.000)) probe(trace_dist=0.0508, hit=False, normal_y=None, fraction=None) post(grounded=False, vel=(0.000,-0.082,0.000), horiz_speed=0.000, pos=(-23.635,-0.005,0.111))
[movedbg #1693] pre(grounded=False, jumping=False, normal=(0.000,1.000,0.000), vel=(0.000,-0.082,0.000)) probe(trace_dist=0.0508, hit=False, normal_y=None, fraction=None) post(grounded=True, vel=(0.000,0.000,0.000), horiz_speed=0.000, pos=(-23.635,-0.004,0.111))
[movedbg #1694] pre(grounded=False, jumping=False, normal=(0.000,1.000,0.000), vel=(0.000,0.000,0.000)) probe(trace_dist=0.0508, hit=False, normal_y=None, fraction=None) post(grounded=False, vel=(0.000,-0.082,0.000), horiz_speed=0.000, pos=(-23.635,-0.004,0.111))
[movedbg #1695] pre(grounded=False, jumping=False, normal=(0.000,1.000,0.000), vel=(0.000,-0.082,0.000)) probe(trace_dist=0.0508, hit=False, normal_y=None, fraction=None) post(grounded=True, vel=(0.000,0.000,0.000), horiz_speed=0.000, pos=(-23.636,-0.005,0.111))
[movedbg #1696] pre(grounded=False, jumping=False, normal=(0.000,1.000,0.000), vel=(0.000,0.000,0.000)) probe(trace_dist=0.0508, hit=False, normal_y=None, fraction=None) post(grounded=False, vel=(0.000,-0.082,0.000), horiz_speed=0.000, pos=(-23.636,-0.005,0.111))
[movedbg #1697] pre(grounded=False, jumping=False, normal=(0.000,1.000,0.000), vel=(0.000,-0.082,0.000)) probe(trace_dist=0.0508, hit=False, normal_y=None, fraction=None) post(grounded=True, vel=(0.000,0.000,0.000), horiz_speed=0.000, pos=(-23.636,-0.004,0.111))
[movedbg #1698] pre(grounded=False, jumping=False, normal=(0.000,1.000,0.000), vel=(0.000,0.000,0.000)) probe(trace_dist=0.0508, hit=False, normal_y=None, fraction=None) post(grounded=False, vel=(0.000,-0.082,0.000), horiz_speed=0.000, pos=(-23.636,-0.005,0.111))
[movedbg #1699] pre(grounded=False, jumping=False, normal=(0.000,1.000,0.000), vel=(0.000,-0.082,0.000)) probe(trace_dist=0.0508, hit=False, normal_y=None, fraction=None) post(grounded=True, vel=(0.000,0.000,0.000), horiz_speed=0.000, pos=(-23.636,-0.004,0.111))
[movedbg #1700] pre(grounded=False, jumping=False, normal=(0.000,1.000,0.000), vel=(0.000,0.000,0.000)) probe(trace_dist=0.0508, hit=False, normal_y=None, fraction=None) post(grounded=False, vel=(0.000,-0.082,0.000), horiz_speed=0.000, pos=(-23.636,-0.005,0.111))
[movedbg #1701] pre(grounded=False, jumping=False, normal=(0.000,1.000,0.000), vel=(0.000,-0.082,0.000)) probe(trace_dist=0.0508, hit=False, normal_y=None, fraction=None) post(grounded=True, vel=(0.000,0.000,0.000), horiz_speed=0.000, pos=(-23.637,-0.005,0.111))
[movedbg #1702] pre(grounded=False, jumping=False, normal=(0.000,1.000,0.000), vel=(0.000,0.000,0.000)) probe(trace_dist=0.0508, hit=False, normal_y=None, fraction=None) post(grounded=False, vel=(0.000,-0.082,0.000), horiz_speed=0.000, pos=(-23.637,-0.006,0.111))
[movedbg #1703] pre(grounded=False, jumping=False, normal=(0.000,1.000,0.000), vel=(0.000,-0.082,0.000)) probe(trace_dist=0.0508, hit=False, normal_y=None, fraction=None) post(grounded=True, vel=(0.000,0.000,0.000), horiz_speed=0.000, pos=(-23.637,-0.005,0.111))
[movedbg #1704] pre(grounded=False, jumping=False, normal=(0.000,1.000,0.000), vel=(0.000,0.000,0.000)) probe(trace_dist=0.0508, hit=False, normal_y=None, fraction=None) post(grounded=False, vel=(0.000,-0.082,0.000), horiz_speed=0.000, pos=(-23.637,-0.005,0.111))
[movedbg #1705] pre(grounded=False, jumping=False, normal=(0.000,1.000,0.000), vel=(0.000,-0.082,0.000)) probe(trace_dist=0.0508, hit=False, normal_y=None, fraction=None) post(grounded=True, vel=(0.000,0.000,0.000), horiz_speed=0.000, pos=(-23.638,-0.005,0.111))
[movedbg #1706] pre(grounded=False, jumping=False, normal=(0.000,1.000,0.000), vel=(0.000,0.000,0.000)) probe(trace_dist=0.0508, hit=False, normal_y=None, fraction=None) post(grounded=False, vel=(0.000,-0.082,0.000), horiz_speed=0.000, pos=(-23.638,-0.005,0.111))
[movedbg #1707] pre(grounded=False, jumping=False, normal=(0.000,1.000,0.000), vel=(0.000,-0.082,0.000)) probe(trace_dist=0.0508, hit=False, normal_y=None, fraction=None) post(grounded=True, vel=(0.000,0.000,0.000), horiz_speed=0.000, pos=(-23.638,-0.005,0.111))
[movedbg #1708] pre(grounded=False, jumping=False, normal=(0.000,1.000,0.000), vel=(0.000,0.000,0.000)) probe(trace_dist=0.0508, hit=False, normal_y=None, fraction=None) post(grounded=False, vel=(0.000,-0.082,0.000), horiz_speed=0.000, pos=(-23.638,-0.006,0.111))
[movedbg #1709] pre(grounded=False, jumping=False, normal=(0.000,1.000,0.000), vel=(0.000,-0.082,0.000)) probe(trace_dist=0.0508, hit=False, normal_y=None, fraction=None) post(grounded=True, vel=(0.000,0.000,0.000), horiz_speed=0.000, pos=(-23.638,-0.005,0.111))
[movedbg #1710] pre(grounded=False, jumping=False, normal=(0.000,1.000,0.000), vel=(0.000,0.000,0.000)) probe(trace_dist=0.0508, hit=False, normal_y=None, fraction=None) post(grounded=False, vel=(0.000,-0.082,0.000), horiz_speed=0.000, pos=(-23.638,-0.006,0.111))
[movedbg #1711] pre(grounded=False, jumping=False, normal=(0.000,1.000,0.000), vel=(0.000,-0.082,0.000)) probe(trace_dist=0.0508, hit=False, normal_y=None, fraction=None) post(grounded=True, vel=(0.000,0.000,0.000), horiz_speed=0.000, pos=(-23.639,-0.005,0.111))
[movedbg #1712] pre(grounded=False, jumping=False, normal=(0.000,1.000,0.000), vel=(0.000,0.000,0.000)) probe(trace_dist=0.0508, hit=False, normal_y=None, fraction=None) post(grounded=False, vel=(0.000,-0.082,0.000), horiz_speed=0.000, pos=(-23.639,-0.006,0.111))
[movedbg #1713] pre(grounded=False, jumping=False, normal=(0.000,1.000,0.000), vel=(0.000,-0.082,0.000)) probe(trace_dist=0.0508, hit=False, normal_y=None, fraction=None) post(grounded=True, vel=(0.000,0.000,0.000), horiz_speed=0.000, pos=(-23.639,-0.006,0.111))
[movedbg #1714] pre(grounded=False, jumping=False, normal=(0.000,1.000,0.000), vel=(0.000,0.000,0.000)) probe(trace_dist=0.0508, hit=False, normal_y=None, fraction=None) post(grounded=False, vel=(0.000,-0.082,0.000), horiz_speed=0.000, pos=(-23.639,-0.007,0.111))
[movedbg #1715] pre(grounded=False, jumping=False, normal=(0.000,1.000,0.000), vel=(0.000,-0.082,0.000)) probe(trace_dist=0.0508, hit=False, normal_y=None, fraction=None) post(grounded=True, vel=(0.000,0.000,0.000), horiz_speed=0.000, pos=(-23.639,-0.006,0.111))
[movedbg #1716] pre(grounded=False, jumping=False, normal=(0.000,1.000,0.000), vel=(0.000,0.000,0.000)) probe(trace_dist=0.0508, hit=False, normal_y=None, fraction=None) post(grounded=False, vel=(0.000,-0.082,0.000), horiz_speed=0.000, pos=(-23.639,-0.006,0.111))
[movedbg #1717] pre(grounded=False, jumping=False, normal=(0.000,1.000,0.000), vel=(0.000,-0.082,0.000)) probe(trace_dist=0.0508, hit=False, normal_y=None, fraction=None) post(grounded=True, vel=(0.000,0.000,0.000), horiz_speed=0.000, pos=(-23.640,-0.005,0.111))
[movedbg #1718] pre(grounded=False, jumping=False, normal=(0.000,1.000,0.000), vel=(0.000,0.000,0.000)) probe(trace_dist=0.0508, hit=False, normal_y=None, fraction=None) post(grounded=False, vel=(0.000,-0.082,0.000), horiz_speed=0.000, pos=(-23.640,-0.006,0.111))
[movedbg #1719] pre(grounded=False, jumping=False, normal=(0.000,1.000,0.000), vel=(0.000,-0.082,0.000)) probe(trace_dist=0.0508, hit=False, normal_y=None, fraction=None) post(grounded=True, vel=(0.000,0.000,0.000), horiz_speed=0.000, pos=(-23.640,-0.006,0.111))
[movedbg #1720] pre(grounded=False, jumping=False, normal=(0.000,1.000,0.000), vel=(0.000,0.000,0.000)) probe(trace_dist=0.0508, hit=False, normal_y=None, fraction=None) post(grounded=False, vel=(0.000,-0.082,0.000), horiz_speed=0.000, pos=(-23.640,-0.007,0.111))
[movedbg #1721] pre(grounded=False, jumping=False, normal=(0.000,1.000,0.000), vel=(0.000,-0.082,0.000)) probe(trace_dist=0.0508, hit=False, normal_y=None, fraction=None) post(grounded=True, vel=(0.000,0.000,0.000), horiz_speed=0.000, pos=(-23.640,-0.006,0.111))
[movedbg #1722] pre(grounded=False, jumping=False, normal=(0.000,1.000,0.000), vel=(0.000,0.000,0.000)) probe(trace_dist=0.0508, hit=False, normal_y=None, fraction=None) post(grounded=False, vel=(0.000,-0.082,0.000), horiz_speed=0.000, pos=(-23.640,-0.007,0.111))
[movedbg #1723] pre(grounded=False, jumping=False, normal=(0.000,1.000,0.000), vel=(0.000,-0.082,0.000)) probe(trace_dist=0.0508, hit=False, normal_y=None, fraction=None) post(grounded=True, vel=(0.000,0.000,0.000), horiz_speed=0.000, pos=(-23.641,-0.006,0.111))
[movedbg #1724] pre(grounded=False, jumping=False, normal=(0.000,1.000,0.000), vel=(0.000,0.000,0.000)) probe(trace_dist=0.0508, hit=False, normal_y=None, fraction=None) post(grounded=False, vel=(0.000,-0.082,0.000), horiz_speed=0.000, pos=(-23.641,-0.007,0.111))
[movedbg #1725] pre(grounded=False, jumping=False, normal=(0.000,1.000,0.000), vel=(0.000,-0.082,0.000)) probe(trace_dist=0.0508, hit=False, normal_y=None, fraction=None) post(grounded=True, vel=(0.000,0.000,0.000), horiz_speed=0.000, pos=(-23.641,-0.007,0.111))
[movedbg #1726] pre(grounded=False, jumping=False, normal=(0.000,1.000,0.000), vel=(0.000,0.000,0.000)) probe(trace_dist=0.0508, hit=False, normal_y=None, fraction=None) post(grounded=False, vel=(0.000,-0.082,0.000), horiz_speed=0.000, pos=(-23.641,-0.007,0.111))
[movedbg #1727] pre(grounded=False, jumping=False, normal=(0.000,1.000,0.000), vel=(0.000,-0.082,0.000)) probe(trace_dist=0.0508, hit=False, normal_y=None, fraction=None) post(grounded=True, vel=(0.000,0.000,0.000), horiz_speed=0.000, pos=(-23.642,-0.007,0.111))
[movedbg #1728] pre(grounded=False, jumping=False, normal=(0.000,1.000,0.000), vel=(0.000,0.000,0.000)) probe(trace_dist=0.0508, hit=False, normal_y=None, fraction=None) post(grounded=False, vel=(0.000,-0.082,0.000), horiz_speed=0.000, pos=(-23.642,-0.007,0.111))
[movedbg #1729] pre(grounded=False, jumping=False, normal=(0.000,1.000,0.000), vel=(0.000,-0.082,0.000)) probe(trace_dist=0.0508, hit=False, normal_y=None, fraction=None) post(grounded=True, vel=(0.000,0.000,0.000), horiz_speed=0.000, pos=(-23.642,-0.006,0.111))
[movedbg #1730] pre(grounded=False, jumping=False, normal=(0.000,1.000,0.000), vel=(0.000,0.000,0.000)) probe(trace_dist=0.0508, hit=False, normal_y=None, fraction=None) post(grounded=False, vel=(0.000,-0.082,0.000), horiz_speed=0.000, pos=(-23.642,-0.007,0.111))
[movedbg #1731] pre(grounded=False, jumping=False, normal=(0.000,1.000,0.000), vel=(0.000,-0.082,0.000)) probe(trace_dist=0.0508, hit=False, normal_y=None, fraction=None) post(grounded=True, vel=(0.000,0.000,0.000), horiz_speed=0.000, pos=(-23.642,-0.007,0.111))
[movedbg #1732] pre(grounded=False, jumping=False, normal=(0.000,1.000,0.000), vel=(0.000,0.000,0.000)) probe(trace_dist=0.0508, hit=False, normal_y=None, fraction=None) post(grounded=False, vel=(0.000,-0.082,0.000), horiz_speed=0.000, pos=(-23.642,-0.008,0.111))
[movedbg #1733] pre(grounded=False, jumping=False, normal=(0.000,1.000,0.000), vel=(0.000,-0.082,0.000)) probe(trace_dist=0.0508, hit=False, normal_y=None, fraction=None) post(grounded=True, vel=(0.000,0.000,0.000), horiz_speed=0.000, pos=(-23.643,-0.007,0.111))
[movedbg #1734] pre(grounded=False, jumping=False, normal=(0.000,1.000,0.000), vel=(0.000,0.000,0.000)) probe(trace_dist=0.0508, hit=False, normal_y=None, fraction=None) post(grounded=False, vel=(0.000,-0.082,0.000), horiz_speed=0.000, pos=(-23.643,-0.008,0.111))
[movedbg #1735] pre(grounded=False, jumping=False, normal=(0.000,1.000,0.000), vel=(0.000,-0.082,0.000)) probe(trace_dist=0.0508, hit=False, normal_y=None, fraction=None) post(grounded=True, vel=(0.000,0.000,0.000), horiz_speed=0.000, pos=(-23.643,-0.007,0.111))
[movedbg #1736] pre(grounded=False, jumping=False, normal=(0.000,1.000,0.000), vel=(0.000,0.000,0.000)) probe(trace_dist=0.0508, hit=False, normal_y=None, fraction=None) post(grounded=False, vel=(0.000,-0.082,0.000), horiz_speed=0.000, pos=(-23.643,-0.007,0.111))
[movedbg #1737] pre(grounded=False, jumping=False, normal=(0.000,1.000,0.000), vel=(0.000,-0.082,0.000)) probe(trace_dist=0.0508, hit=False, normal_y=None, fraction=None) post(grounded=True, vel=(0.000,0.000,0.000), horiz_speed=0.000, pos=(-23.643,-0.008,0.111))
[movedbg #1738] pre(grounded=False, jumping=False, normal=(0.000,1.000,0.000), vel=(0.000,0.000,0.000)) probe(trace_dist=0.0508, hit=False, normal_y=None, fraction=None) post(grounded=False, vel=(0.000,-0.082,0.000), horiz_speed=0.000, pos=(-23.643,-0.008,0.111))
[movedbg #1739] pre(grounded=False, jumping=False, normal=(0.000,1.000,0.000), vel=(0.000,-0.082,0.000)) probe(trace_dist=0.0508, hit=False, normal_y=None, fraction=None) post(grounded=True, vel=(0.000,0.000,0.000), horiz_speed=0.000, pos=(-23.644,-0.007,0.111))
[movedbg #1740] pre(grounded=False, jumping=False, normal=(0.000,1.000,0.000), vel=(0.000,0.000,0.000)) probe(trace_dist=0.0508, hit=False, normal_y=None, fraction=None) post(grounded=False, vel=(0.000,-0.082,0.000), horiz_speed=0.000, pos=(-23.644,-0.008,0.111))
[movedbg #1741] pre(grounded=False, jumping=False, normal=(0.000,1.000,0.000), vel=(0.000,-0.082,0.000)) probe(trace_dist=0.0508, hit=False, normal_y=None, fraction=None) post(grounded=True, vel=(0.000,0.000,0.000), horiz_speed=0.000, pos=(-23.644,-0.007,0.111))
[movedbg #1742] pre(grounded=False, jumping=False, normal=(0.000,1.000,0.000), vel=(0.000,0.000,0.000)) probe(trace_dist=0.0508, hit=False, normal_y=None, fraction=None) post(grounded=False, vel=(0.000,-0.082,0.000), horiz_speed=0.000, pos=(-23.644,-0.008,0.111))
[movedbg #1743] pre(grounded=False, jumping=False, normal=(0.000,1.000,0.000), vel=(0.000,-0.082,0.000)) probe(trace_dist=0.0508, hit=False, normal_y=None, fraction=None) post(grounded=True, vel=(0.000,0.000,0.000), horiz_speed=0.000, pos=(-23.645,-0.008,0.111))
[movedbg #1744] pre(grounded=False, jumping=False, normal=(0.000,1.000,0.000), vel=(0.000,0.000,0.000)) probe(trace_dist=0.0508, hit=False, normal_y=None, fraction=None) post(grounded=False, vel=(0.000,-0.082,0.000), horiz_speed=0.000, pos=(-23.645,-0.009,0.111))
[movedbg #1745] pre(grounded=False, jumping=False, normal=(0.000,1.000,0.000), vel=(0.000,-0.082,0.000)) probe(trace_dist=0.0508, hit=False, normal_y=None, fraction=None) post(grounded=True, vel=(0.000,0.000,0.000), horiz_speed=0.000, pos=(-23.645,-0.008,0.111))
[movedbg #1746] pre(grounded=False, jumping=False, normal=(0.000,1.000,0.000), vel=(0.000,0.000,0.000)) probe(trace_dist=0.0508, hit=False, normal_y=None, fraction=None) post(grounded=False, vel=(0.000,-0.082,0.000), horiz_speed=0.000, pos=(-23.645,-0.009,0.111))
[movedbg #1747] pre(grounded=False, jumping=False, normal=(0.000,1.000,0.000), vel=(0.000,-0.082,0.000)) probe(trace_dist=0.0508, hit=False, normal_y=None, fraction=None) post(grounded=True, vel=(0.000,0.000,0.000), horiz_speed=0.000, pos=(-23.645,-0.008,0.111))
[movedbg #1748] pre(grounded=False, jumping=False, normal=(0.000,1.000,0.000), vel=(0.000,0.000,0.000)) probe(trace_dist=0.0508, hit=False, normal_y=None, fraction=None) post(grounded=False, vel=(0.000,-0.082,0.000), horiz_speed=0.000, pos=(-23.645,-0.008,0.111))
[movedbg #1749] pre(grounded=False, jumping=False, normal=(0.000,1.000,0.000), vel=(0.000,-0.082,0.000)) probe(trace_dist=0.0508, hit=False, normal_y=None, fraction=None) post(grounded=True, vel=(0.000,0.000,0.000), horiz_speed=0.000, pos=(-23.646,-0.009,0.111))
[movedbg #1750] pre(grounded=False, jumping=False, normal=(0.000,1.000,0.000), vel=(0.000,0.000,0.000)) probe(trace_dist=0.0508, hit=False, normal_y=None, fraction=None) post(grounded=False, vel=(0.000,-0.082,0.000), horiz_speed=0.000, pos=(-23.646,-0.009,0.111))
[movedbg #1751] pre(grounded=False, jumping=False, normal=(0.000,1.000,0.000), vel=(0.000,-0.082,0.000)) probe(trace_dist=0.0508, hit=False, normal_y=None, fraction=None) post(grounded=True, vel=(0.000,0.000,0.000), horiz_speed=0.000, pos=(-23.646,-0.008,0.111))
[movedbg #1752] pre(grounded=False, jumping=False, normal=(0.000,1.000,0.000), vel=(0.000,0.000,0.000)) probe(trace_dist=0.0508, hit=False, normal_y=None, fraction=None) post(grounded=False, vel=(0.000,-0.082,0.000), horiz_speed=0.000, pos=(-23.646,-0.009,0.111))
[movedbg #1753] pre(grounded=False, jumping=False, normal=(0.000,1.000,0.000), vel=(0.000,-0.082,0.000)) probe(trace_dist=0.0508, hit=False, normal_y=None, fraction=None) post(grounded=True, vel=(0.000,0.000,0.000), horiz_speed=0.000, pos=(-23.646,-0.008,0.111))
[movedbg #1754] pre(grounded=False, jumping=False, normal=(0.000,1.000,0.000), vel=(0.000,0.000,0.000)) probe(trace_dist=0.0508, hit=False, normal_y=None, fraction=None) post(grounded=False, vel=(0.000,-0.082,0.000), horiz_speed=0.000, pos=(-23.646,-0.009,0.111))
[movedbg #1755] pre(grounded=False, jumping=False, normal=(0.000,1.000,0.000), vel=(0.000,-0.082,0.000)) probe(trace_dist=0.0508, hit=False, normal_y=None, fraction=None) post(grounded=True, vel=(0.000,0.000,0.000), horiz_speed=0.000, pos=(-23.647,-0.009,0.111))
[movedbg #1756] pre(grounded=False, jumping=False, normal=(0.000,1.000,0.000), vel=(0.000,0.000,0.000)) probe(trace_dist=0.0508, hit=False, normal_y=None, fraction=None) post(grounded=False, vel=(0.000,-0.082,0.000), horiz_speed=0.000, pos=(-23.647,-0.010,0.111))
[movedbg #1757] pre(grounded=False, jumping=False, normal=(0.000,1.000,0.000), vel=(0.000,-0.082,0.000)) probe(trace_dist=0.0508, hit=False, normal_y=None, fraction=None) post(grounded=True, vel=(0.000,0.000,0.000), horiz_speed=0.000, pos=(-23.647,-0.009,0.111))
[movedbg #1758] pre(grounded=False, jumping=False, normal=(0.000,1.000,0.000), vel=(0.000,0.000,0.000)) probe(trace_dist=0.0508, hit=False, normal_y=None, fraction=None) post(grounded=False, vel=(0.000,-0.082,0.000), horiz_speed=0.000, pos=(-23.647,-0.009,0.111))
[movedbg #1759] pre(grounded=False, jumping=False, normal=(0.000,1.000,0.000), vel=(0.000,-0.082,0.000)) probe(trace_dist=0.0508, hit=False, normal_y=None, fraction=None) post(grounded=True, vel=(0.000,0.000,0.000), horiz_speed=0.000, pos=(-23.648,-0.008,0.111))
[movedbg #1760] pre(grounded=False, jumping=False, normal=(0.000,1.000,0.000), vel=(0.000,0.000,0.000)) probe(trace_dist=0.0508, hit=False, normal_y=None, fraction=None) post(grounded=False, vel=(0.000,-0.082,0.000), horiz_speed=0.000, pos=(-23.648,-0.009,0.111))
[movedbg #1761] pre(grounded=False, jumping=False, normal=(0.000,1.000,0.000), vel=(0.000,-0.082,0.000)) probe(trace_dist=0.0508, hit=False, normal_y=None, fraction=None) post(grounded=True, vel=(0.000,0.000,0.000), horiz_speed=0.000, pos=(-23.648,-0.009,0.111))
[movedbg #1762] pre(grounded=False, jumping=False, normal=(0.000,1.000,0.000), vel=(0.000,0.000,0.000)) probe(trace_dist=0.0508, hit=False, normal_y=None, fraction=None) post(grounded=False, vel=(0.000,-0.082,0.000), horiz_speed=0.000, pos=(-23.648,-0.010,0.111))
[movedbg #1763] pre(grounded=False, jumping=False, normal=(0.000,1.000,0.000), vel=(0.000,-0.082,0.000)) probe(trace_dist=0.0508, hit=False, normal_y=None, fraction=None) post(grounded=True, vel=(0.000,0.000,0.000), horiz_speed=0.000, pos=(-23.648,-0.009,0.111))
[movedbg #1764] pre(grounded=False, jumping=False, normal=(0.000,1.000,0.000), vel=(0.000,0.000,0.000)) probe(trace_dist=0.0508, hit=False, normal_y=None, fraction=None) post(grounded=False, vel=(0.000,-0.082,0.000), horiz_speed=0.000, pos=(-23.648,-0.010,0.111))
[movedbg #1765] pre(grounded=False, jumping=False, normal=(0.000,1.000,0.000), vel=(0.000,-0.082,0.000)) probe(trace_dist=0.0508, hit=False, normal_y=None, fraction=None) post(grounded=True, vel=(0.000,0.000,0.000), horiz_speed=0.000, pos=(-23.649,-0.009,0.111))
[movedbg #1766] pre(grounded=False, jumping=False, normal=(0.000,1.000,0.000), vel=(0.000,0.000,0.000)) probe(trace_dist=0.0508, hit=False, normal_y=None, fraction=None) post(grounded=False, vel=(0.000,-0.082,0.000), horiz_speed=0.000, pos=(-23.649,-0.010,0.111))
[movedbg #1767] pre(grounded=False, jumping=False, normal=(0.000,1.000,0.000), vel=(0.000,-0.082,0.000)) probe(trace_dist=0.0508, hit=False, normal_y=None, fraction=None) post(grounded=True, vel=(0.000,0.000,0.000), horiz_speed=0.000, pos=(-23.649,-0.010,0.111))
[movedbg #1768] pre(grounded=False, jumping=False, normal=(0.000,1.000,0.000), vel=(0.000,0.000,0.000)) probe(trace_dist=0.0508, hit=False, normal_y=None, fraction=None) post(grounded=False, vel=(0.000,-0.082,0.000), horiz_speed=0.000, pos=(-23.649,-0.011,0.111))
[movedbg #1769] pre(grounded=False, jumping=False, normal=(0.000,1.000,0.000), vel=(0.000,-0.082,0.000)) probe(trace_dist=0.0508, hit=False, normal_y=None, fraction=None) post(grounded=True, vel=(0.000,0.000,0.000), horiz_speed=0.000, pos=(-23.649,-0.010,0.111))
[movedbg #1770] pre(grounded=False, jumping=False, normal=(0.000,1.000,0.000), vel=(0.000,0.000,0.000)) probe(trace_dist=0.0508, hit=False, normal_y=None, fraction=None) post(grounded=False, vel=(0.000,-0.082,0.000), horiz_speed=0.000, pos=(-23.649,-0.010,0.111))
[movedbg #1771] pre(grounded=False, jumping=False, normal=(0.000,1.000,0.000), vel=(0.000,-0.082,0.000)) probe(trace_dist=0.0508, hit=False, normal_y=None, fraction=None) post(grounded=True, vel=(0.000,0.000,0.000), horiz_speed=0.000, pos=(-23.650,-0.009,0.111))
[movedbg #1772] pre(grounded=False, jumping=False, normal=(0.000,1.000,0.000), vel=(0.000,0.000,0.000)) probe(trace_dist=0.0508, hit=False, normal_y=None, fraction=None) post(grounded=False, vel=(0.000,-0.082,0.000), horiz_speed=0.000, pos=(-23.650,-0.010,0.111))
[movedbg #1773] pre(grounded=False, jumping=False, normal=(0.000,1.000,0.000), vel=(0.000,-0.082,0.000)) probe(trace_dist=0.0508, hit=False, normal_y=None, fraction=None) post(grounded=True, vel=(0.000,0.000,0.000), horiz_speed=0.000, pos=(-23.650,-0.010,0.111))
[movedbg #1774] pre(grounded=False, jumping=False, normal=(0.000,1.000,0.000), vel=(0.000,0.000,0.000)) probe(trace_dist=0.0508, hit=False, normal_y=None, fraction=None) post(grounded=False, vel=(0.000,-0.082,0.000), horiz_speed=0.000, pos=(-23.650,-0.011,0.111))
[movedbg #1775] pre(grounded=False, jumping=False, normal=(0.000,1.000,0.000), vel=(0.000,-0.082,0.000)) probe(trace_dist=0.0508, hit=False, normal_y=None, fraction=None) post(grounded=True, vel=(0.000,0.000,0.000), horiz_speed=0.000, pos=(-23.650,-0.010,0.111))
[movedbg #1776] pre(grounded=False, jumping=False, normal=(0.000,1.000,0.000), vel=(0.000,0.000,0.000)) probe(trace_dist=0.0508, hit=False, normal_y=None, fraction=None) post(grounded=False, vel=(0.000,-0.082,0.000), horiz_speed=0.000, pos=(-23.650,-0.011,0.111))
[movedbg #1777] pre(grounded=False, jumping=False, normal=(0.000,1.000,0.000), vel=(0.000,-0.082,0.000)) probe(trace_dist=0.0508, hit=False, normal_y=None, fraction=None) post(grounded=True, vel=(0.000,0.000,0.000), horiz_speed=0.000, pos=(-23.651,-0.010,0.111))
[movedbg #1778] pre(grounded=False, jumping=False, normal=(0.000,1.000,0.000), vel=(0.000,0.000,0.000)) probe(trace_dist=0.0508, hit=False, normal_y=None, fraction=None) post(grounded=False, vel=(0.000,-0.082,0.000), horiz_speed=0.000, pos=(-23.651,-0.010,0.111))
[movedbg #1779] pre(grounded=False, jumping=False, normal=(0.000,1.000,0.000), vel=(0.000,-0.082,0.000)) probe(trace_dist=0.0508, hit=False, normal_y=None, fraction=None) post(grounded=True, vel=(0.000,0.000,0.000), horiz_speed=0.000, pos=(-23.651,-0.011,0.111))
[movedbg #1780] pre(grounded=False, jumping=False, normal=(0.000,1.000,0.000), vel=(0.000,0.000,0.000)) probe(trace_dist=0.0508, hit=False, normal_y=None, fraction=None) post(grounded=False, vel=(0.000,-0.082,0.000), horiz_speed=0.000, pos=(-23.651,-0.011,0.111))
[movedbg #1781] pre(grounded=False, jumping=False, normal=(0.000,1.000,0.000), vel=(0.000,-0.082,0.000)) probe(trace_dist=0.0508, hit=False, normal_y=None, fraction=None) post(grounded=True, vel=(0.000,0.000,0.000), horiz_speed=0.000, pos=(-23.652,-0.011,0.111))
[movedbg #1782] pre(grounded=False, jumping=False, normal=(0.000,1.000,0.000), vel=(0.000,0.000,0.000)) probe(trace_dist=0.0508, hit=False, normal_y=None, fraction=None) post(grounded=False, vel=(0.000,-0.082,0.000), horiz_speed=0.000, pos=(-23.652,-0.011,0.111))
[movedbg #1783] pre(grounded=False, jumping=False, normal=(0.000,1.000,0.000), vel=(0.000,-0.082,0.000)) probe(trace_dist=0.0508, hit=False, normal_y=None, fraction=None) post(grounded=True, vel=(0.000,0.000,0.000), horiz_speed=0.000, pos=(-23.652,-0.010,0.111))
[movedbg #1784] pre(grounded=False, jumping=False, normal=(0.000,1.000,0.000), vel=(0.000,0.000,0.000)) probe(trace_dist=0.0508, hit=False, normal_y=None, fraction=None) post(grounded=False, vel=(0.000,-0.082,0.000), horiz_speed=0.000, pos=(-23.652,-0.011,0.111))
[movedbg #1785] pre(grounded=False, jumping=False, normal=(0.000,1.000,0.000), vel=(0.000,-0.082,0.000)) probe(trace_dist=0.0508, hit=False, normal_y=None, fraction=None) post(grounded=True, vel=(0.000,0.000,0.000), horiz_speed=0.000, pos=(-23.652,-0.011,0.111))
[movedbg #1786] pre(grounded=False, jumping=False, normal=(0.000,1.000,0.000), vel=(0.000,0.000,0.000)) probe(trace_dist=0.0508, hit=False, normal_y=None, fraction=None) post(grounded=False, vel=(0.000,-0.082,0.000), horiz_speed=0.000, pos=(-23.652,-0.012,0.111))
[movedbg #1787] pre(grounded=False, jumping=False, normal=(0.000,1.000,0.000), vel=(0.000,-0.082,0.000)) probe(trace_dist=0.0508, hit=False, normal_y=None, fraction=None) post(grounded=True, vel=(0.000,0.000,0.000), horiz_speed=0.000, pos=(-23.653,-0.011,0.111))
[movedbg #1788] pre(grounded=False, jumping=False, normal=(0.000,1.000,0.000), vel=(0.000,0.000,0.000)) probe(trace_dist=0.0508, hit=False, normal_y=None, fraction=None) post(grounded=False, vel=(0.000,-0.082,0.000), horiz_speed=0.000, pos=(-23.653,-0.012,0.111))
[movedbg #1789] pre(grounded=False, jumping=False, normal=(0.000,1.000,0.000), vel=(0.000,-0.082,0.000)) probe(trace_dist=0.0508, hit=False, normal_y=None, fraction=None) post(grounded=True, vel=(0.000,0.000,0.000), horiz_speed=0.000, pos=(-23.653,-0.011,0.111))
[movedbg #1790] pre(grounded=False, jumping=False, normal=(0.000,1.000,0.000), vel=(0.000,0.000,0.000)) probe(trace_dist=0.0508, hit=False, normal_y=None, fraction=None) post(grounded=False, vel=(0.000,-0.082,0.000), horiz_speed=0.000, pos=(-23.653,-0.011,0.111))
[movedbg #1791] pre(grounded=False, jumping=False, normal=(0.000,1.000,0.000), vel=(0.000,-0.082,0.000)) probe(trace_dist=0.0508, hit=False, normal_y=None, fraction=None) post(grounded=True, vel=(0.000,0.000,0.000), horiz_speed=0.000, pos=(-23.653,-0.012,0.111))
[movedbg #1792] pre(grounded=False, jumping=False, normal=(0.000,1.000,0.000), vel=(0.000,0.000,0.000)) probe(trace_dist=0.0508, hit=False, normal_y=None, fraction=None) post(grounded=False, vel=(0.000,-0.082,0.000), horiz_speed=0.000, pos=(-23.653,-0.012,0.111))
[movedbg #1793] pre(grounded=False, jumping=False, normal=(0.000,1.000,0.000), vel=(0.000,-0.082,0.000)) probe(trace_dist=0.0508, hit=False, normal_y=None, fraction=None) post(grounded=True, vel=(0.000,0.000,0.000), horiz_speed=0.000, pos=(-23.654,-0.011,0.111))
[movedbg #1794] pre(grounded=False, jumping=False, normal=(0.000,1.000,0.000), vel=(0.000,0.000,0.000)) probe(trace_dist=0.0508, hit=False, normal_y=None, fraction=None) post(grounded=False, vel=(0.000,-0.082,0.000), horiz_speed=0.000, pos=(-23.654,-0.012,0.111))
[movedbg #1795] pre(grounded=False, jumping=False, normal=(0.000,1.000,0.000), vel=(0.000,-0.082,0.000)) probe(trace_dist=0.0508, hit=False, normal_y=None, fraction=None) post(grounded=True, vel=(0.000,0.000,0.000), horiz_speed=0.000, pos=(-23.654,-0.011,0.111))
[movedbg #1796] pre(grounded=False, jumping=False, normal=(0.000,1.000,0.000), vel=(0.000,0.000,0.000)) probe(trace_dist=0.0508, hit=False, normal_y=None, fraction=None) post(grounded=False, vel=(0.000,-0.082,0.000), horiz_speed=0.000, pos=(-23.654,-0.012,0.111))
[movedbg #1797] pre(grounded=False, jumping=False, normal=(0.000,1.000,0.000), vel=(0.000,-0.082,0.000)) probe(trace_dist=0.0508, hit=False, normal_y=None, fraction=None) post(grounded=True, vel=(0.000,0.000,0.000), horiz_speed=0.000, pos=(-23.655,-0.012,0.111))
[movedbg #1798] pre(grounded=False, jumping=False, normal=(0.000,1.000,0.000), vel=(0.000,0.000,0.000)) probe(trace_dist=0.0508, hit=False, normal_y=None, fraction=None) post(grounded=False, vel=(0.000,-0.082,0.000), horiz_speed=0.000, pos=(-23.655,-0.013,0.111))
[movedbg #1799] pre(grounded=False, jumping=False, normal=(0.000,1.000,0.000), vel=(0.000,-0.082,0.000)) probe(trace_dist=0.0508, hit=False, normal_y=None, fraction=None) post(grounded=True, vel=(0.000,0.000,0.000), horiz_speed=0.000, pos=(-23.655,-0.012,0.111))
[movedbg #1800] pre(grounded=False, jumping=False, normal=(0.000,1.000,0.000), vel=(0.000,0.000,0.000)) probe(trace_dist=0.0508, hit=False, normal_y=None, fraction=None) post(grounded=False, vel=(0.000,-0.082,0.000), horiz_speed=0.000, pos=(-23.655,-0.013,0.111))
[movedbg #1801] pre(grounded=False, jumping=False, normal=(0.000,1.000,0.000), vel=(0.000,-0.082,0.000)) probe(trace_dist=0.0508, hit=False, normal_y=None, fraction=None) post(grounded=True, vel=(0.000,0.000,0.000), horiz_speed=0.000, pos=(-23.655,-0.012,0.111))
[movedbg #1802] pre(grounded=False, jumping=False, normal=(0.000,1.000,0.000), vel=(0.000,0.000,0.000)) probe(trace_dist=0.0508, hit=False, normal_y=None, fraction=None) post(grounded=False, vel=(0.000,-0.082,0.000), horiz_speed=0.000, pos=(-23.655,-0.012,0.111))
[movedbg #1803] pre(grounded=False, jumping=False, normal=(0.000,1.000,0.000), vel=(0.000,-0.082,0.000)) probe(trace_dist=0.0508, hit=False, normal_y=None, fraction=None) post(grounded=True, vel=(0.000,0.000,0.000), horiz_speed=0.000, pos=(-23.656,-0.013,0.111))
[movedbg #1804] pre(grounded=False, jumping=False, normal=(0.000,1.000,0.000), vel=(0.000,0.000,0.000)) probe(trace_dist=0.0508, hit=False, normal_y=None, fraction=None) post(grounded=False, vel=(0.000,-0.082,0.000), horiz_speed=0.000, pos=(-23.656,-0.013,0.111))
[movedbg #1805] pre(grounded=False, jumping=False, normal=(0.000,1.000,0.000), vel=(0.000,-0.082,0.000)) probe(trace_dist=0.0508, hit=False, normal_y=None, fraction=None) post(grounded=True, vel=(0.000,0.000,0.000), horiz_speed=0.000, pos=(-23.656,-0.012,0.111))
[movedbg #1806] pre(grounded=False, jumping=False, normal=(0.000,1.000,0.000), vel=(0.000,0.000,0.000)) probe(trace_dist=0.0508, hit=False, normal_y=None, fraction=None) post(grounded=False, vel=(0.000,-0.082,0.000), horiz_speed=0.000, pos=(-23.656,-0.013,0.111))
[movedbg #1807] pre(grounded=False, jumping=False, normal=(0.000,1.000,0.000), vel=(0.000,-0.082,0.000)) probe(trace_dist=0.0508, hit=False, normal_y=None, fraction=None) post(grounded=True, vel=(0.000,0.000,0.000), horiz_speed=0.000, pos=(-23.656,-0.012,0.111))
[movedbg #1808] pre(grounded=False, jumping=False, normal=(0.000,1.000,0.000), vel=(0.000,0.000,0.000)) probe(trace_dist=0.0508, hit=False, normal_y=None, fraction=None) post(grounded=False, vel=(0.000,-0.082,0.000), horiz_speed=0.000, pos=(-23.656,-0.013,0.111))
[movedbg #1809] pre(grounded=False, jumping=False, normal=(0.000,1.000,0.000), vel=(0.000,-0.082,0.000)) probe(trace_dist=0.0508, hit=False, normal_y=None, fraction=None) post(grounded=True, vel=(0.000,0.000,0.000), horiz_speed=0.000, pos=(-23.657,-0.013,0.111))
[movedbg #1810] pre(grounded=False, jumping=False, normal=(0.000,1.000,0.000), vel=(0.000,0.000,0.000)) probe(trace_dist=0.0508, hit=False, normal_y=None, fraction=None) post(grounded=True, vel=(0.000,0.000,0.000), horiz_speed=0.000, pos=(-23.657,-0.012,0.111))
[movedbg #1811] pre(grounded=False, jumping=False, normal=(0.000,1.000,0.000), vel=(0.000,0.000,0.000)) probe(trace_dist=0.0508, hit=False, normal_y=None, fraction=None) post(grounded=False, vel=(0.000,-0.082,0.000), horiz_speed=0.000, pos=(-23.657,-0.013,0.111))
[movedbg #1812] pre(grounded=False, jumping=False, normal=(0.000,1.000,0.000), vel=(0.000,-0.082,0.000)) probe(trace_dist=0.0508, hit=False, normal_y=None, fraction=None) post(grounded=False, vel=(0.000,-0.164,0.000), horiz_speed=0.000, pos=(-23.657,-0.014,0.111))
[movedbg #1813] pre(grounded=False, jumping=False, normal=(0.000,1.000,0.000), vel=(0.000,-0.164,0.000)) probe(trace_dist=0.0508, hit=False, normal_y=None, fraction=None) post(grounded=True, vel=(0.000,0.000,0.000), horiz_speed=0.000, pos=(-23.658,-0.013,0.111))
[movedbg #1814] pre(grounded=False, jumping=False, normal=(0.000,1.000,0.000), vel=(0.000,0.000,0.000)) probe(trace_dist=0.0508, hit=False, normal_y=None, fraction=None) post(grounded=False, vel=(0.000,-0.082,0.000), horiz_speed=0.000, pos=(-23.658,-0.014,0.111))
[movedbg #1815] pre(grounded=False, jumping=False, normal=(0.000,1.000,0.000), vel=(0.000,-0.082,0.000)) probe(trace_dist=0.0508, hit=False, normal_y=None, fraction=None) post(grounded=True, vel=(0.000,0.000,0.000), horiz_speed=0.000, pos=(-23.658,-0.013,0.111))
[movedbg #1816] pre(grounded=False, jumping=False, normal=(0.000,1.000,0.000), vel=(0.000,0.000,0.000)) probe(trace_dist=0.0508, hit=False, normal_y=None, fraction=None) post(grounded=False, vel=(0.000,-0.082,0.000), horiz_speed=0.000, pos=(-23.658,-0.014,0.111))
[movedbg #1817] pre(grounded=False, jumping=False, normal=(0.000,1.000,0.000), vel=(0.000,-0.082,0.000)) probe(trace_dist=0.0508, hit=False, normal_y=None, fraction=None) post(grounded=True, vel=(0.000,0.000,0.000), horiz_speed=0.000, pos=(-23.658,-0.013,0.111))
[movedbg #1818] pre(grounded=False, jumping=False, normal=(0.000,1.000,0.000), vel=(0.000,0.000,0.000)) probe(trace_dist=0.0508, hit=False, normal_y=None, fraction=None) post(grounded=False, vel=(0.000,-0.082,0.000), horiz_speed=0.000, pos=(-23.658,-0.013,0.111))
[movedbg #1819] pre(grounded=False, jumping=False, normal=(0.000,1.000,0.000), vel=(0.000,-0.082,0.000)) probe(trace_dist=0.0508, hit=False, normal_y=None, fraction=None) post(grounded=True, vel=(0.000,0.000,0.000), horiz_speed=0.000, pos=(-23.659,-0.014,0.111))
[movedbg #1820] pre(grounded=False, jumping=False, normal=(0.000,1.000,0.000), vel=(0.000,0.000,0.000)) probe(trace_dist=0.0508, hit=False, normal_y=None, fraction=None) post(grounded=False, vel=(0.000,-0.082,0.000), horiz_speed=0.000, pos=(-23.659,-0.014,0.111))
[movedbg #1821] pre(grounded=False, jumping=False, normal=(0.000,1.000,0.000), vel=(0.000,-0.082,0.000)) probe(trace_dist=0.0508, hit=False, normal_y=None, fraction=None) post(grounded=True, vel=(0.000,0.000,0.000), horiz_speed=0.000, pos=(-23.659,-0.013,0.111))
[movedbg #1822] pre(grounded=False, jumping=False, normal=(0.000,1.000,0.000), vel=(0.000,0.000,0.000)) probe(trace_dist=0.0508, hit=False, normal_y=None, fraction=None) post(grounded=False, vel=(0.000,-0.082,0.000), horiz_speed=0.000, pos=(-23.659,-0.014,0.111))
[movedbg #1823] pre(grounded=False, jumping=False, normal=(0.000,1.000,0.000), vel=(0.000,-0.082,0.000)) probe(trace_dist=0.0508, hit=False, normal_y=None, fraction=None) post(grounded=True, vel=(0.000,0.000,0.000), horiz_speed=0.000, pos=(-23.659,-0.013,0.111))
[movedbg #1824] pre(grounded=False, jumping=False, normal=(0.000,1.000,0.000), vel=(0.000,0.000,0.000)) probe(trace_dist=0.0508, hit=False, normal_y=None, fraction=None) post(grounded=False, vel=(0.000,-0.082,0.000), horiz_speed=0.000, pos=(-23.659,-0.014,0.111))
[movedbg #1825] pre(grounded=False, jumping=False, normal=(0.000,1.000,0.000), vel=(0.000,-0.082,0.000)) probe(trace_dist=0.0508, hit=False, normal_y=None, fraction=None) post(grounded=True, vel=(0.000,0.000,0.000), horiz_speed=0.000, pos=(-23.660,-0.014,0.111))
[movedbg #1826] pre(grounded=False, jumping=False, normal=(0.000,1.000,0.000), vel=(0.000,0.000,0.000)) probe(trace_dist=0.0508, hit=False, normal_y=None, fraction=None) post(grounded=False, vel=(0.000,-0.082,0.000), horiz_speed=0.000, pos=(-23.660,-0.015,0.111))
[movedbg #1827] pre(grounded=False, jumping=False, normal=(0.000,1.000,0.000), vel=(0.000,-0.082,0.000)) probe(trace_dist=0.0508, hit=False, normal_y=None, fraction=None) post(grounded=True, vel=(0.000,0.000,0.000), horiz_speed=0.000, pos=(-23.660,-0.014,0.111))
[movedbg #1828] pre(grounded=False, jumping=False, normal=(0.000,1.000,0.000), vel=(0.000,0.000,0.000)) probe(trace_dist=0.0508, hit=False, normal_y=None, fraction=None) post(grounded=False, vel=(0.000,-0.082,0.000), horiz_speed=0.000, pos=(-23.660,-0.015,0.111))
[movedbg #1829] pre(grounded=False, jumping=False, normal=(0.000,1.000,0.000), vel=(0.000,-0.082,0.000)) probe(trace_dist=0.0508, hit=False, normal_y=None, fraction=None) post(grounded=True, vel=(0.000,0.000,0.000), horiz_speed=0.000, pos=(-23.660,-0.014,0.111))
[movedbg #1830] pre(grounded=False, jumping=False, normal=(0.000,1.000,0.000), vel=(0.000,0.000,0.000)) probe(trace_dist=0.0508, hit=False, normal_y=None, fraction=None) post(grounded=False, vel=(0.000,-0.082,0.000), horiz_speed=0.000, pos=(-23.660,-0.014,0.111))
[movedbg #1831] pre(grounded=False, jumping=False, normal=(0.000,1.000,0.000), vel=(0.000,-0.082,0.000)) probe(trace_dist=0.0508, hit=False, normal_y=None, fraction=None) post(grounded=True, vel=(0.000,0.000,0.000), horiz_speed=0.000, pos=(-23.661,-0.015,0.111))
[movedbg #1832] pre(grounded=False, jumping=False, normal=(0.000,1.000,0.000), vel=(0.000,0.000,0.000)) probe(trace_dist=0.0508, hit=False, normal_y=None, fraction=None) post(grounded=False, vel=(0.000,-0.082,0.000), horiz_speed=0.000, pos=(-23.661,-0.015,0.111))
[movedbg #1833] pre(grounded=False, jumping=False, normal=(0.000,1.000,0.000), vel=(0.000,-0.082,0.000)) probe(trace_dist=0.0508, hit=False, normal_y=None, fraction=None) post(grounded=True, vel=(0.000,0.000,0.000), horiz_speed=0.000, pos=(-23.661,-0.014,0.111))
[movedbg #1834] pre(grounded=False, jumping=False, normal=(0.000,1.000,0.000), vel=(0.000,0.000,0.000)) probe(trace_dist=0.0508, hit=False, normal_y=None, fraction=None) post(grounded=False, vel=(0.000,-0.082,0.000), horiz_speed=0.000, pos=(-23.661,-0.015,0.111))
[movedbg #1835] pre(grounded=False, jumping=False, normal=(0.000,1.000,0.000), vel=(0.000,-0.082,0.000)) probe(trace_dist=0.0508, hit=False, normal_y=None, fraction=None) post(grounded=True, vel=(0.000,0.000,0.000), horiz_speed=0.000, pos=(-23.662,-0.014,0.111))
[movedbg #1836] pre(grounded=False, jumping=False, normal=(0.000,1.000,0.000), vel=(0.000,0.000,0.000)) probe(trace_dist=0.0508, hit=False, normal_y=None, fraction=None) post(grounded=False, vel=(0.000,-0.082,0.000), horiz_speed=0.000, pos=(-23.662,-0.015,0.111))
[movedbg #1837] pre(grounded=False, jumping=False, normal=(0.000,1.000,0.000), vel=(0.000,-0.082,0.000)) probe(trace_dist=0.0508, hit=False, normal_y=None, fraction=None) post(grounded=True, vel=(0.000,0.000,0.000), horiz_speed=0.000, pos=(-23.662,-0.015,0.111))
[movedbg #1838] pre(grounded=False, jumping=False, normal=(0.000,1.000,0.000), vel=(0.000,0.000,0.000)) probe(trace_dist=0.0508, hit=False, normal_y=None, fraction=None) post(grounded=True, vel=(0.000,0.000,0.000), horiz_speed=0.000, pos=(-23.662,-0.014,0.111))
[movedbg #1839] pre(grounded=False, jumping=False, normal=(0.000,1.000,0.000), vel=(0.000,0.000,0.000)) probe(trace_dist=0.0508, hit=False, normal_y=None, fraction=None) post(grounded=False, vel=(0.000,-0.082,0.000), horiz_speed=0.000, pos=(-23.662,-0.015,0.111))
[movedbg #1840] pre(grounded=False, jumping=False, normal=(0.000,1.000,0.000), vel=(0.000,-0.082,0.000)) probe(trace_dist=0.0508, hit=False, normal_y=None, fraction=None) post(grounded=False, vel=(0.000,-0.164,0.000), horiz_speed=0.000, pos=(-23.662,-0.016,0.111))
[movedbg #1841] pre(grounded=False, jumping=False, normal=(0.000,1.000,0.000), vel=(0.000,-0.164,0.000)) probe(trace_dist=0.0508, hit=False, normal_y=None, fraction=None) post(grounded=True, vel=(0.000,0.000,0.000), horiz_speed=0.000, pos=(-23.663,-0.015,0.111))
[movedbg #1842] pre(grounded=False, jumping=False, normal=(0.000,1.000,0.000), vel=(0.000,0.000,0.000)) probe(trace_dist=0.0508, hit=False, normal_y=None, fraction=None) post(grounded=False, vel=(0.000,-0.082,0.000), horiz_speed=0.000, pos=(-23.663,-0.016,0.111))
[movedbg #1843] pre(grounded=False, jumping=False, normal=(0.000,1.000,0.000), vel=(0.000,-0.082,0.000)) probe(trace_dist=0.0508, hit=False, normal_y=None, fraction=None) post(grounded=True, vel=(0.000,0.000,0.000), horiz_speed=0.000, pos=(-23.663,-0.015,0.111))
[movedbg #1844] pre(grounded=False, jumping=False, normal=(0.000,1.000,0.000), vel=(0.000,0.000,0.000)) probe(trace_dist=0.0508, hit=False, normal_y=None, fraction=None) post(grounded=False, vel=(0.000,-0.082,0.000), horiz_speed=0.000, pos=(-23.663,-0.016,0.111))
[movedbg #1845] pre(grounded=False, jumping=False, normal=(0.000,1.000,0.000), vel=(0.000,-0.082,0.000)) probe(trace_dist=0.0508, hit=False, normal_y=None, fraction=None) post(grounded=True, vel=(0.000,0.000,0.000), horiz_speed=0.000, pos=(-23.663,-0.015,0.111))
[movedbg #1846] pre(grounded=False, jumping=False, normal=(0.000,1.000,0.000), vel=(0.000,0.000,0.000)) probe(trace_dist=0.0508, hit=False, normal_y=None, fraction=None) post(grounded=False, vel=(0.000,-0.082,0.000), horiz_speed=0.000, pos=(-23.663,-0.015,0.111))
[movedbg #1847] pre(grounded=False, jumping=False, normal=(0.000,1.000,0.000), vel=(0.000,-0.082,0.000)) probe(trace_dist=0.0508, hit=False, normal_y=None, fraction=None) post(grounded=True, vel=(0.000,0.000,0.000), horiz_speed=0.000, pos=(-23.664,-0.016,0.111))
[movedbg #1848] pre(grounded=False, jumping=False, normal=(0.000,1.000,0.000), vel=(0.000,0.000,0.000)) probe(trace_dist=0.0508, hit=False, normal_y=None, fraction=None) post(grounded=False, vel=(0.000,-0.082,0.000), horiz_speed=0.000, pos=(-23.664,-0.016,0.111))
[movedbg #1849] pre(grounded=False, jumping=False, normal=(0.000,1.000,0.000), vel=(0.000,-0.082,0.000)) probe(trace_dist=0.0508, hit=False, normal_y=None, fraction=None) post(grounded=True, vel=(0.000,0.000,0.000), horiz_speed=0.000, pos=(-23.664,-0.015,0.111))
[movedbg #1850] pre(grounded=False, jumping=False, normal=(0.000,1.000,0.000), vel=(0.000,0.000,0.000)) probe(trace_dist=0.0508, hit=False, normal_y=None, fraction=None) post(grounded=False, vel=(0.000,-0.082,0.000), horiz_speed=0.000, pos=(-23.664,-0.016,0.111))
[movedbg #1851] pre(grounded=False, jumping=False, normal=(0.000,1.000,0.000), vel=(0.000,-0.082,0.000)) probe(trace_dist=0.0508, hit=False, normal_y=None, fraction=None) post(grounded=True, vel=(0.000,0.000,0.000), horiz_speed=0.000, pos=(-23.665,-0.015,0.111))
[movedbg #1852] pre(grounded=False, jumping=False, normal=(0.000,1.000,0.000), vel=(0.000,0.000,0.000)) probe(trace_dist=0.0508, hit=False, normal_y=None, fraction=None) post(grounded=False, vel=(0.000,-0.082,0.000), horiz_speed=0.000, pos=(-23.665,-0.016,0.111))
[movedbg #1853] pre(grounded=False, jumping=False, normal=(0.000,1.000,0.000), vel=(0.000,-0.082,0.000)) probe(trace_dist=0.0508, hit=False, normal_y=None, fraction=None) post(grounded=True, vel=(0.000,0.000,0.000), horiz_speed=0.000, pos=(-23.665,-0.016,0.111))
[movedbg #1854] pre(grounded=False, jumping=False, normal=(0.000,1.000,0.000), vel=(0.000,0.000,0.000)) probe(trace_dist=0.0508, hit=False, normal_y=None, fraction=None) post(grounded=False, vel=(0.000,-0.082,0.000), horiz_speed=0.000, pos=(-23.665,-0.017,0.111))
[movedbg #1855] pre(grounded=False, jumping=False, normal=(0.000,1.000,0.000), vel=(0.000,-0.082,0.000)) probe(trace_dist=0.0508, hit=False, normal_y=None, fraction=None) post(grounded=True, vel=(0.000,0.000,0.000), horiz_speed=0.000, pos=(-23.665,-0.016,0.111))
[movedbg #1856] pre(grounded=False, jumping=False, normal=(0.000,1.000,0.000), vel=(0.000,0.000,0.000)) probe(trace_dist=0.0508, hit=False, normal_y=None, fraction=None) post(grounded=False, vel=(0.000,-0.082,0.000), horiz_speed=0.000, pos=(-23.665,-0.017,0.111))
[movedbg #1857] pre(grounded=False, jumping=False, normal=(0.000,1.000,0.000), vel=(0.000,-0.082,0.000)) probe(trace_dist=0.0508, hit=False, normal_y=None, fraction=None) post(grounded=True, vel=(0.000,0.000,0.000), horiz_speed=0.000, pos=(-23.666,-0.016,0.111))
[movedbg #1858] pre(grounded=False, jumping=False, normal=(0.000,1.000,0.000), vel=(0.000,0.000,0.000)) probe(trace_dist=0.0508, hit=False, normal_y=None, fraction=None) post(grounded=False, vel=(0.000,-0.082,0.000), horiz_speed=0.000, pos=(-23.666,-0.016,0.111))
[movedbg #1859] pre(grounded=False, jumping=False, normal=(0.000,1.000,0.000), vel=(0.000,-0.082,0.000)) probe(trace_dist=0.0508, hit=False, normal_y=None, fraction=None) post(grounded=True, vel=(0.000,0.000,0.000), horiz_speed=0.000, pos=(-23.666,-0.017,0.111))
[movedbg #1860] pre(grounded=False, jumping=False, normal=(0.000,1.000,0.000), vel=(0.000,0.000,0.000)) probe(trace_dist=0.0508, hit=False, normal_y=None, fraction=None) post(grounded=False, vel=(0.000,-0.082,0.000), horiz_speed=0.000, pos=(-23.666,-0.017,0.111))
[movedbg #1861] pre(grounded=False, jumping=False, normal=(0.000,1.000,0.000), vel=(0.000,-0.082,0.000)) probe(trace_dist=0.0508, hit=False, normal_y=None, fraction=None) post(grounded=True, vel=(0.000,0.000,0.000), horiz_speed=0.000, pos=(-23.666,-0.016,0.111))
[movedbg #1862] pre(grounded=False, jumping=False, normal=(0.000,1.000,0.000), vel=(0.000,0.000,0.000)) probe(trace_dist=0.0508, hit=False, normal_y=None, fraction=None) post(grounded=False, vel=(0.000,-0.082,0.000), horiz_speed=0.000, pos=(-23.666,-0.017,0.111))
[movedbg #1863] pre(grounded=False, jumping=False, normal=(0.000,1.000,0.000), vel=(0.000,-0.082,0.000)) probe(trace_dist=0.0508, hit=False, normal_y=None, fraction=None) post(grounded=True, vel=(0.000,0.000,0.000), horiz_speed=0.000, pos=(-23.667,-0.016,0.111))
[movedbg #1864] pre(grounded=False, jumping=False, normal=(0.000,1.000,0.000), vel=(0.000,0.000,0.000)) probe(trace_dist=0.0508, hit=False, normal_y=None, fraction=None) post(grounded=False, vel=(0.000,-0.082,0.000), horiz_speed=0.000, pos=(-23.667,-0.017,0.111))
[movedbg #1865] pre(grounded=False, jumping=False, normal=(0.000,1.000,0.000), vel=(0.000,-0.082,0.000)) probe(trace_dist=0.0508, hit=False, normal_y=None, fraction=None) post(grounded=True, vel=(0.000,0.000,0.000), horiz_speed=0.000, pos=(-23.667,-0.017,0.111))
[movedbg #1866] pre(grounded=False, jumping=False, normal=(0.000,1.000,0.000), vel=(0.000,0.000,0.000)) probe(trace_dist=0.0508, hit=False, normal_y=None, fraction=None) post(grounded=False, vel=(0.000,-0.082,0.000), horiz_speed=0.000, pos=(-23.667,-0.018,0.111))
[movedbg #1867] pre(grounded=False, jumping=False, normal=(0.000,1.000,0.000), vel=(0.000,-0.082,0.000)) probe(trace_dist=0.0508, hit=False, normal_y=None, fraction=None) post(grounded=True, vel=(0.000,0.000,0.000), horiz_speed=0.000, pos=(-23.667,-0.017,0.111))
[movedbg #1868] pre(grounded=False, jumping=False, normal=(0.000,1.000,0.000), vel=(0.000,0.000,0.000)) probe(trace_dist=0.0508, hit=False, normal_y=None, fraction=None) post(grounded=False, vel=(0.000,-0.082,0.000), horiz_speed=0.000, pos=(-23.667,-0.018,0.111))
[movedbg #1869] pre(grounded=False, jumping=False, normal=(0.000,1.000,0.000), vel=(0.000,-0.082,0.000)) probe(trace_dist=0.0508, hit=False, normal_y=None, fraction=None) post(grounded=True, vel=(0.000,0.000,0.000), horiz_speed=0.000, pos=(-23.668,-0.017,0.111))
[movedbg #1870] pre(grounded=False, jumping=False, normal=(0.000,1.000,0.000), vel=(0.000,0.000,0.000)) probe(trace_dist=0.0508, hit=False, normal_y=None, fraction=None) post(grounded=False, vel=(0.000,-0.082,0.000), horiz_speed=0.000, pos=(-23.668,-0.017,0.111))
[movedbg #1871] pre(grounded=False, jumping=False, normal=(0.000,1.000,0.000), vel=(0.000,-0.082,0.000)) probe(trace_dist=0.0508, hit=False, normal_y=None, fraction=None) post(grounded=True, vel=(0.000,0.000,0.000), horiz_speed=0.000, pos=(-23.668,-0.018,0.111))
[movedbg #1872] pre(grounded=False, jumping=False, normal=(0.000,1.000,0.000), vel=(0.000,0.000,0.000)) probe(trace_dist=0.0508, hit=False, normal_y=None, fraction=None) post(grounded=False, vel=(0.000,-0.082,0.000), horiz_speed=0.000, pos=(-23.668,-0.018,0.111))
[movedbg #1873] pre(grounded=False, jumping=False, normal=(0.000,1.000,0.000), vel=(0.000,-0.082,0.000)) probe(trace_dist=0.0508, hit=False, normal_y=None, fraction=None) post(grounded=True, vel=(0.000,0.000,0.000), horiz_speed=0.000, pos=(-23.669,-0.017,0.111))
[movedbg #1874] pre(grounded=False, jumping=False, normal=(0.000,1.000,0.000), vel=(0.000,0.000,0.000)) probe(trace_dist=0.0508, hit=False, normal_y=None, fraction=None) post(grounded=False, vel=(0.000,-0.082,0.000), horiz_speed=0.000, pos=(-23.669,-0.018,0.111))
[movedbg #1875] pre(grounded=False, jumping=False, normal=(0.000,1.000,0.000), vel=(0.000,-0.082,0.000)) probe(trace_dist=0.0508, hit=False, normal_y=None, fraction=None) post(grounded=True, vel=(0.000,0.000,0.000), horiz_speed=0.000, pos=(-23.669,-0.017,0.111))
[movedbg #1876] pre(grounded=False, jumping=False, normal=(0.000,1.000,0.000), vel=(0.000,0.000,0.000)) probe(trace_dist=0.0508, hit=False, normal_y=None, fraction=None) post(grounded=False, vel=(0.000,-0.082,0.000), horiz_speed=0.000, pos=(-23.669,-0.018,0.111))
[movedbg #1877] pre(grounded=False, jumping=False, normal=(0.000,1.000,0.000), vel=(0.000,-0.082,0.000)) probe(trace_dist=0.0508, hit=False, normal_y=None, fraction=None) post(grounded=True, vel=(0.000,0.000,0.000), horiz_speed=0.000, pos=(-23.669,-0.018,0.111))
[movedbg #1878] pre(grounded=False, jumping=False, normal=(0.000,1.000,0.000), vel=(0.000,0.000,0.000)) probe(trace_dist=0.0508, hit=False, normal_y=None, fraction=None) post(grounded=False, vel=(0.000,-0.082,0.000), horiz_speed=0.000, pos=(-23.669,-0.019,0.111))
[movedbg #1879] pre(grounded=False, jumping=False, normal=(0.000,1.000,0.000), vel=(0.000,-0.082,0.000)) probe(trace_dist=0.0508, hit=False, normal_y=None, fraction=None) post(grounded=True, vel=(0.000,0.000,0.000), horiz_speed=0.000, pos=(-23.670,-0.018,0.111))
[movedbg #1880] pre(grounded=False, jumping=False, normal=(0.000,1.000,0.000), vel=(0.000,0.000,0.000)) probe(trace_dist=0.0508, hit=False, normal_y=None, fraction=None) post(grounded=False, vel=(0.000,-0.082,0.000), horiz_speed=0.000, pos=(-23.670,-0.018,0.111))
[movedbg #1881] pre(grounded=False, jumping=False, normal=(0.000,1.000,0.000), vel=(0.000,-0.082,0.000)) probe(trace_dist=0.0508, hit=False, normal_y=None, fraction=None) post(grounded=True, vel=(0.000,0.000,0.000), horiz_speed=0.000, pos=(-23.670,-0.017,0.111))
[movedbg #1882] pre(grounded=False, jumping=False, normal=(0.000,1.000,0.000), vel=(0.000,0.000,0.000)) probe(trace_dist=0.0508, hit=False, normal_y=None, fraction=None) post(grounded=False, vel=(0.000,-0.082,0.000), horiz_speed=0.000, pos=(-23.670,-0.018,0.111))
[movedbg #1883] pre(grounded=False, jumping=False, normal=(0.000,1.000,0.000), vel=(0.000,-0.082,0.000)) probe(trace_dist=0.0508, hit=False, normal_y=None, fraction=None) post(grounded=True, vel=(0.000,0.000,0.000), horiz_speed=0.000, pos=(-23.670,-0.018,0.111))
[movedbg #1884] pre(grounded=False, jumping=False, normal=(0.000,1.000,0.000), vel=(0.000,0.000,0.000)) probe(trace_dist=0.0508, hit=False, normal_y=None, fraction=None) post(grounded=False, vel=(0.000,-0.082,0.000), horiz_speed=0.000, pos=(-23.670,-0.019,0.111))
[movedbg #1885] pre(grounded=False, jumping=False, normal=(0.000,1.000,0.000), vel=(0.000,-0.082,0.000)) probe(trace_dist=0.0508, hit=False, normal_y=None, fraction=None) post(grounded=True, vel=(0.000,0.000,0.000), horiz_speed=0.000, pos=(-23.671,-0.018,0.111))
[movedbg #1886] pre(grounded=False, jumping=False, normal=(0.000,1.000,0.000), vel=(0.000,0.000,0.000)) probe(trace_dist=0.0508, hit=False, normal_y=None, fraction=None) post(grounded=False, vel=(0.000,-0.082,0.000), horiz_speed=0.000, pos=(-23.671,-0.019,0.111))
[movedbg #1887] pre(grounded=False, jumping=False, normal=(0.000,1.000,0.000), vel=(0.000,-0.082,0.000)) probe(trace_dist=0.0508, hit=False, normal_y=None, fraction=None) post(grounded=True, vel=(0.000,0.000,0.000), horiz_speed=0.000, pos=(-23.671,-0.018,0.111))
[movedbg #1888] pre(grounded=False, jumping=False, normal=(0.000,1.000,0.000), vel=(0.000,0.000,0.000)) probe(trace_dist=0.0508, hit=False, normal_y=None, fraction=None) post(grounded=False, vel=(0.000,-0.082,0.000), horiz_speed=0.000, pos=(-23.671,-0.019,0.111))
[movedbg #1889] pre(grounded=False, jumping=False, normal=(0.000,1.000,0.000), vel=(0.000,-0.082,0.000)) probe(trace_dist=0.0508, hit=False, normal_y=None, fraction=None) post(grounded=True, vel=(0.000,0.000,0.000), horiz_speed=0.000, pos=(-23.672,-0.019,0.111))
[movedbg #1890] pre(grounded=False, jumping=False, normal=(0.000,1.000,0.000), vel=(0.000,0.000,0.000)) probe(trace_dist=0.0508, hit=False, normal_y=None, fraction=None) post(grounded=False, vel=(0.000,-0.082,0.000), horiz_speed=0.000, pos=(-23.672,-0.020,0.111))
[movedbg #1891] pre(grounded=False, jumping=False, normal=(0.000,1.000,0.000), vel=(0.000,-0.082,0.000)) probe(trace_dist=0.0508, hit=False, normal_y=None, fraction=None) post(grounded=True, vel=(0.000,0.000,0.000), horiz_speed=0.000, pos=(-23.672,-0.019,0.111))
[movedbg #1892] pre(grounded=False, jumping=False, normal=(0.000,1.000,0.000), vel=(0.000,0.000,0.000)) probe(trace_dist=0.0508, hit=False, normal_y=None, fraction=None) post(grounded=False, vel=(0.000,-0.082,0.000), horiz_speed=0.000, pos=(-23.672,-0.019,0.111))
[movedbg #1893] pre(grounded=False, jumping=False, normal=(0.000,1.000,0.000), vel=(0.000,-0.082,0.000)) probe(trace_dist=0.0508, hit=False, normal_y=None, fraction=None) post(grounded=True, vel=(0.000,0.000,0.000), horiz_speed=0.000, pos=(-23.672,-0.018,0.111))
[movedbg #1894] pre(grounded=False, jumping=False, normal=(0.000,1.000,0.000), vel=(0.000,0.000,0.000)) probe(trace_dist=0.0508, hit=False, normal_y=None, fraction=None) post(grounded=False, vel=(0.000,-0.082,0.000), horiz_speed=0.000, pos=(-23.672,-0.019,0.111))
[movedbg #1895] pre(grounded=False, jumping=False, normal=(0.000,1.000,0.000), vel=(0.000,-0.082,0.000)) probe(trace_dist=0.0508, hit=False, normal_y=None, fraction=None) post(grounded=True, vel=(0.000,0.000,0.000), horiz_speed=0.000, pos=(-23.673,-0.019,0.111))
[movedbg #1896] pre(grounded=False, jumping=False, normal=(0.000,1.000,0.000), vel=(0.000,0.000,0.000)) probe(trace_dist=0.0508, hit=False, normal_y=None, fraction=None) post(grounded=False, vel=(0.000,-0.082,0.000), horiz_speed=0.000, pos=(-23.673,-0.020,0.111))
[movedbg #1897] pre(grounded=False, jumping=False, normal=(0.000,1.000,0.000), vel=(0.000,-0.082,0.000)) probe(trace_dist=0.0508, hit=False, normal_y=None, fraction=None) post(grounded=True, vel=(0.000,0.000,0.000), horiz_speed=0.000, pos=(-23.673,-0.019,0.111))
[movedbg #1898] pre(grounded=False, jumping=False, normal=(0.000,1.000,0.000), vel=(0.000,0.000,0.000)) probe(trace_dist=0.0508, hit=False, normal_y=None, fraction=None) post(grounded=False, vel=(0.000,-0.082,0.000), horiz_speed=0.000, pos=(-23.673,-0.020,0.111))
[movedbg #1899] pre(grounded=False, jumping=False, normal=(0.000,1.000,0.000), vel=(0.000,-0.082,0.000)) probe(trace_dist=0.0508, hit=False, normal_y=None, fraction=None) post(grounded=True, vel=(0.000,0.000,0.000), horiz_speed=0.000, pos=(-23.673,-0.019,0.111))
[movedbg #1900] pre(grounded=False, jumping=False, normal=(0.000,1.000,0.000), vel=(0.000,0.000,0.000)) probe(trace_dist=0.0508, hit=False, normal_y=None, fraction=None) post(grounded=False, vel=(0.000,-0.082,0.000), horiz_speed=0.000, pos=(-23.673,-0.019,0.111))
[movedbg #1901] pre(grounded=False, jumping=False, normal=(0.000,1.000,0.000), vel=(0.000,-0.082,0.000)) probe(trace_dist=0.0508, hit=False, normal_y=None, fraction=None) post(grounded=True, vel=(0.000,0.000,0.000), horiz_speed=0.000, pos=(-23.674,-0.020,0.111))
[movedbg #1902] pre(grounded=False, jumping=False, normal=(0.000,1.000,0.000), vel=(0.000,0.000,0.000)) probe(trace_dist=0.0508, hit=False, normal_y=None, fraction=None) post(grounded=False, vel=(0.000,-0.082,0.000), horiz_speed=0.000, pos=(-23.674,-0.020,0.111))
[movedbg #1903] pre(grounded=False, jumping=False, normal=(0.000,1.000,0.000), vel=(0.000,-0.082,0.000)) probe(trace_dist=0.0508, hit=False, normal_y=None, fraction=None) post(grounded=True, vel=(0.000,0.000,0.000), horiz_speed=0.000, pos=(-23.674,-0.019,0.111))
[movedbg #1904] pre(grounded=False, jumping=False, normal=(0.000,1.000,0.000), vel=(0.000,0.000,0.000)) probe(trace_dist=0.0508, hit=False, normal_y=None, fraction=None) post(grounded=False, vel=(0.000,-0.082,0.000), horiz_speed=0.000, pos=(-23.674,-0.020,0.111))
[movedbg #1905] pre(grounded=False, jumping=False, normal=(0.000,1.000,0.000), vel=(0.000,-0.082,0.000)) probe(trace_dist=0.0508, hit=False, normal_y=None, fraction=None) post(grounded=True, vel=(0.000,0.000,0.000), horiz_speed=0.000, pos=(-23.675,-0.019,0.111))
[movedbg #1906] pre(grounded=False, jumping=False, normal=(0.000,1.000,0.000), vel=(0.000,0.000,0.000)) probe(trace_dist=0.0508, hit=False, normal_y=None, fraction=None) post(grounded=False, vel=(0.000,-0.082,0.000), horiz_speed=0.000, pos=(-23.675,-0.020,0.111))
[movedbg #1907] pre(grounded=False, jumping=False, normal=(0.000,1.000,0.000), vel=(0.000,-0.082,0.000)) probe(trace_dist=0.0508, hit=False, normal_y=None, fraction=None) post(grounded=True, vel=(0.000,0.000,0.000), horiz_speed=0.000, pos=(-23.675,-0.020,0.111))
[movedbg #1908] pre(grounded=False, jumping=False, normal=(0.000,1.000,0.000), vel=(0.000,0.000,0.000)) probe(trace_dist=0.0508, hit=False, normal_y=None, fraction=None) post(grounded=True, vel=(0.000,0.000,0.000), horiz_speed=0.000, pos=(-23.675,-0.019,0.111))
[movedbg #1909] pre(grounded=False, jumping=False, normal=(0.000,1.000,0.000), vel=(0.000,0.000,0.000)) probe(trace_dist=0.0508, hit=False, normal_y=None, fraction=None) post(grounded=False, vel=(0.000,-0.082,0.000), horiz_speed=0.000, pos=(-23.675,-0.020,0.111))
[movedbg #1910] pre(grounded=False, jumping=False, normal=(0.000,1.000,0.000), vel=(0.000,-0.082,0.000)) probe(trace_dist=0.0508, hit=False, normal_y=None, fraction=None) post(grounded=False, vel=(0.000,-0.164,0.000), horiz_speed=0.000, pos=(-23.675,-0.021,0.111))
[movedbg #1911] pre(grounded=False, jumping=False, normal=(0.000,1.000,0.000), vel=(0.000,-0.164,0.000)) probe(trace_dist=0.0508, hit=False, normal_y=None, fraction=None) post(grounded=True, vel=(0.000,0.000,0.000), horiz_speed=0.000, pos=(-23.676,-0.020,0.111))
[movedbg #1912] pre(grounded=False, jumping=False, normal=(0.000,1.000,0.000), vel=(0.000,0.000,0.000)) probe(trace_dist=0.0508, hit=False, normal_y=None, fraction=None) post(grounded=False, vel=(0.000,-0.082,0.000), horiz_speed=0.000, pos=(-23.676,-0.021,0.111))
[movedbg #1913] pre(grounded=False, jumping=False, normal=(0.000,1.000,0.000), vel=(0.000,-0.082,0.000)) probe(trace_dist=0.0508, hit=False, normal_y=None, fraction=None) post(grounded=True, vel=(0.000,0.000,0.000), horiz_speed=0.000, pos=(-23.676,-0.020,0.111))
[movedbg #1914] pre(grounded=False, jumping=False, normal=(0.000,1.000,0.000), vel=(0.000,0.000,0.000)) probe(trace_dist=0.0508, hit=False, normal_y=None, fraction=None) post(grounded=False, vel=(0.000,-0.082,0.000), horiz_speed=0.000, pos=(-23.676,-0.021,0.111))
[movedbg #1915] pre(grounded=False, jumping=False, normal=(0.000,1.000,0.000), vel=(0.000,-0.082,0.000)) probe(trace_dist=0.0508, hit=False, normal_y=None, fraction=None) post(grounded=True, vel=(0.000,0.000,0.000), horiz_speed=0.000, pos=(-23.676,-0.020,0.111))
[movedbg #1916] pre(grounded=False, jumping=False, normal=(0.000,1.000,0.000), vel=(0.000,0.000,0.000)) probe(trace_dist=0.0508, hit=False, normal_y=None, fraction=None) post(grounded=False, vel=(0.000,-0.082,0.000), horiz_speed=0.000, pos=(-23.676,-0.021,0.111))
[movedbg #1917] pre(grounded=False, jumping=False, normal=(0.000,1.000,0.000), vel=(0.000,-0.082,0.000)) probe(trace_dist=0.0508, hit=False, normal_y=None, fraction=None) post(grounded=True, vel=(0.000,0.000,0.000), horiz_speed=0.000, pos=(-23.677,-0.021,0.111))
[movedbg #1918] pre(grounded=False, jumping=False, normal=(0.000,1.000,0.000), vel=(0.000,0.000,0.000)) probe(trace_dist=0.0508, hit=False, normal_y=None, fraction=None) post(grounded=False, vel=(0.000,-0.082,0.000), horiz_speed=0.000, pos=(-23.677,-0.022,0.111))
[movedbg #1919] pre(grounded=False, jumping=False, normal=(0.000,1.000,0.000), vel=(0.000,-0.082,0.000)) probe(trace_dist=0.0508, hit=False, normal_y=None, fraction=None) post(grounded=True, vel=(0.000,0.000,0.000), horiz_speed=0.000, pos=(-23.677,-0.021,0.111))
[movedbg #1920] pre(grounded=False, jumping=False, normal=(0.000,1.000,0.000), vel=(0.000,0.000,0.000)) probe(trace_dist=0.0508, hit=False, normal_y=None, fraction=None) post(grounded=False, vel=(0.000,-0.082,0.000), horiz_speed=0.000, pos=(-23.677,-0.021,0.111))
[movedbg #1921] pre(grounded=False, jumping=False, normal=(0.000,1.000,0.000), vel=(0.000,-0.082,0.000)) probe(trace_dist=0.0508, hit=False, normal_y=None, fraction=None) post(grounded=True, vel=(0.000,0.000,0.000), horiz_speed=0.000, pos=(-23.677,-0.020,0.111))
[movedbg #1922] pre(grounded=False, jumping=False, normal=(0.000,1.000,0.000), vel=(0.000,0.000,0.000)) probe(trace_dist=0.0508, hit=False, normal_y=None, fraction=None) post(grounded=False, vel=(0.000,-0.082,0.000), horiz_speed=0.000, pos=(-23.677,-0.021,0.111))
[movedbg #1923] pre(grounded=False, jumping=False, normal=(0.000,1.000,0.000), vel=(0.000,-0.082,0.000)) probe(trace_dist=0.0508, hit=False, normal_y=None, fraction=None) post(grounded=True, vel=(0.000,0.000,0.000), horiz_speed=0.000, pos=(-23.678,-0.021,0.111))
[movedbg #1924] pre(grounded=False, jumping=False, normal=(0.000,1.000,0.000), vel=(0.000,0.000,0.000)) probe(trace_dist=0.0508, hit=False, normal_y=None, fraction=None) post(grounded=True, vel=(0.000,0.000,0.000), horiz_speed=0.000, pos=(-23.678,-0.020,0.111))
[movedbg #1925] pre(grounded=False, jumping=False, normal=(0.000,1.000,0.000), vel=(0.000,0.000,0.000)) probe(trace_dist=0.0508, hit=False, normal_y=None, fraction=None) post(grounded=False, vel=(0.000,-0.082,0.000), horiz_speed=0.000, pos=(-23.678,-0.021,0.111))
[movedbg #1926] pre(grounded=False, jumping=False, normal=(0.000,1.000,0.000), vel=(0.000,-0.082,0.000)) probe(trace_dist=0.0508, hit=False, normal_y=None, fraction=None) post(grounded=False, vel=(0.000,-0.164,0.000), horiz_speed=0.000, pos=(-23.678,-0.022,0.111))
[movedbg #1927] pre(grounded=False, jumping=False, normal=(0.000,1.000,0.000), vel=(0.000,-0.164,0.000)) probe(trace_dist=0.0508, hit=False, normal_y=None, fraction=None) post(grounded=True, vel=(0.000,0.000,0.000), horiz_speed=0.000, pos=(-23.679,-0.022,0.111))
[movedbg #1928] pre(grounded=False, jumping=False, normal=(0.000,1.000,0.000), vel=(0.000,0.000,0.000)) probe(trace_dist=0.0508, hit=False, normal_y=None, fraction=None) post(grounded=False, vel=(0.000,-0.082,0.000), horiz_speed=0.000, pos=(-23.679,-0.022,0.111))
[movedbg #1929] pre(grounded=False, jumping=False, normal=(0.000,1.000,0.000), vel=(0.000,-0.082,0.000)) probe(trace_dist=0.0508, hit=False, normal_y=None, fraction=None) post(grounded=True, vel=(0.000,0.000,0.000), horiz_speed=0.000, pos=(-23.679,-0.021,0.111))
[movedbg #1930] pre(grounded=False, jumping=False, normal=(0.000,1.000,0.000), vel=(0.000,0.000,0.000)) probe(trace_dist=0.0508, hit=False, normal_y=None, fraction=None) post(grounded=False, vel=(0.000,-0.082,0.000), horiz_speed=0.000, pos=(-23.679,-0.022,0.111))
[movedbg #1931] pre(grounded=False, jumping=False, normal=(0.000,1.000,0.000), vel=(0.000,-0.082,0.000)) probe(trace_dist=0.0508, hit=False, normal_y=None, fraction=None) post(grounded=True, vel=(0.000,0.000,0.000), horiz_speed=0.000, pos=(-23.679,-0.021,0.111))
[movedbg #1932] pre(grounded=False, jumping=False, normal=(0.000,1.000,0.000), vel=(0.000,0.000,0.000)) probe(trace_dist=0.0508, hit=False, normal_y=None, fraction=None) post(grounded=False, vel=(0.000,-0.082,0.000), horiz_speed=0.000, pos=(-23.679,-0.022,0.111))
[movedbg #1933] pre(grounded=False, jumping=False, normal=(0.000,1.000,0.000), vel=(0.000,-0.082,0.000)) probe(trace_dist=0.0508, hit=False, normal_y=None, fraction=None) post(grounded=True, vel=(0.000,0.000,0.000), horiz_speed=0.000, pos=(-23.680,-0.022,0.111))
[movedbg #1934] pre(grounded=False, jumping=False, normal=(0.000,1.000,0.000), vel=(0.000,0.000,0.000)) probe(trace_dist=0.0508, hit=False, normal_y=None, fraction=None) post(grounded=True, vel=(0.000,0.000,0.000), horiz_speed=0.000, pos=(-23.680,-0.021,0.111))
[movedbg #1935] pre(grounded=False, jumping=False, normal=(0.000,1.000,0.000), vel=(0.000,0.000,0.000)) probe(trace_dist=0.0508, hit=False, normal_y=None, fraction=None) post(grounded=False, vel=(0.000,-0.082,0.000), horiz_speed=0.000, pos=(-23.680,-0.022,0.111))
[movedbg #1936] pre(grounded=False, jumping=False, normal=(0.000,1.000,0.000), vel=(0.000,-0.082,0.000)) probe(trace_dist=0.0508, hit=False, normal_y=None, fraction=None) post(grounded=False, vel=(0.000,-0.164,0.000), horiz_speed=0.000, pos=(-23.680,-0.023,0.111))
[movedbg #1937] pre(grounded=False, jumping=False, normal=(0.000,1.000,0.000), vel=(0.000,-0.164,0.000)) probe(trace_dist=0.0508, hit=False, normal_y=None, fraction=None) post(grounded=True, vel=(0.000,0.000,0.000), horiz_speed=0.000, pos=(-23.680,-0.022,0.111))
[movedbg #1938] pre(grounded=False, jumping=False, normal=(0.000,1.000,0.000), vel=(0.000,0.000,0.000)) probe(trace_dist=0.0508, hit=False, normal_y=None, fraction=None) post(grounded=False, vel=(0.000,-0.082,0.000), horiz_speed=0.000, pos=(-23.680,-0.023,0.111))
[movedbg #1939] pre(grounded=False, jumping=False, normal=(0.000,1.000,0.000), vel=(0.000,-0.082,0.000)) probe(trace_dist=0.0508, hit=False, normal_y=None, fraction=None) post(grounded=True, vel=(0.000,0.000,0.000), horiz_speed=0.000, pos=(-23.681,-0.022,0.111))
[movedbg #1940] pre(grounded=False, jumping=False, normal=(0.000,1.000,0.000), vel=(0.000,0.000,0.000)) probe(trace_dist=0.0508, hit=False, normal_y=None, fraction=None) post(grounded=False, vel=(0.000,-0.082,0.000), horiz_speed=0.000, pos=(-23.681,-0.023,0.111))
[movedbg #1941] pre(grounded=False, jumping=False, normal=(0.000,1.000,0.000), vel=(0.000,-0.082,0.000)) probe(trace_dist=0.0508, hit=False, normal_y=None, fraction=None) post(grounded=True, vel=(0.000,0.000,0.000), horiz_speed=0.000, pos=(-23.681,-0.022,0.111))
[movedbg #1942] pre(grounded=False, jumping=False, normal=(0.000,1.000,0.000), vel=(0.000,0.000,0.000)) probe(trace_dist=0.0508, hit=False, normal_y=None, fraction=None) post(grounded=False, vel=(0.000,-0.082,0.000), horiz_speed=0.000, pos=(-23.681,-0.022,0.111))
[movedbg #1943] pre(grounded=False, jumping=False, normal=(0.000,1.000,0.000), vel=(0.000,-0.082,0.000)) probe(trace_dist=0.0508, hit=False, normal_y=None, fraction=None) post(grounded=True, vel=(0.000,0.000,0.000), horiz_speed=0.000, pos=(-23.682,-0.023,0.111))
[movedbg #1944] pre(grounded=False, jumping=False, normal=(0.000,1.000,0.000), vel=(0.000,0.000,0.000)) probe(trace_dist=0.0508, hit=False, normal_y=None, fraction=None) post(grounded=False, vel=(0.000,-0.082,0.000), horiz_speed=0.000, pos=(-23.682,-0.023,0.111))
[movedbg #1945] pre(grounded=False, jumping=False, normal=(0.000,1.000,0.000), vel=(0.000,-0.082,0.000)) probe(trace_dist=0.0508, hit=False, normal_y=None, fraction=None) post(grounded=True, vel=(0.000,0.000,0.000), horiz_speed=0.000, pos=(-23.682,-0.023,0.111))
[movedbg #1946] pre(grounded=False, jumping=False, normal=(0.000,1.000,0.000), vel=(0.000,0.000,0.000)) probe(trace_dist=0.0508, hit=False, normal_y=None, fraction=None) post(grounded=False, vel=(0.000,-0.082,0.000), horiz_speed=0.000, pos=(-23.682,-0.023,0.111))
[movedbg #1947] pre(grounded=False, jumping=False, normal=(0.000,1.000,0.000), vel=(0.000,-0.082,0.000)) probe(trace_dist=0.0508, hit=False, normal_y=None, fraction=None) post(grounded=True, vel=(0.000,0.000,0.000), horiz_speed=0.000, pos=(-23.682,-0.022,0.111))
[movedbg #1948] pre(grounded=False, jumping=False, normal=(0.000,1.000,0.000), vel=(0.000,0.000,0.000)) probe(trace_dist=0.0508, hit=False, normal_y=None, fraction=None) post(grounded=False, vel=(0.000,-0.082,0.000), horiz_speed=0.000, pos=(-23.682,-0.023,0.111))
[movedbg #1949] pre(grounded=False, jumping=False, normal=(0.000,1.000,0.000), vel=(0.000,-0.082,0.000)) probe(trace_dist=0.0508, hit=False, normal_y=None, fraction=None) post(grounded=True, vel=(0.000,0.000,0.000), horiz_speed=0.000, pos=(-23.683,-0.023,0.111))
[movedbg #1950] pre(grounded=False, jumping=False, normal=(0.000,1.000,0.000), vel=(0.000,0.000,0.000)) probe(trace_dist=0.0508, hit=False, normal_y=None, fraction=None) post(grounded=False, vel=(0.000,-0.082,0.000), horiz_speed=0.000, pos=(-23.683,-0.024,0.111))
[movedbg #1951] pre(grounded=False, jumping=False, normal=(0.000,1.000,0.000), vel=(0.000,-0.082,0.000)) probe(trace_dist=0.0508, hit=False, normal_y=None, fraction=None) post(grounded=True, vel=(0.000,0.000,0.000), horiz_speed=0.000, pos=(-23.683,-0.023,0.111))
[movedbg #1952] pre(grounded=False, jumping=False, normal=(0.000,1.000,0.000), vel=(0.000,0.000,0.000)) probe(trace_dist=0.0508, hit=False, normal_y=None, fraction=None) post(grounded=False, vel=(0.000,-0.082,0.000), horiz_speed=0.000, pos=(-23.683,-0.024,0.111))
[movedbg #1953] pre(grounded=False, jumping=False, normal=(0.000,1.000,0.000), vel=(0.000,-0.082,0.000)) probe(trace_dist=0.0508, hit=False, normal_y=None, fraction=None) post(grounded=True, vel=(0.000,0.000,0.000), horiz_speed=0.000, pos=(-23.683,-0.023,0.111))
[movedbg #1954] pre(grounded=False, jumping=False, normal=(0.000,1.000,0.000), vel=(0.000,0.000,0.000)) probe(trace_dist=0.0508, hit=False, normal_y=None, fraction=None) post(grounded=False, vel=(0.000,-0.082,0.000), horiz_speed=0.000, pos=(-23.683,-0.023,0.111))
[movedbg #1955] pre(grounded=False, jumping=False, normal=(0.000,1.000,0.000), vel=(0.000,-0.082,0.000)) probe(trace_dist=0.0508, hit=False, normal_y=None, fraction=None) post(grounded=True, vel=(0.000,0.000,0.000), horiz_speed=0.000, pos=(-23.684,-0.024,0.111))
[movedbg #1956] pre(grounded=False, jumping=False, normal=(0.000,1.000,0.000), vel=(0.000,0.000,0.000)) probe(trace_dist=0.0508, hit=False, normal_y=None, fraction=None) post(grounded=False, vel=(0.000,-0.082,0.000), horiz_speed=0.000, pos=(-23.684,-0.024,0.111))
[movedbg #1957] pre(grounded=False, jumping=False, normal=(0.000,1.000,0.000), vel=(0.000,-0.082,0.000)) probe(trace_dist=0.0508, hit=False, normal_y=None, fraction=None) post(grounded=True, vel=(0.000,0.000,0.000), horiz_speed=0.000, pos=(-23.684,-0.023,0.111))
[movedbg #1958] pre(grounded=False, jumping=False, normal=(0.000,1.000,0.000), vel=(0.000,0.000,0.000)) probe(trace_dist=0.0508, hit=False, normal_y=None, fraction=None) post(grounded=False, vel=(0.000,-0.082,0.000), horiz_speed=0.000, pos=(-23.684,-0.024,0.111))
[movedbg #1959] pre(grounded=False, jumping=False, normal=(0.000,1.000,0.000), vel=(0.000,-0.082,0.000)) probe(trace_dist=0.0508, hit=False, normal_y=None, fraction=None) post(grounded=True, vel=(0.000,0.000,0.000), horiz_speed=0.000, pos=(-23.685,-0.023,0.111))
[movedbg #1960] pre(grounded=False, jumping=False, normal=(0.000,1.000,0.000), vel=(0.000,0.000,0.000)) probe(trace_dist=0.0508, hit=False, normal_y=None, fraction=None) post(grounded=False, vel=(0.000,-0.082,0.000), horiz_speed=0.000, pos=(-23.685,-0.024,0.111))
[movedbg #1961] pre(grounded=False, jumping=False, normal=(0.000,1.000,0.000), vel=(0.000,-0.082,0.000)) probe(trace_dist=0.0508, hit=False, normal_y=None, fraction=None) post(grounded=True, vel=(0.000,0.000,0.000), horiz_speed=0.000, pos=(-23.685,-0.024,0.111))
[movedbg #1962] pre(grounded=False, jumping=False, normal=(0.000,1.000,0.000), vel=(0.000,0.000,0.000)) probe(trace_dist=0.0508, hit=False, normal_y=None, fraction=None) post(grounded=False, vel=(0.000,-0.082,0.000), horiz_speed=0.000, pos=(-23.685,-0.025,0.111))
[movedbg #1963] pre(grounded=False, jumping=False, normal=(0.000,1.000,0.000), vel=(0.000,-0.082,0.000)) probe(trace_dist=0.0508, hit=False, normal_y=None, fraction=None) post(grounded=True, vel=(0.000,0.000,0.000), horiz_speed=0.000, pos=(-23.685,-0.024,0.111))
[movedbg #1964] pre(grounded=False, jumping=False, normal=(0.000,1.000,0.000), vel=(0.000,0.000,0.000)) probe(trace_dist=0.0508, hit=False, normal_y=None, fraction=None) post(grounded=False, vel=(0.000,-0.082,0.000), horiz_speed=0.000, pos=(-23.685,-0.025,0.111))
[movedbg #1965] pre(grounded=False, jumping=False, normal=(0.000,1.000,0.000), vel=(0.000,-0.082,0.000)) probe(trace_dist=0.0508, hit=False, normal_y=None, fraction=None) post(grounded=True, vel=(0.000,0.000,0.000), horiz_speed=0.000, pos=(-23.686,-0.024,0.111))
[movedbg #1966] pre(grounded=False, jumping=False, normal=(0.000,1.000,0.000), vel=(0.000,0.000,0.000)) probe(trace_dist=0.0508, hit=False, normal_y=None, fraction=None) post(grounded=False, vel=(0.000,-0.082,0.000), horiz_speed=0.000, pos=(-23.686,-0.024,0.111))
[movedbg #1967] pre(grounded=False, jumping=False, normal=(0.000,1.000,0.000), vel=(0.000,-0.082,0.000)) probe(trace_dist=0.0508, hit=False, normal_y=None, fraction=None) post(grounded=True, vel=(0.000,0.000,0.000), horiz_speed=0.000, pos=(-23.686,-0.025,0.111))
[movedbg #1968] pre(grounded=False, jumping=False, normal=(0.000,1.000,0.000), vel=(0.000,0.000,0.000)) probe(trace_dist=0.0508, hit=False, normal_y=None, fraction=None) post(grounded=False, vel=(0.000,-0.082,0.000), horiz_speed=0.000, pos=(-23.686,-0.025,0.111))
[movedbg #1969] pre(grounded=False, jumping=False, normal=(0.000,1.000,0.000), vel=(0.000,-0.082,0.000)) probe(trace_dist=0.0508, hit=False, normal_y=None, fraction=None) post(grounded=True, vel=(0.000,0.000,0.000), horiz_speed=0.000, pos=(-23.686,-0.024,0.111))
[movedbg #1970] pre(grounded=False, jumping=False, normal=(0.000,1.000,0.000), vel=(0.000,0.000,0.000)) probe(trace_dist=0.0508, hit=False, normal_y=None, fraction=None) post(grounded=False, vel=(0.000,-0.082,0.000), horiz_speed=0.000, pos=(-23.686,-0.025,0.111))
[movedbg #1971] pre(grounded=False, jumping=False, normal=(0.000,1.000,0.000), vel=(0.000,-0.082,0.000)) probe(trace_dist=0.0508, hit=False, normal_y=None, fraction=None) post(grounded=True, vel=(0.000,0.000,0.000), horiz_speed=0.000, pos=(-23.687,-0.024,0.111))
[movedbg #1972] pre(grounded=False, jumping=False, normal=(0.000,1.000,0.000), vel=(0.000,0.000,0.000)) probe(trace_dist=0.0508, hit=False, normal_y=None, fraction=None) post(grounded=False, vel=(0.000,-0.082,0.000), horiz_speed=0.000, pos=(-23.687,-0.025,0.111))
[movedbg #1973] pre(grounded=False, jumping=False, normal=(0.000,1.000,0.000), vel=(0.000,-0.082,0.000)) probe(trace_dist=0.0508, hit=False, normal_y=None, fraction=None) post(grounded=True, vel=(0.000,0.000,0.000), horiz_speed=0.000, pos=(-23.687,-0.025,0.111))
[movedbg #1974] pre(grounded=False, jumping=False, normal=(0.000,1.000,0.000), vel=(0.000,0.000,0.000)) probe(trace_dist=0.0508, hit=False, normal_y=None, fraction=None) post(grounded=False, vel=(0.000,-0.082,0.000), horiz_speed=0.000, pos=(-23.687,-0.026,0.111))
[movedbg #1975] pre(grounded=False, jumping=False, normal=(0.000,1.000,0.000), vel=(0.000,-0.082,0.000)) probe(trace_dist=0.0508, hit=False, normal_y=None, fraction=None) post(grounded=True, vel=(0.000,0.000,0.000), horiz_speed=0.000, pos=(-23.687,-0.025,0.111))
[movedbg #1976] pre(grounded=False, jumping=False, normal=(0.000,1.000,0.000), vel=(0.000,0.000,0.000)) probe(trace_dist=0.0508, hit=False, normal_y=None, fraction=None) post(grounded=False, vel=(0.000,-0.082,0.000), horiz_speed=0.000, pos=(-23.687,-0.025,0.111))
[movedbg #1977] pre(grounded=False, jumping=False, normal=(0.000,1.000,0.000), vel=(0.000,-0.082,0.000)) probe(trace_dist=0.0508, hit=False, normal_y=None, fraction=None) post(grounded=True, vel=(0.000,0.000,0.000), horiz_speed=0.000, pos=(-23.688,-0.025,0.111))
[movedbg #1978] pre(grounded=False, jumping=False, normal=(0.000,1.000,0.000), vel=(0.000,0.000,0.000)) probe(trace_dist=0.0508, hit=False, normal_y=None, fraction=None) post(grounded=False, vel=(0.000,-0.082,0.000), horiz_speed=0.000, pos=(-23.688,-0.025,0.111))
[movedbg #1979] pre(grounded=False, jumping=False, normal=(0.000,1.000,0.000), vel=(0.000,-0.082,0.000)) probe(trace_dist=0.0508, hit=False, normal_y=None, fraction=None) post(grounded=True, vel=(0.000,0.000,0.000), horiz_speed=0.000, pos=(-23.688,-0.025,0.111))
[movedbg #1980] pre(grounded=False, jumping=False, normal=(0.000,1.000,0.000), vel=(0.000,0.000,0.000)) probe(trace_dist=0.0508, hit=False, normal_y=None, fraction=None) post(grounded=False, vel=(0.000,-0.082,0.000), horiz_speed=0.000, pos=(-23.688,-0.026,0.111))
[movedbg #1981] pre(grounded=False, jumping=False, normal=(0.000,1.000,0.000), vel=(0.000,-0.082,0.000)) probe(trace_dist=0.0508, hit=False, normal_y=None, fraction=None) post(grounded=True, vel=(0.000,0.000,0.000), horiz_speed=0.000, pos=(-23.689,-0.025,0.111))
[movedbg #1982] pre(grounded=False, jumping=False, normal=(0.000,1.000,0.000), vel=(0.000,0.000,0.000)) probe(trace_dist=0.0508, hit=False, normal_y=None, fraction=None) post(grounded=False, vel=(0.000,-0.082,0.000), horiz_speed=0.000, pos=(-23.689,-0.026,0.111))
[movedbg #1983] pre(grounded=False, jumping=False, normal=(0.000,1.000,0.000), vel=(0.000,-0.082,0.000)) probe(trace_dist=0.0508, hit=False, normal_y=None, fraction=None) post(grounded=True, vel=(0.000,0.000,0.000), horiz_speed=0.000, pos=(-23.689,-0.025,0.111))
[movedbg #1984] pre(grounded=False, jumping=False, normal=(0.000,1.000,0.000), vel=(0.000,0.000,0.000)) probe(trace_dist=0.0508, hit=False, normal_y=None, fraction=None) post(grounded=False, vel=(0.000,-0.082,0.000), horiz_speed=0.000, pos=(-23.689,-0.026,0.111))
[movedbg #1985] pre(grounded=False, jumping=False, normal=(0.000,1.000,0.000), vel=(0.000,-0.082,0.000)) probe(trace_dist=0.0508, hit=False, normal_y=None, fraction=None) post(grounded=True, vel=(0.000,0.000,0.000), horiz_speed=0.000, pos=(-23.689,-0.026,0.111))
[movedbg #1986] pre(grounded=False, jumping=False, normal=(0.000,1.000,0.000), vel=(0.000,0.000,0.000)) probe(trace_dist=0.0508, hit=False, normal_y=None, fraction=None) post(grounded=True, vel=(0.000,0.000,0.000), horiz_speed=0.000, pos=(-23.690,-0.025,0.111))
[movedbg #1987] pre(grounded=False, jumping=False, normal=(0.000,1.000,0.000), vel=(0.000,0.000,0.000)) probe(trace_dist=0.0508, hit=False, normal_y=None, fraction=None) post(grounded=False, vel=(0.000,-0.082,0.000), horiz_speed=0.000, pos=(-23.690,-0.026,0.111))
[movedbg #1988] pre(grounded=False, jumping=False, normal=(0.000,1.000,0.000), vel=(0.000,-0.082,0.000)) probe(trace_dist=0.0508, hit=False, normal_y=None, fraction=None) post(grounded=False, vel=(0.000,-0.164,0.000), horiz_speed=0.000, pos=(-23.690,-0.027,0.111))
[movedbg #1989] pre(grounded=False, jumping=False, normal=(0.000,1.000,0.000), vel=(0.000,-0.164,0.000)) probe(trace_dist=0.0508, hit=False, normal_y=None, fraction=None) post(grounded=True, vel=(0.000,0.000,0.000), horiz_speed=0.000, pos=(-23.690,-0.026,0.111))
[movedbg #1990] pre(grounded=False, jumping=False, normal=(0.000,1.000,0.000), vel=(0.000,0.000,0.000)) probe(trace_dist=0.0508, hit=False, normal_y=None, fraction=None) post(grounded=False, vel=(0.000,-0.082,0.000), horiz_speed=0.000, pos=(-23.690,-0.027,0.111))
[movedbg #1991] pre(grounded=False, jumping=False, normal=(0.000,1.000,0.000), vel=(0.000,-0.082,0.000)) probe(trace_dist=0.0508, hit=False, normal_y=None, fraction=None) post(grounded=True, vel=(0.000,0.000,0.000), horiz_speed=0.000, pos=(-23.690,-0.026,0.111))
[movedbg #1992] pre(grounded=False, jumping=False, normal=(0.000,1.000,0.000), vel=(0.000,0.000,0.000)) probe(trace_dist=0.0508, hit=False, normal_y=None, fraction=None) post(grounded=False, vel=(0.000,-0.082,0.000), horiz_speed=0.000, pos=(-23.690,-0.027,0.111))
[movedbg #1993] pre(grounded=False, jumping=False, normal=(0.000,1.000,0.000), vel=(0.000,-0.082,0.000)) probe(trace_dist=0.0508, hit=False, normal_y=None, fraction=None) post(grounded=True, vel=(0.000,0.000,0.000), horiz_speed=0.000, pos=(-23.691,-0.026,0.111))
[movedbg #1994] pre(grounded=False, jumping=False, normal=(0.000,1.000,0.000), vel=(0.000,0.000,0.000)) probe(trace_dist=0.0508, hit=False, normal_y=None, fraction=None) post(grounded=False, vel=(0.000,-0.082,0.000), horiz_speed=0.000, pos=(-23.691,-0.026,0.111))
[movedbg #1995] pre(grounded=False, jumping=False, normal=(0.000,1.000,0.000), vel=(0.000,-0.082,0.000)) probe(trace_dist=0.0508, hit=False, normal_y=None, fraction=None) post(grounded=True, vel=(0.000,0.000,0.000), horiz_speed=0.000, pos=(-23.691,-0.027,0.111))
[movedbg #1996] pre(grounded=False, jumping=False, normal=(0.000,1.000,0.000), vel=(0.000,0.000,0.000)) probe(trace_dist=0.0508, hit=False, normal_y=None, fraction=None) post(grounded=False, vel=(0.000,-0.082,0.000), horiz_speed=0.000, pos=(-23.691,-0.027,0.111))
[movedbg #1997] pre(grounded=False, jumping=False, normal=(0.000,1.000,0.000), vel=(0.000,-0.082,0.000)) probe(trace_dist=0.0508, hit=False, normal_y=None, fraction=None) post(grounded=True, vel=(0.000,0.000,0.000), horiz_speed=0.000, pos=(-23.692,-0.026,0.111))
[movedbg #1998] pre(grounded=False, jumping=False, normal=(0.000,1.000,0.000), vel=(0.000,0.000,0.000)) probe(trace_dist=0.0508, hit=False, normal_y=None, fraction=None) post(grounded=False, vel=(0.000,-0.082,0.000), horiz_speed=0.000, pos=(-23.692,-0.027,0.111))
[movedbg #1999] pre(grounded=False, jumping=False, normal=(0.000,1.000,0.000), vel=(0.000,-0.082,0.000)) probe(trace_dist=0.0508, hit=False, normal_y=None, fraction=None) post(grounded=True, vel=(0.000,0.000,0.000), horiz_speed=0.000, pos=(-23.692,-0.026,0.111))
[movedbg #2000] pre(grounded=False, jumping=False, normal=(0.000,1.000,0.000), vel=(0.000,0.000,0.000)) probe(trace_dist=0.0508, hit=False, normal_y=None, fraction=None) post(grounded=False, vel=(0.000,-0.082,0.000), horiz_speed=0.000, pos=(-23.692,-0.027,0.111))
[movedbg #2001] pre(grounded=False, jumping=False, normal=(0.000,1.000,0.000), vel=(0.000,-0.082,0.000)) probe(trace_dist=0.0508, hit=False, normal_y=None, fraction=None) post(grounded=True, vel=(0.000,0.000,0.000), horiz_speed=0.000, pos=(-23.692,-0.027,0.111))
[movedbg #2002] pre(grounded=False, jumping=False, normal=(0.000,1.000,0.000), vel=(0.000,0.000,0.000)) probe(trace_dist=0.0508, hit=False, normal_y=None, fraction=None) post(grounded=True, vel=(0.000,0.000,0.000), horiz_speed=0.000, pos=(-23.693,-0.026,0.111))
[movedbg #2003] pre(grounded=False, jumping=False, normal=(0.000,1.000,0.000), vel=(0.000,0.000,0.000)) probe(trace_dist=0.0508, hit=False, normal_y=None, fraction=None) post(grounded=False, vel=(0.000,-0.082,0.000), horiz_speed=0.000, pos=(-23.693,-0.027,0.111))
[movedbg #2004] pre(grounded=False, jumping=False, normal=(0.000,1.000,0.000), vel=(0.000,-0.082,0.000)) probe(trace_dist=0.0508, hit=False, normal_y=None, fraction=None) post(grounded=False, vel=(0.000,-0.164,0.000), horiz_speed=0.000, pos=(-23.693,-0.028,0.111))
[movedbg #2005] pre(grounded=False, jumping=False, normal=(0.000,1.000,0.000), vel=(0.000,-0.164,0.000)) probe(trace_dist=0.0508, hit=False, normal_y=None, fraction=None) post(grounded=True, vel=(0.000,0.000,0.000), horiz_speed=0.000, pos=(-23.693,-0.027,0.111))
[movedbg #2006] pre(grounded=False, jumping=False, normal=(0.000,1.000,0.000), vel=(0.000,0.000,0.000)) probe(trace_dist=0.0508, hit=False, normal_y=None, fraction=None) post(grounded=False, vel=(0.000,-0.082,0.000), horiz_speed=0.000, pos=(-23.693,-0.028,0.111))
[movedbg #2007] pre(grounded=False, jumping=False, normal=(0.000,1.000,0.000), vel=(0.000,-0.082,0.000)) probe(trace_dist=0.0508, hit=False, normal_y=None, fraction=None) post(grounded=True, vel=(0.000,0.000,0.000), horiz_speed=0.000, pos=(-23.693,-0.027,0.111))
[movedbg #2008] pre(grounded=False, jumping=False, normal=(0.000,1.000,0.000), vel=(0.000,0.000,0.000)) probe(trace_dist=0.0508, hit=False, normal_y=None, fraction=None) post(grounded=False, vel=(0.000,-0.082,0.000), horiz_speed=0.000, pos=(-23.693,-0.028,0.111))
[movedbg #2009] pre(grounded=False, jumping=False, normal=(0.000,1.000,0.000), vel=(0.000,-0.082,0.000)) probe(trace_dist=0.0508, hit=False, normal_y=None, fraction=None) post(grounded=True, vel=(0.000,0.000,0.000), horiz_speed=0.000, pos=(-23.694,-0.027,0.111))
[movedbg #2010] pre(grounded=False, jumping=False, normal=(0.000,1.000,0.000), vel=(0.000,0.000,0.000)) probe(trace_dist=0.0508, hit=False, normal_y=None, fraction=None) post(grounded=False, vel=(0.000,-0.082,0.000), horiz_speed=0.000, pos=(-23.694,-0.027,0.111))
[movedbg #2011] pre(grounded=False, jumping=False, normal=(0.000,1.000,0.000), vel=(0.000,-0.082,0.000)) probe(trace_dist=0.0508, hit=False, normal_y=None, fraction=None) post(grounded=True, vel=(0.000,0.000,0.000), horiz_speed=0.000, pos=(-23.694,-0.028,0.111))
[movedbg #2012] pre(grounded=False, jumping=False, normal=(0.000,1.000,0.000), vel=(0.000,0.000,0.000)) probe(trace_dist=0.0508, hit=False, normal_y=None, fraction=None) post(grounded=False, vel=(0.000,-0.082,0.000), horiz_speed=0.000, pos=(-23.694,-0.028,0.111))
[movedbg #2013] pre(grounded=False, jumping=False, normal=(0.000,1.000,0.000), vel=(0.000,-0.082,0.000)) probe(trace_dist=0.0508, hit=False, normal_y=None, fraction=None) post(grounded=True, vel=(0.000,0.000,0.000), horiz_speed=0.000, pos=(-23.695,-0.028,0.111))
[movedbg #2014] pre(grounded=False, jumping=False, normal=(0.000,1.000,0.000), vel=(0.000,0.000,0.000)) probe(trace_dist=0.0508, hit=False, normal_y=None, fraction=None) post(grounded=False, vel=(0.000,-0.082,0.000), horiz_speed=0.000, pos=(-23.695,-0.028,0.111))
[movedbg #2015] pre(grounded=False, jumping=False, normal=(0.000,1.000,0.000), vel=(0.000,-0.082,0.000)) probe(trace_dist=0.0508, hit=False, normal_y=None, fraction=None) post(grounded=True, vel=(0.000,0.000,0.000), horiz_speed=0.000, pos=(-23.695,-0.027,0.111))
[movedbg #2016] pre(grounded=False, jumping=False, normal=(0.000,1.000,0.000), vel=(0.000,0.000,0.000)) probe(trace_dist=0.0508, hit=False, normal_y=None, fraction=None) post(grounded=False, vel=(0.000,-0.082,0.000), horiz_speed=0.000, pos=(-23.695,-0.028,0.111))
[movedbg #2017] pre(grounded=False, jumping=False, normal=(0.000,1.000,0.000), vel=(0.000,-0.082,0.000)) probe(trace_dist=0.0508, hit=False, normal_y=None, fraction=None) post(grounded=True, vel=(0.000,0.000,0.000), horiz_speed=0.000, pos=(-23.695,-0.028,0.111))
[movedbg #2018] pre(grounded=False, jumping=False, normal=(0.000,1.000,0.000), vel=(0.000,0.000,0.000)) probe(trace_dist=0.0508, hit=False, normal_y=None, fraction=None) post(grounded=False, vel=(0.000,-0.082,0.000), horiz_speed=0.000, pos=(-23.695,-0.029,0.111))
[movedbg #2019] pre(grounded=False, jumping=False, normal=(0.000,1.000,0.000), vel=(0.000,-0.082,0.000)) probe(trace_dist=0.0508, hit=False, normal_y=None, fraction=None) post(grounded=True, vel=(0.000,0.000,0.000), horiz_speed=0.000, pos=(-23.696,-0.028,0.111))
[movedbg #2020] pre(grounded=False, jumping=False, normal=(0.000,1.000,0.000), vel=(0.000,0.000,0.000)) probe(trace_dist=0.0508, hit=False, normal_y=None, fraction=None) post(grounded=False, vel=(0.000,-0.082,0.000), horiz_speed=0.000, pos=(-23.696,-0.029,0.111))
[movedbg #2021] pre(grounded=False, jumping=False, normal=(0.000,1.000,0.000), vel=(0.000,-0.082,0.000)) probe(trace_dist=0.0508, hit=False, normal_y=None, fraction=None) post(grounded=True, vel=(0.000,0.000,0.000), horiz_speed=0.000, pos=(-23.696,-0.028,0.111))
[movedbg #2022] pre(grounded=False, jumping=False, normal=(0.000,1.000,0.000), vel=(0.000,0.000,0.000)) probe(trace_dist=0.0508, hit=False, normal_y=None, fraction=None) post(grounded=False, vel=(0.000,-0.082,0.000), horiz_speed=0.000, pos=(-23.696,-0.028,0.111))
[movedbg #2023] pre(grounded=False, jumping=False, normal=(0.000,1.000,0.000), vel=(0.000,-0.082,0.000)) probe(trace_dist=0.0508, hit=False, normal_y=None, fraction=None) post(grounded=True, vel=(0.000,0.000,0.000), horiz_speed=0.000, pos=(-23.696,-0.029,0.111))
[movedbg #2024] pre(grounded=False, jumping=False, normal=(0.000,1.000,0.000), vel=(0.000,0.000,0.000)) probe(trace_dist=0.0508, hit=False, normal_y=None, fraction=None) post(grounded=False, vel=(0.000,-0.082,0.000), horiz_speed=0.000, pos=(-23.696,-0.029,0.111))
[movedbg #2025] pre(grounded=False, jumping=False, normal=(0.000,1.000,0.000), vel=(0.000,-0.082,0.000)) probe(trace_dist=0.0508, hit=False, normal_y=None, fraction=None) post(grounded=True, vel=(0.000,0.000,0.000), horiz_speed=0.000, pos=(-23.697,-0.028,0.111))
[movedbg #2026] pre(grounded=False, jumping=False, normal=(0.000,1.000,0.000), vel=(0.000,0.000,0.000)) probe(trace_dist=0.0508, hit=False, normal_y=None, fraction=None) post(grounded=False, vel=(0.000,-0.082,0.000), horiz_speed=0.000, pos=(-23.697,-0.029,0.111))
[movedbg #2027] pre(grounded=False, jumping=False, normal=(0.000,1.000,0.000), vel=(0.000,-0.082,0.000)) probe(trace_dist=0.0508, hit=False, normal_y=None, fraction=None) post(grounded=True, vel=(0.000,0.000,0.000), horiz_speed=0.000, pos=(-23.697,-0.028,0.111))
[movedbg #2028] pre(grounded=False, jumping=False, normal=(0.000,1.000,0.000), vel=(0.000,0.000,0.000)) probe(trace_dist=0.0508, hit=False, normal_y=None, fraction=None) post(grounded=False, vel=(0.000,-0.082,0.000), horiz_speed=0.000, pos=(-23.697,-0.029,0.111))
[movedbg #2029] pre(grounded=False, jumping=False, normal=(0.000,1.000,0.000), vel=(0.000,-0.082,0.000)) probe(trace_dist=0.0508, hit=False, normal_y=None, fraction=None) post(grounded=True, vel=(0.000,0.000,0.000), horiz_speed=0.000, pos=(-23.697,-0.029,0.111))
[movedbg #2030] pre(grounded=False, jumping=False, normal=(0.000,1.000,0.000), vel=(0.000,0.000,0.000)) probe(trace_dist=0.0508, hit=False, normal_y=None, fraction=None) post(grounded=False, vel=(0.000,-0.082,0.000), horiz_speed=0.000, pos=(-23.697,-0.030,0.111))
[movedbg #2031] pre(grounded=False, jumping=False, normal=(0.000,1.000,0.000), vel=(0.000,-0.082,0.000)) probe(trace_dist=0.0508, hit=False, normal_y=None, fraction=None) post(grounded=True, vel=(0.000,0.000,0.000), horiz_speed=0.000, pos=(-23.698,-0.029,0.111))
[movedbg #2032] pre(grounded=False, jumping=False, normal=(0.000,1.000,0.000), vel=(0.000,0.000,0.000)) probe(trace_dist=0.0508, hit=False, normal_y=None, fraction=None) post(grounded=False, vel=(0.000,-0.082,0.000), horiz_speed=0.000, pos=(-23.698,-0.030,0.111))
[movedbg #2033] pre(grounded=False, jumping=False, normal=(0.000,1.000,0.000), vel=(0.000,-0.082,0.000)) probe(trace_dist=0.0508, hit=False, normal_y=None, fraction=None) post(grounded=True, vel=(0.000,0.000,0.000), horiz_speed=0.000, pos=(-23.698,-0.029,0.111))
[movedbg #2034] pre(grounded=False, jumping=False, normal=(0.000,1.000,0.000), vel=(0.000,0.000,0.000)) probe(trace_dist=0.0508, hit=False, normal_y=None, fraction=None) post(grounded=False, vel=(0.000,-0.082,0.000), horiz_speed=0.000, pos=(-23.698,-0.029,0.111))
[movedbg #2035] pre(grounded=False, jumping=False, normal=(0.000,1.000,0.000), vel=(0.000,-0.082,0.000)) probe(trace_dist=0.0508, hit=False, normal_y=None, fraction=None) post(grounded=True, vel=(0.000,0.000,0.000), horiz_speed=0.000, pos=(-23.699,-0.030,0.111))
[movedbg #2036] pre(grounded=False, jumping=False, normal=(0.000,1.000,0.000), vel=(0.000,0.000,0.000)) probe(trace_dist=0.0508, hit=False, normal_y=None, fraction=None) post(grounded=False, vel=(0.000,-0.082,0.000), horiz_speed=0.000, pos=(-23.699,-0.030,0.111))
[movedbg #2037] pre(grounded=False, jumping=False, normal=(0.000,1.000,0.000), vel=(0.000,-0.082,0.000)) probe(trace_dist=0.0508, hit=False, normal_y=None, fraction=None) post(grounded=True, vel=(0.000,0.000,0.000), horiz_speed=0.000, pos=(-23.699,-0.029,0.111))
[movedbg #2038] pre(grounded=False, jumping=False, normal=(0.000,1.000,0.000), vel=(0.000,0.000,0.000)) probe(trace_dist=0.0508, hit=False, normal_y=None, fraction=None) post(grounded=False, vel=(0.000,-0.082,0.000), horiz_speed=0.000, pos=(-23.699,-0.030,0.111))
[movedbg #2039] pre(grounded=False, jumping=False, normal=(0.000,1.000,0.000), vel=(0.000,-0.082,0.000)) probe(trace_dist=0.0508, hit=False, normal_y=None, fraction=None) post(grounded=True, vel=(0.000,0.000,0.000), horiz_speed=0.000, pos=(-23.699,-0.029,0.111))
[movedbg #2040] pre(grounded=False, jumping=False, normal=(0.000,1.000,0.000), vel=(0.000,0.000,0.000)) probe(trace_dist=0.0508, hit=False, normal_y=None, fraction=None) post(grounded=False, vel=(0.000,-0.082,0.000), horiz_speed=0.000, pos=(-23.699,-0.030,0.111))
[movedbg #2041] pre(grounded=False, jumping=False, normal=(0.000,1.000,0.000), vel=(0.000,-0.082,0.000)) probe(trace_dist=0.0508, hit=False, normal_y=None, fraction=None) post(grounded=True, vel=(0.000,0.000,0.000), horiz_speed=0.000, pos=(-23.700,-0.030,0.111))
[movedbg #2042] pre(grounded=False, jumping=False, normal=(0.000,1.000,0.000), vel=(0.000,0.000,0.000)) probe(trace_dist=0.0508, hit=False, normal_y=None, fraction=None) post(grounded=False, vel=(0.000,-0.082,0.000), horiz_speed=0.000, pos=(-23.700,-0.031,0.111))
[movedbg #2043] pre(grounded=False, jumping=False, normal=(0.000,1.000,0.000), vel=(0.000,-0.082,0.000)) probe(trace_dist=0.0508, hit=False, normal_y=None, fraction=None) post(grounded=True, vel=(0.000,0.000,0.000), horiz_speed=0.000, pos=(-23.700,-0.030,0.111))
[movedbg #2044] pre(grounded=False, jumping=False, normal=(0.000,1.000,0.000), vel=(0.000,0.000,0.000)) probe(trace_dist=0.0508, hit=False, normal_y=None, fraction=None) post(grounded=False, vel=(0.000,-0.082,0.000), horiz_speed=0.000, pos=(-23.700,-0.030,0.111))
[movedbg #2045] pre(grounded=False, jumping=False, normal=(0.000,1.000,0.000), vel=(0.000,-0.082,0.000)) probe(trace_dist=0.0508, hit=False, normal_y=None, fraction=None) post(grounded=True, vel=(0.000,0.000,0.000), horiz_speed=0.000, pos=(-23.700,-0.030,0.111))
[movedbg #2046] pre(grounded=False, jumping=False, normal=(0.000,1.000,0.000), vel=(0.000,0.000,0.000)) probe(trace_dist=0.0508, hit=False, normal_y=None, fraction=None) post(grounded=False, vel=(0.000,-0.082,0.000), horiz_speed=0.000, pos=(-23.700,-0.030,0.111))
[movedbg #2047] pre(grounded=False, jumping=False, normal=(0.000,1.000,0.000), vel=(0.000,-0.082,0.000)) probe(trace_dist=0.0508, hit=False, normal_y=None, fraction=None) post(grounded=True, vel=(0.000,0.000,0.000), horiz_speed=0.000, pos=(-23.701,-0.030,0.111))
[movedbg #2048] pre(grounded=False, jumping=False, normal=(0.000,1.000,0.000), vel=(0.000,0.000,0.000)) probe(trace_dist=0.0508, hit=False, normal_y=None, fraction=None) post(grounded=False, vel=(0.000,-0.082,0.000), horiz_speed=0.000, pos=(-23.701,-0.031,0.111))
[movedbg #2049] pre(grounded=False, jumping=False, normal=(0.000,1.000,0.000), vel=(0.000,-0.082,0.000)) probe(trace_dist=0.0508, hit=False, normal_y=None, fraction=None) post(grounded=True, vel=(0.000,0.000,0.000), horiz_speed=0.000, pos=(-23.701,-0.030,0.111))
[movedbg #2050] pre(grounded=False, jumping=False, normal=(0.000,1.000,0.000), vel=(0.000,0.000,0.000)) probe(trace_dist=0.0508, hit=False, normal_y=None, fraction=None) post(grounded=False, vel=(0.000,-0.082,0.000), horiz_speed=0.000, pos=(-23.701,-0.031,0.111))
[movedbg #2051] pre(grounded=False, jumping=False, normal=(0.000,1.000,0.000), vel=(0.000,-0.082,0.000)) probe(trace_dist=0.0508, hit=False, normal_y=None, fraction=None) post(grounded=True, vel=(0.000,0.000,0.000), horiz_speed=0.000, pos=(-23.702,-0.030,0.111))
[movedbg #2052] pre(grounded=False, jumping=False, normal=(0.000,1.000,0.000), vel=(0.000,0.000,0.000)) probe(trace_dist=0.0508, hit=False, normal_y=None, fraction=None) post(grounded=False, vel=(0.000,-0.082,0.000), horiz_speed=0.000, pos=(-23.702,-0.031,0.111))
[movedbg #2053] pre(grounded=False, jumping=False, normal=(0.000,1.000,0.000), vel=(0.000,-0.082,0.000)) probe(trace_dist=0.0508, hit=False, normal_y=None, fraction=None) post(grounded=True, vel=(0.000,0.000,0.000), horiz_speed=0.000, pos=(-23.702,-0.031,0.111))
[movedbg #2054] pre(grounded=False, jumping=False, normal=(0.000,1.000,0.000), vel=(0.000,0.000,0.000)) probe(trace_dist=0.0508, hit=False, normal_y=None, fraction=None) post(grounded=False, vel=(0.000,-0.082,0.000), horiz_speed=0.000, pos=(-23.702,-0.032,0.111))
[movedbg #2055] pre(grounded=False, jumping=False, normal=(0.000,1.000,0.000), vel=(0.000,-0.082,0.000)) probe(trace_dist=0.0508, hit=False, normal_y=None, fraction=None) post(grounded=True, vel=(0.000,0.000,0.000), horiz_speed=0.000, pos=(-23.702,-0.031,0.111))
[movedbg #2056] pre(grounded=False, jumping=False, normal=(0.000,1.000,0.000), vel=(0.000,0.000,0.000)) probe(trace_dist=0.0508, hit=False, normal_y=None, fraction=None) post(grounded=False, vel=(0.000,-0.082,0.000), horiz_speed=0.000, pos=(-23.702,-0.031,0.111))
[movedbg #2057] pre(grounded=False, jumping=False, normal=(0.000,1.000,0.000), vel=(0.000,-0.082,0.000)) probe(trace_dist=0.0508, hit=False, normal_y=None, fraction=None) post(grounded=True, vel=(0.000,0.000,0.000), horiz_speed=0.000, pos=(-23.703,-0.030,0.111))
[movedbg #2058] pre(grounded=False, jumping=False, normal=(0.000,1.000,0.000), vel=(0.000,0.000,0.000)) probe(trace_dist=0.0508, hit=False, normal_y=None, fraction=None) post(grounded=False, vel=(0.000,-0.082,0.000), horiz_speed=0.000, pos=(-23.703,-0.031,0.111))
[movedbg #2059] pre(grounded=False, jumping=False, normal=(0.000,1.000,0.000), vel=(0.000,-0.082,0.000)) probe(trace_dist=0.0508, hit=False, normal_y=None, fraction=None) post(grounded=True, vel=(0.000,0.000,0.000), horiz_speed=0.000, pos=(-23.703,-0.031,0.111))
[movedbg #2060] pre(grounded=False, jumping=False, normal=(0.000,1.000,0.000), vel=(0.000,0.000,0.000)) probe(trace_dist=0.0508, hit=False, normal_y=None, fraction=None) post(grounded=False, vel=(0.000,-0.082,0.000), horiz_speed=0.000, pos=(-23.703,-0.032,0.111))
[movedbg #2061] pre(grounded=False, jumping=False, normal=(0.000,1.000,0.000), vel=(0.000,-0.082,0.000)) probe(trace_dist=0.0508, hit=False, normal_y=None, fraction=None) post(grounded=True, vel=(0.000,0.000,0.000), horiz_speed=0.000, pos=(-23.703,-0.031,0.111))
[movedbg #2062] pre(grounded=False, jumping=False, normal=(0.000,1.000,0.000), vel=(0.000,0.000,0.000)) probe(trace_dist=0.0508, hit=False, normal_y=None, fraction=None) post(grounded=False, vel=(0.000,-0.082,0.000), horiz_speed=0.000, pos=(-23.703,-0.032,0.111))
[movedbg #2063] pre(grounded=False, jumping=False, normal=(0.000,1.000,0.000), vel=(0.000,-0.082,0.000)) probe(trace_dist=0.0508, hit=False, normal_y=None, fraction=None) post(grounded=True, vel=(0.000,0.000,0.000), horiz_speed=0.000, pos=(-23.704,-0.031,0.111))
[movedbg #2064] pre(grounded=False, jumping=False, normal=(0.000,1.000,0.000), vel=(0.000,0.000,0.000)) probe(trace_dist=0.0508, hit=False, normal_y=None, fraction=None) post(grounded=False, vel=(0.000,-0.082,0.000), horiz_speed=0.000, pos=(-23.704,-0.032,0.111))
[movedbg #2065] pre(grounded=False, jumping=False, normal=(0.000,1.000,0.000), vel=(0.000,-0.082,0.000)) probe(trace_dist=0.0508, hit=False, normal_y=None, fraction=None) post(grounded=True, vel=(0.000,0.000,0.000), horiz_speed=0.000, pos=(-23.704,-0.032,0.111))
[movedbg #2066] pre(grounded=False, jumping=False, normal=(0.000,1.000,0.000), vel=(0.000,0.000,0.000)) probe(trace_dist=0.0508, hit=False, normal_y=None, fraction=None) post(grounded=False, vel=(0.000,-0.082,0.000), horiz_speed=0.000, pos=(-23.704,-0.032,0.111))
[movedbg #2067] pre(grounded=False, jumping=False, normal=(0.000,1.000,0.000), vel=(0.000,-0.082,0.000)) probe(trace_dist=0.0508, hit=False, normal_y=None, fraction=None) post(grounded=True, vel=(0.000,0.000,0.000), horiz_speed=0.000, pos=(-23.704,-0.032,0.111))
[movedbg #2068] pre(grounded=False, jumping=False, normal=(0.000,1.000,0.000), vel=(0.000,0.000,0.000)) probe(trace_dist=0.0508, hit=False, normal_y=None, fraction=None) post(grounded=False, vel=(0.000,-0.082,0.000), horiz_speed=0.000, pos=(-23.704,-0.032,0.111))
[movedbg #2069] pre(grounded=False, jumping=False, normal=(0.000,1.000,0.000), vel=(0.000,-0.082,0.000)) probe(trace_dist=0.0508, hit=False, normal_y=None, fraction=None) post(grounded=True, vel=(0.000,0.000,0.000), horiz_speed=0.000, pos=(-23.705,-0.031,0.111))
[movedbg #2070] pre(grounded=False, jumping=False, normal=(0.000,1.000,0.000), vel=(0.000,0.000,0.000)) probe(trace_dist=0.0508, hit=False, normal_y=None, fraction=None) post(grounded=False, vel=(0.000,-0.082,0.000), horiz_speed=0.000, pos=(-23.705,-0.032,0.111))
[movedbg #2071] pre(grounded=False, jumping=False, normal=(0.000,1.000,0.000), vel=(0.000,-0.082,0.000)) probe(trace_dist=0.0508, hit=False, normal_y=None, fraction=None) post(grounded=True, vel=(0.000,0.000,0.000), horiz_speed=0.000, pos=(-23.705,-0.032,0.111))
[movedbg #2072] pre(grounded=False, jumping=False, normal=(0.000,1.000,0.000), vel=(0.000,0.000,0.000)) probe(trace_dist=0.0508, hit=False, normal_y=None, fraction=None) post(grounded=False, vel=(0.000,-0.082,0.000), horiz_speed=0.000, pos=(-23.705,-0.033,0.111))
[movedbg #2073] pre(grounded=False, jumping=False, normal=(0.000,1.000,0.000), vel=(0.000,-0.082,0.000)) probe(trace_dist=0.0508, hit=False, normal_y=None, fraction=None) post(grounded=True, vel=(0.000,0.000,0.000), horiz_speed=0.000, pos=(-23.706,-0.032,0.111))
[movedbg #2074] pre(grounded=False, jumping=False, normal=(0.000,1.000,0.000), vel=(0.000,0.000,0.000)) probe(trace_dist=0.0508, hit=False, normal_y=None, fraction=None) post(grounded=False, vel=(0.000,-0.082,0.000), horiz_speed=0.000, pos=(-23.706,-0.033,0.111))
[movedbg #2075] pre(grounded=False, jumping=False, normal=(0.000,1.000,0.000), vel=(0.000,-0.082,0.000)) probe(trace_dist=0.0508, hit=False, normal_y=None, fraction=None) post(grounded=True, vel=(0.000,0.000,0.000), horiz_speed=0.000, pos=(-23.706,-0.032,0.111))
[movedbg #2076] pre(grounded=False, jumping=False, normal=(0.000,1.000,0.000), vel=(0.000,0.000,0.000)) probe(trace_dist=0.0508, hit=False, normal_y=None, fraction=None) post(grounded=False, vel=(0.000,-0.082,0.000), horiz_speed=0.000, pos=(-23.706,-0.032,0.111))
[movedbg #2077] pre(grounded=False, jumping=False, normal=(0.000,1.000,0.000), vel=(0.000,-0.082,0.000)) probe(trace_dist=0.0508, hit=False, normal_y=None, fraction=None) post(grounded=True, vel=(0.000,0.000,0.000), horiz_speed=0.000, pos=(-23.706,-0.033,0.111))
[movedbg #2078] pre(grounded=False, jumping=False, normal=(0.000,1.000,0.000), vel=(0.000,0.000,0.000)) probe(trace_dist=0.0508, hit=False, normal_y=None, fraction=None) post(grounded=True, vel=(0.000,0.000,0.000), horiz_speed=0.000, pos=(-23.707,-0.032,0.111))
[movedbg #2079] pre(grounded=False, jumping=False, normal=(0.000,1.000,0.000), vel=(0.000,0.000,0.000)) probe(trace_dist=0.0508, hit=False, normal_y=None, fraction=None) post(grounded=False, vel=(0.000,-0.082,0.000), horiz_speed=0.000, pos=(-23.707,-0.032,0.111))
[movedbg #2080] pre(grounded=False, jumping=False, normal=(0.000,1.000,0.000), vel=(0.000,-0.082,0.000)) probe(trace_dist=0.0508, hit=False, normal_y=None, fraction=None) post(grounded=False, vel=(0.000,-0.164,0.000), horiz_speed=0.000, pos=(-23.707,-0.034,0.111))
[movedbg #2081] pre(grounded=False, jumping=False, normal=(0.000,1.000,0.000), vel=(0.000,-0.164,0.000)) probe(trace_dist=0.0508, hit=False, normal_y=None, fraction=None) post(grounded=True, vel=(0.000,0.000,0.000), horiz_speed=0.000, pos=(-23.707,-0.033,0.111))
[movedbg #2082] pre(grounded=False, jumping=False, normal=(0.000,1.000,0.000), vel=(0.000,0.000,0.000)) probe(trace_dist=0.0508, hit=False, normal_y=None, fraction=None) post(grounded=False, vel=(0.000,-0.082,0.000), horiz_speed=0.000, pos=(-23.707,-0.034,0.111))
[movedbg #2083] pre(grounded=False, jumping=False, normal=(0.000,1.000,0.000), vel=(0.000,-0.082,0.000)) probe(trace_dist=0.0508, hit=False, normal_y=None, fraction=None) post(grounded=True, vel=(0.000,0.000,0.000), horiz_speed=0.000, pos=(-23.707,-0.033,0.111))
[movedbg #2084] pre(grounded=False, jumping=False, normal=(0.000,1.000,0.000), vel=(0.000,0.000,0.000)) probe(trace_dist=0.0508, hit=False, normal_y=None, fraction=None) post(grounded=False, vel=(0.000,-0.082,0.000), horiz_speed=0.000, pos=(-23.707,-0.033,0.111))
[movedbg #2085] pre(grounded=False, jumping=False, normal=(0.000,1.000,0.000), vel=(0.000,-0.082,0.000)) probe(trace_dist=0.0508, hit=False, normal_y=None, fraction=None) post(grounded=True, vel=(0.000,0.000,0.000), horiz_speed=0.000, pos=(-23.708,-0.032,0.111))
[movedbg #2086] pre(grounded=False, jumping=False, normal=(0.000,1.000,0.000), vel=(0.000,0.000,0.000)) probe(trace_dist=0.0508, hit=False, normal_y=None, fraction=None) post(grounded=False, vel=(0.000,-0.082,0.000), horiz_speed=0.000, pos=(-23.708,-0.033,0.111))
[movedbg #2087] pre(grounded=False, jumping=False, normal=(0.000,1.000,0.000), vel=(0.000,-0.082,0.000)) probe(trace_dist=0.0508, hit=False, normal_y=None, fraction=None) post(grounded=True, vel=(0.000,0.000,0.000), horiz_speed=0.000, pos=(-23.708,-0.033,0.111))
[movedbg #2088] pre(grounded=False, jumping=False, normal=(0.000,1.000,0.000), vel=(0.000,0.000,0.000)) probe(trace_dist=0.0508, hit=False, normal_y=None, fraction=None) post(grounded=False, vel=(0.000,-0.082,0.000), horiz_speed=0.000, pos=(-23.708,-0.034,0.111))
[movedbg #2089] pre(grounded=False, jumping=False, normal=(0.000,1.000,0.000), vel=(0.000,-0.082,0.000)) probe(trace_dist=0.0508, hit=False, normal_y=None, fraction=None) post(grounded=True, vel=(0.000,0.000,0.000), horiz_speed=0.000, pos=(-23.709,-0.033,0.111))
[movedbg #2090] pre(grounded=False, jumping=False, normal=(0.000,1.000,0.000), vel=(0.000,0.000,0.000)) probe(trace_dist=0.0508, hit=False, normal_y=None, fraction=None) post(grounded=False, vel=(0.000,-0.082,0.000), horiz_speed=0.000, pos=(-23.709,-0.034,0.111))
[movedbg #2091] pre(grounded=False, jumping=False, normal=(0.000,1.000,0.000), vel=(0.000,-0.082,0.000)) probe(trace_dist=0.0508, hit=False, normal_y=None, fraction=None) post(grounded=True, vel=(0.000,0.000,0.000), horiz_speed=0.000, pos=(-23.709,-0.033,0.111))
[movedbg #2092] pre(grounded=False, jumping=False, normal=(0.000,1.000,0.000), vel=(0.000,0.000,0.000)) probe(trace_dist=0.0508, hit=False, normal_y=None, fraction=None) post(grounded=False, vel=(0.000,-0.082,0.000), horiz_speed=0.000, pos=(-23.709,-0.034,0.111))
[movedbg #2093] pre(grounded=False, jumping=False, normal=(0.000,1.000,0.000), vel=(0.000,-0.082,0.000)) probe(trace_dist=0.0508, hit=False, normal_y=None, fraction=None) post(grounded=True, vel=(0.000,0.000,0.000), horiz_speed=0.000, pos=(-23.709,-0.034,0.111))
[movedbg #2094] pre(grounded=False, jumping=False, normal=(0.000,1.000,0.000), vel=(0.000,0.000,0.000)) probe(trace_dist=0.0508, hit=False, normal_y=None, fraction=None) post(grounded=False, vel=(0.000,-0.082,0.000), horiz_speed=0.000, pos=(-23.709,-0.035,0.111))
[movedbg #2095] pre(grounded=False, jumping=False, normal=(0.000,1.000,0.000), vel=(0.000,-0.082,0.000)) probe(trace_dist=0.0508, hit=False, normal_y=None, fraction=None) post(grounded=True, vel=(0.000,0.000,0.000), horiz_speed=0.000, pos=(-23.710,-0.034,0.111))
[movedbg #2096] pre(grounded=False, jumping=False, normal=(0.000,1.000,0.000), vel=(0.000,0.000,0.000)) probe(trace_dist=0.0508, hit=False, normal_y=None, fraction=None) post(grounded=False, vel=(0.000,-0.082,0.000), horiz_speed=0.000, pos=(-23.710,-0.034,0.111))
[movedbg #2097] pre(grounded=False, jumping=False, normal=(0.000,1.000,0.000), vel=(0.000,-0.082,0.000)) probe(trace_dist=0.0508, hit=False, normal_y=None, fraction=None) post(grounded=True, vel=(0.000,0.000,0.000), horiz_speed=0.000, pos=(-23.710,-0.033,0.111))
[movedbg #2098] pre(grounded=False, jumping=False, normal=(0.000,1.000,0.000), vel=(0.000,0.000,0.000)) probe(trace_dist=0.0508, hit=False, normal_y=None, fraction=None) post(grounded=False, vel=(0.000,-0.082,0.000), horiz_speed=0.000, pos=(-23.710,-0.034,0.111))
[movedbg #2099] pre(grounded=False, jumping=False, normal=(0.000,1.000,0.000), vel=(0.000,-0.082,0.000)) probe(trace_dist=0.0508, hit=False, normal_y=None, fraction=None) post(grounded=True, vel=(0.000,0.000,0.000), horiz_speed=0.000, pos=(-23.710,-0.034,0.111))
[movedbg #2100] pre(grounded=False, jumping=False, normal=(0.000,1.000,0.000), vel=(0.000,0.000,0.000)) probe(trace_dist=0.0508, hit=False, normal_y=None, fraction=None) post(grounded=False, vel=(0.000,-0.082,0.000), horiz_speed=0.000, pos=(-23.710,-0.035,0.111))
[movedbg #2101] pre(grounded=False, jumping=False, normal=(0.000,1.000,0.000), vel=(0.000,-0.082,0.000)) probe(trace_dist=0.0508, hit=False, normal_y=None, fraction=None) post(grounded=True, vel=(0.000,0.000,0.000), horiz_speed=0.000, pos=(-23.711,-0.034,0.111))
[movedbg #2102] pre(grounded=False, jumping=False, normal=(0.000,1.000,0.000), vel=(0.000,0.000,0.000)) probe(trace_dist=0.0508, hit=False, normal_y=None, fraction=None) post(grounded=False, vel=(0.000,-0.082,0.000), horiz_speed=0.000, pos=(-23.711,-0.035,0.111))
[movedbg #2103] pre(grounded=False, jumping=False, normal=(0.000,1.000,0.000), vel=(0.000,-0.082,0.000)) probe(trace_dist=0.0508, hit=False, normal_y=None, fraction=None) post(grounded=True, vel=(0.000,0.000,0.000), horiz_speed=0.000, pos=(-23.711,-0.034,0.111))
[movedbg #2104] pre(grounded=False, jumping=False, normal=(0.000,1.000,0.000), vel=(0.000,0.000,0.000)) probe(trace_dist=0.0508, hit=False, normal_y=None, fraction=None) post(grounded=False, vel=(0.000,-0.082,0.000), horiz_speed=0.000, pos=(-23.711,-0.034,0.111))
[movedbg #2105] pre(grounded=False, jumping=False, normal=(0.000,1.000,0.000), vel=(0.000,-0.082,0.000)) probe(trace_dist=0.0508, hit=False, normal_y=None, fraction=None) post(grounded=True, vel=(0.000,0.000,0.000), horiz_speed=0.000, pos=(-23.712,-0.035,0.111))
[movedbg #2106] pre(grounded=False, jumping=False, normal=(0.000,1.000,0.000), vel=(0.000,0.000,0.000)) probe(trace_dist=0.0508, hit=False, normal_y=None, fraction=None) post(grounded=False, vel=(0.000,-0.082,0.000), horiz_speed=0.000, pos=(-23.712,-0.035,0.111))
[movedbg #2107] pre(grounded=False, jumping=False, normal=(0.000,1.000,0.000), vel=(0.000,-0.082,0.000)) probe(trace_dist=0.0508, hit=False, normal_y=None, fraction=None) post(grounded=True, vel=(0.000,0.000,0.000), horiz_speed=0.000, pos=(-23.712,-0.034,0.111))
[movedbg #2108] pre(grounded=False, jumping=False, normal=(0.000,1.000,0.000), vel=(0.000,0.000,0.000)) probe(trace_dist=0.0508, hit=False, normal_y=None, fraction=None) post(grounded=False, vel=(0.000,-0.082,0.000), horiz_speed=0.000, pos=(-23.712,-0.035,0.111))
[movedbg #2109] pre(grounded=False, jumping=False, normal=(0.000,1.000,0.000), vel=(0.000,-0.082,0.000)) probe(trace_dist=0.0508, hit=False, normal_y=None, fraction=None) post(grounded=True, vel=(0.000,0.000,0.000), horiz_speed=0.000, pos=(-23.712,-0.034,0.111))
[movedbg #2110] pre(grounded=False, jumping=False, normal=(0.000,1.000,0.000), vel=(0.000,0.000,0.000)) probe(trace_dist=0.0508, hit=False, normal_y=None, fraction=None) post(grounded=False, vel=(0.000,-0.082,0.000), horiz_speed=0.000, pos=(-23.712,-0.035,0.111))
[movedbg #2111] pre(grounded=False, jumping=False, normal=(0.000,1.000,0.000), vel=(0.000,-0.082,0.000)) probe(trace_dist=0.0508, hit=False, normal_y=None, fraction=None) post(grounded=True, vel=(0.000,0.000,0.000), horiz_speed=0.000, pos=(-23.713,-0.035,0.111))
[movedbg #2112] pre(grounded=False, jumping=False, normal=(0.000,1.000,0.000), vel=(0.000,0.000,0.000)) probe(trace_dist=0.0508, hit=False, normal_y=None, fraction=None) post(grounded=False, vel=(0.000,-0.082,0.000), horiz_speed=0.000, pos=(-23.713,-0.036,0.111))
[movedbg #2113] pre(grounded=False, jumping=False, normal=(0.000,1.000,0.000), vel=(0.000,-0.082,0.000)) probe(trace_dist=0.0508, hit=False, normal_y=None, fraction=None) post(grounded=True, vel=(0.000,0.000,0.000), horiz_speed=0.000, pos=(-23.713,-0.035,0.111))
[movedbg #2114] pre(grounded=False, jumping=False, normal=(0.000,1.000,0.000), vel=(0.000,0.000,0.000)) probe(trace_dist=0.0508, hit=False, normal_y=None, fraction=None) post(grounded=False, vel=(0.000,-0.082,0.000), horiz_speed=0.000, pos=(-23.713,-0.036,0.111))
[movedbg #2115] pre(grounded=False, jumping=False, normal=(0.000,1.000,0.000), vel=(0.000,-0.082,0.000)) probe(trace_dist=0.0508, hit=False, normal_y=None, fraction=None) post(grounded=True, vel=(0.000,0.000,0.000), horiz_speed=0.000, pos=(-23.713,-0.035,0.111))
[movedbg #2116] pre(grounded=False, jumping=False, normal=(0.000,1.000,0.000), vel=(0.000,0.000,0.000)) probe(trace_dist=0.0508, hit=False, normal_y=None, fraction=None) post(grounded=False, vel=(0.000,-0.082,0.000), horiz_speed=0.000, pos=(-23.713,-0.035,0.111))
[movedbg #2117] pre(grounded=False, jumping=False, normal=(0.000,1.000,0.000), vel=(0.000,-0.082,0.000)) probe(trace_dist=0.0508, hit=False, normal_y=None, fraction=None) post(grounded=True, vel=(0.000,0.000,0.000), horiz_speed=0.000, pos=(-23.714,-0.036,0.111))
[movedbg #2118] pre(grounded=False, jumping=False, normal=(0.000,1.000,0.000), vel=(0.000,0.000,0.000)) probe(trace_dist=0.0508, hit=False, normal_y=None, fraction=None) post(grounded=False, vel=(0.000,-0.082,0.000), horiz_speed=0.000, pos=(-23.714,-0.036,0.111))
[movedbg #2119] pre(grounded=False, jumping=False, normal=(0.000,1.000,0.000), vel=(0.000,-0.082,0.000)) probe(trace_dist=0.0508, hit=False, normal_y=None, fraction=None) post(grounded=True, vel=(0.000,0.000,0.000), horiz_speed=0.000, pos=(-23.714,-0.035,0.111))
[movedbg #2120] pre(grounded=False, jumping=False, normal=(0.000,1.000,0.000), vel=(0.000,0.000,0.000)) probe(trace_dist=0.0508, hit=False, normal_y=None, fraction=None) post(grounded=False, vel=(0.000,-0.082,0.000), horiz_speed=0.000, pos=(-23.714,-0.036,0.111))
[movedbg #2121] pre(grounded=False, jumping=False, normal=(0.000,1.000,0.000), vel=(0.000,-0.082,0.000)) probe(trace_dist=0.0508, hit=False, normal_y=None, fraction=None) post(grounded=True, vel=(0.000,0.000,0.000), horiz_speed=0.000, pos=(-23.714,-0.035,0.111))
[movedbg #2122] pre(grounded=False, jumping=False, normal=(0.000,1.000,0.000), vel=(0.000,0.000,0.000)) probe(trace_dist=0.0508, hit=False, normal_y=None, fraction=None) post(grounded=False, vel=(0.000,-0.082,0.000), horiz_speed=0.000, pos=(-23.714,-0.036,0.111))
[movedbg #2123] pre(grounded=False, jumping=False, normal=(0.000,1.000,0.000), vel=(0.000,-0.082,0.000)) probe(trace_dist=0.0508, hit=False, normal_y=None, fraction=None) post(grounded=True, vel=(0.000,0.000,0.000), horiz_speed=0.000, pos=(-23.715,-0.036,0.111))
[movedbg #2124] pre(grounded=False, jumping=False, normal=(0.000,1.000,0.000), vel=(0.000,0.000,0.000)) probe(trace_dist=0.0508, hit=False, normal_y=None, fraction=None) post(grounded=False, vel=(0.000,-0.082,0.000), horiz_speed=0.000, pos=(-23.715,-0.037,0.111))
[movedbg #2125] pre(grounded=False, jumping=False, normal=(0.000,1.000,0.000), vel=(0.000,-0.082,0.000)) probe(trace_dist=0.0508, hit=False, normal_y=None, fraction=None) post(grounded=True, vel=(0.000,0.000,0.000), horiz_speed=0.000, pos=(-23.715,-0.036,0.111))
[movedbg #2126] pre(grounded=False, jumping=False, normal=(0.000,1.000,0.000), vel=(0.000,0.000,0.000)) probe(trace_dist=0.0508, hit=False, normal_y=None, fraction=None) post(grounded=False, vel=(0.000,-0.082,0.000), horiz_speed=0.000, pos=(-23.715,-0.036,0.111))
[movedbg #2127] pre(grounded=False, jumping=False, normal=(0.000,1.000,0.000), vel=(0.000,-0.082,0.000)) probe(trace_dist=0.0508, hit=False, normal_y=None, fraction=None) post(grounded=True, vel=(0.000,0.000,0.000), horiz_speed=0.000, pos=(-23.716,-0.036,0.111))
[movedbg #2128] pre(grounded=False, jumping=False, normal=(0.000,1.000,0.000), vel=(0.000,0.000,0.000)) probe(trace_dist=0.0508, hit=False, normal_y=None, fraction=None) post(grounded=False, vel=(0.000,-0.082,0.000), horiz_speed=0.000, pos=(-23.716,-0.036,0.111))
[movedbg #2129] pre(grounded=False, jumping=False, normal=(0.000,1.000,0.000), vel=(0.000,-0.082,0.000)) probe(trace_dist=0.0508, hit=False, normal_y=None, fraction=None) post(grounded=True, vel=(0.000,0.000,0.000), horiz_speed=0.000, pos=(-23.716,-0.036,0.111))
[movedbg #2130] pre(grounded=False, jumping=False, normal=(0.000,1.000,0.000), vel=(0.000,0.000,0.000)) probe(trace_dist=0.0508, hit=False, normal_y=None, fraction=None) post(grounded=False, vel=(0.000,-0.082,0.000), horiz_speed=0.000, pos=(-23.716,-0.037,0.111))
[movedbg #2131] pre(grounded=False, jumping=False, normal=(0.000,1.000,0.000), vel=(0.000,-0.082,0.000)) probe(trace_dist=0.0508, hit=False, normal_y=None, fraction=None) post(grounded=True, vel=(0.000,0.000,0.000), horiz_speed=0.000, pos=(-23.716,-0.036,0.111))
[movedbg #2132] pre(grounded=False, jumping=False, normal=(0.000,1.000,0.000), vel=(0.000,0.000,0.000)) probe(trace_dist=0.0508, hit=False, normal_y=None, fraction=None) post(grounded=False, vel=(0.000,-0.082,0.000), horiz_speed=0.000, pos=(-23.716,-0.037,0.111))
[movedbg #2133] pre(grounded=False, jumping=False, normal=(0.000,1.000,0.000), vel=(0.000,-0.082,0.000)) probe(trace_dist=0.0508, hit=False, normal_y=None, fraction=None) post(grounded=True, vel=(0.000,0.000,0.000), horiz_speed=0.000, pos=(-23.717,-0.036,0.111))
[movedbg #2134] pre(grounded=False, jumping=False, normal=(0.000,1.000,0.000), vel=(0.000,0.000,0.000)) probe(trace_dist=0.0508, hit=False, normal_y=None, fraction=None) post(grounded=False, vel=(0.000,-0.082,0.000), horiz_speed=0.000, pos=(-23.717,-0.037,0.111))
[movedbg #2135] pre(grounded=False, jumping=False, normal=(0.000,1.000,0.000), vel=(0.000,-0.082,0.000)) probe(trace_dist=0.0508, hit=False, normal_y=None, fraction=None) post(grounded=True, vel=(0.000,0.000,0.000), horiz_speed=0.000, pos=(-23.717,-0.037,0.111))
[movedbg #2136] pre(grounded=False, jumping=False, normal=(0.000,1.000,0.000), vel=(0.000,0.000,0.000)) probe(trace_dist=0.0508, hit=False, normal_y=None, fraction=None) post(grounded=False, vel=(0.000,-0.082,0.000), horiz_speed=0.000, pos=(-23.717,-0.038,0.111))
[movedbg #2137] pre(grounded=False, jumping=False, normal=(0.000,1.000,0.000), vel=(0.000,-0.082,0.000)) probe(trace_dist=0.0508, hit=False, normal_y=None, fraction=None) post(grounded=True, vel=(0.000,0.000,0.000), horiz_speed=0.000, pos=(-23.717,-0.037,0.111))
[movedbg #2138] pre(grounded=False, jumping=False, normal=(0.000,1.000,0.000), vel=(0.000,0.000,0.000)) probe(trace_dist=0.0508, hit=False, normal_y=None, fraction=None) post(grounded=False, vel=(0.000,-0.082,0.000), horiz_speed=0.000, pos=(-23.717,-0.037,0.111))
[movedbg #2139] pre(grounded=False, jumping=False, normal=(0.000,1.000,0.000), vel=(0.000,-0.082,0.000)) probe(trace_dist=0.0508, hit=False, normal_y=None, fraction=None) post(grounded=True, vel=(0.000,0.000,0.000), horiz_speed=0.000, pos=(-23.718,-0.036,0.111))
[movedbg #2140] pre(grounded=False, jumping=False, normal=(0.000,1.000,0.000), vel=(0.000,0.000,0.000)) probe(trace_dist=0.0508, hit=False, normal_y=None, fraction=None) post(grounded=False, vel=(0.000,-0.082,0.000), horiz_speed=0.000, pos=(-23.718,-0.037,0.111))
[movedbg #2141] pre(grounded=False, jumping=False, normal=(0.000,1.000,0.000), vel=(0.000,-0.082,0.000)) probe(trace_dist=0.0508, hit=False, normal_y=None, fraction=None) post(grounded=True, vel=(0.000,0.000,0.000), horiz_speed=0.000, pos=(-23.718,-0.037,0.111))
[movedbg #2142] pre(grounded=False, jumping=False, normal=(0.000,1.000,0.000), vel=(0.000,0.000,0.000)) probe(trace_dist=0.0508, hit=False, normal_y=None, fraction=None) post(grounded=False, vel=(0.000,-0.082,0.000), horiz_speed=0.000, pos=(-23.718,-0.038,0.111))
[movedbg #2143] pre(grounded=False, jumping=False, normal=(0.000,1.000,0.000), vel=(0.000,-0.082,0.000)) probe(trace_dist=0.0508, hit=False, normal_y=None, fraction=None) post(grounded=True, vel=(0.000,0.000,0.000), horiz_speed=0.000, pos=(-23.719,-0.037,0.111))
[movedbg #2144] pre(grounded=False, jumping=False, normal=(0.000,1.000,0.000), vel=(0.000,0.000,0.000)) probe(trace_dist=0.0508, hit=False, normal_y=None, fraction=None) post(grounded=False, vel=(0.000,-0.082,0.000), horiz_speed=0.000, pos=(-23.719,-0.038,0.111))
[movedbg #2145] pre(grounded=False, jumping=False, normal=(0.000,1.000,0.000), vel=(0.000,-0.082,0.000)) probe(trace_dist=0.0508, hit=False, normal_y=None, fraction=None) post(grounded=True, vel=(0.000,0.000,0.000), horiz_speed=0.000, pos=(-23.719,-0.037,0.111))
[movedbg #2146] pre(grounded=False, jumping=False, normal=(0.000,1.000,0.000), vel=(0.000,0.000,0.000)) probe(trace_dist=0.0508, hit=False, normal_y=None, fraction=None) post(grounded=False, vel=(0.000,-0.082,0.000), horiz_speed=0.000, pos=(-23.719,-0.038,0.111))
[movedbg #2147] pre(grounded=False, jumping=False, normal=(0.000,1.000,0.000), vel=(0.000,-0.082,0.000)) probe(trace_dist=0.0508, hit=False, normal_y=None, fraction=None) post(grounded=True, vel=(0.000,0.000,0.000), horiz_speed=0.000, pos=(-23.719,-0.038,0.111))
[movedbg #2148] pre(grounded=False, jumping=False, normal=(0.000,1.000,0.000), vel=(0.000,0.000,0.000)) probe(trace_dist=0.0508, hit=False, normal_y=None, fraction=None) post(grounded=False, vel=(0.000,-0.082,0.000), horiz_speed=0.000, pos=(-23.719,-0.038,0.111))
[movedbg #2149] pre(grounded=False, jumping=False, normal=(0.000,1.000,0.000), vel=(0.000,-0.082,0.000)) probe(trace_dist=0.0508, hit=False, normal_y=None, fraction=None) post(grounded=True, vel=(0.000,0.000,0.000), horiz_speed=0.000, pos=(-23.720,-0.038,0.111))
[movedbg #2150] pre(grounded=False, jumping=False, normal=(0.000,1.000,0.000), vel=(0.000,0.000,0.000)) probe(trace_dist=0.0508, hit=False, normal_y=None, fraction=None) post(grounded=False, vel=(0.000,-0.082,0.000), horiz_speed=0.000, pos=(-23.720,-0.038,0.111))
[movedbg #2151] pre(grounded=False, jumping=False, normal=(0.000,1.000,0.000), vel=(0.000,-0.082,0.000)) probe(trace_dist=0.0508, hit=False, normal_y=None, fraction=None) post(grounded=True, vel=(0.000,0.000,0.000), horiz_speed=0.000, pos=(-23.720,-0.037,0.111))
[movedbg #2152] pre(grounded=False, jumping=False, normal=(0.000,1.000,0.000), vel=(0.000,0.000,0.000)) probe(trace_dist=0.0508, hit=False, normal_y=None, fraction=None) post(grounded=False, vel=(0.000,-0.082,0.000), horiz_speed=0.000, pos=(-23.720,-0.038,0.111))
[movedbg #2153] pre(grounded=False, jumping=False, normal=(0.000,1.000,0.000), vel=(0.000,-0.082,0.000)) probe(trace_dist=0.0508, hit=False, normal_y=None, fraction=None) post(grounded=True, vel=(0.000,0.000,0.000), horiz_speed=0.000, pos=(-23.720,-0.038,0.111))
[movedbg #2154] pre(grounded=False, jumping=False, normal=(0.000,1.000,0.000), vel=(0.000,0.000,0.000)) probe(trace_dist=0.0508, hit=False, normal_y=None, fraction=None) post(grounded=False, vel=(0.000,-0.082,0.000), horiz_speed=0.000, pos=(-23.720,-0.039,0.111))
[movedbg #2155] pre(grounded=False, jumping=False, normal=(0.000,1.000,0.000), vel=(0.000,-0.082,0.000)) probe(trace_dist=0.0508, hit=False, normal_y=None, fraction=None) post(grounded=True, vel=(0.000,0.000,0.000), horiz_speed=0.000, pos=(-23.721,-0.038,0.111))
[movedbg #2156] pre(grounded=False, jumping=False, normal=(0.000,1.000,0.000), vel=(0.000,0.000,0.000)) probe(trace_dist=0.0508, hit=False, normal_y=None, fraction=None) post(grounded=False, vel=(0.000,-0.082,0.000), horiz_speed=0.000, pos=(-23.721,-0.039,0.111))
[movedbg #2157] pre(grounded=False, jumping=False, normal=(0.000,1.000,0.000), vel=(0.000,-0.082,0.000)) probe(trace_dist=0.0508, hit=False, normal_y=None, fraction=None) post(grounded=True, vel=(0.000,0.000,0.000), horiz_speed=0.000, pos=(-23.721,-0.038,0.111))
[movedbg #2158] pre(grounded=False, jumping=False, normal=(0.000,1.000,0.000), vel=(0.000,0.000,0.000)) probe(trace_dist=0.0508, hit=False, normal_y=None, fraction=None) post(grounded=False, vel=(0.000,-0.082,0.000), horiz_speed=0.000, pos=(-23.721,-0.038,0.111))
[movedbg #2159] pre(grounded=False, jumping=False, normal=(0.000,1.000,0.000), vel=(0.000,-0.082,0.000)) probe(trace_dist=0.0508, hit=False, normal_y=None, fraction=None) post(grounded=True, vel=(0.000,0.000,0.000), horiz_speed=0.000, pos=(-23.722,-0.039,0.111))
[movedbg #2160] pre(grounded=False, jumping=False, normal=(0.000,1.000,0.000), vel=(0.000,0.000,0.000)) probe(trace_dist=0.0508, hit=False, normal_y=None, fraction=None) post(grounded=False, vel=(0.000,-0.082,0.000), horiz_speed=0.000, pos=(-23.722,-0.039,0.111))
[movedbg #2161] pre(grounded=False, jumping=False, normal=(0.000,1.000,0.000), vel=(0.000,-0.082,0.000)) probe(trace_dist=0.0508, hit=False, normal_y=None, fraction=None) post(grounded=True, vel=(0.000,0.000,0.000), horiz_speed=0.000, pos=(-23.722,-0.038,0.111))
[movedbg #2162] pre(grounded=False, jumping=False, normal=(0.000,1.000,0.000), vel=(0.000,0.000,0.000)) probe(trace_dist=0.0508, hit=False, normal_y=None, fraction=None) post(grounded=False, vel=(0.000,-0.082,0.000), horiz_speed=0.000, pos=(-23.722,-0.039,0.111))
[movedbg #2163] pre(grounded=False, jumping=False, normal=(0.000,1.000,0.000), vel=(0.000,-0.082,0.000)) probe(trace_dist=0.0508, hit=False, normal_y=None, fraction=None) post(grounded=True, vel=(0.000,0.000,0.000), horiz_speed=0.000, pos=(-23.722,-0.038,0.111))
[movedbg #2164] pre(grounded=False, jumping=False, normal=(0.000,1.000,0.000), vel=(0.000,0.000,0.000)) probe(trace_dist=0.0508, hit=False, normal_y=None, fraction=None) post(grounded=False, vel=(0.000,-0.082,0.000), horiz_speed=0.000, pos=(-23.722,-0.039,0.111))
[movedbg #2165] pre(grounded=False, jumping=False, normal=(0.000,1.000,0.000), vel=(0.000,-0.082,0.000)) probe(trace_dist=0.0508, hit=False, normal_y=None, fraction=None) post(grounded=True, vel=(0.000,0.000,0.000), horiz_speed=0.000, pos=(-23.723,-0.039,0.111))
[movedbg #2166] pre(grounded=False, jumping=False, normal=(0.000,1.000,0.000), vel=(0.000,0.000,0.000)) probe(trace_dist=0.0508, hit=False, normal_y=None, fraction=None) post(grounded=True, vel=(0.000,0.000,0.000), horiz_speed=0.000, pos=(-23.723,-0.038,0.111))
[movedbg #2167] pre(grounded=False, jumping=False, normal=(0.000,1.000,0.000), vel=(0.000,0.000,0.000)) probe(trace_dist=0.0508, hit=False, normal_y=None, fraction=None) post(grounded=False, vel=(0.000,-0.082,0.000), horiz_speed=0.000, pos=(-23.723,-0.039,0.111))
[movedbg #2168] pre(grounded=False, jumping=False, normal=(0.000,1.000,0.000), vel=(0.000,-0.082,0.000)) probe(trace_dist=0.0508, hit=False, normal_y=None, fraction=None) post(grounded=False, vel=(0.000,-0.164,0.000), horiz_speed=0.000, pos=(-23.723,-0.040,0.111))
[movedbg #2169] pre(grounded=False, jumping=False, normal=(0.000,1.000,0.000), vel=(0.000,-0.164,0.000)) probe(trace_dist=0.0508, hit=False, normal_y=None, fraction=None) post(grounded=True, vel=(0.000,0.000,0.000), horiz_speed=0.000, pos=(-23.723,-0.039,0.111))
[movedbg #2170] pre(grounded=False, jumping=False, normal=(0.000,1.000,0.000), vel=(0.000,0.000,0.000)) probe(trace_dist=0.0508, hit=False, normal_y=None, fraction=None) post(grounded=False, vel=(0.000,-0.082,0.000), horiz_speed=0.000, pos=(-23.723,-0.040,0.111))
[movedbg #2171] pre(grounded=False, jumping=False, normal=(0.000,1.000,0.000), vel=(0.000,-0.082,0.000)) probe(trace_dist=0.0508, hit=False, normal_y=None, fraction=None) post(grounded=True, vel=(0.000,0.000,0.000), horiz_speed=0.000, pos=(-23.724,-0.039,0.111))
[movedbg #2172] pre(grounded=False, jumping=False, normal=(0.000,1.000,0.000), vel=(0.000,0.000,0.000)) probe(trace_dist=0.0508, hit=False, normal_y=None, fraction=None) post(grounded=False, vel=(0.000,-0.082,0.000), horiz_speed=0.000, pos=(-23.724,-0.040,0.111))
[movedbg #2173] pre(grounded=False, jumping=False, normal=(0.000,1.000,0.000), vel=(0.000,-0.082,0.000)) probe(trace_dist=0.0508, hit=False, normal_y=None, fraction=None) post(grounded=True, vel=(0.000,0.000,0.000), horiz_speed=0.000, pos=(-23.724,-0.039,0.111))
[movedbg #2174] pre(grounded=False, jumping=False, normal=(0.000,1.000,0.000), vel=(0.000,0.000,0.000)) probe(trace_dist=0.0508, hit=False, normal_y=None, fraction=None) post(grounded=False, vel=(0.000,-0.082,0.000), horiz_speed=0.000, pos=(-23.724,-0.039,0.111))
[movedbg #2175] pre(grounded=False, jumping=False, normal=(0.000,1.000,0.000), vel=(0.000,-0.082,0.000)) probe(trace_dist=0.0508, hit=False, normal_y=None, fraction=None) post(grounded=True, vel=(0.000,0.000,0.000), horiz_speed=0.000, pos=(-23.724,-0.040,0.111))
[movedbg #2176] pre(grounded=False, jumping=False, normal=(0.000,1.000,0.000), vel=(0.000,0.000,0.000)) probe(trace_dist=0.0508, hit=False, normal_y=None, fraction=None) post(grounded=True, vel=(0.000,0.000,0.000), horiz_speed=0.000, pos=(-23.725,-0.039,0.111))
[movedbg #2177] pre(grounded=False, jumping=False, normal=(0.000,1.000,0.000), vel=(0.000,0.000,0.000)) probe(trace_dist=0.0508, hit=False, normal_y=None, fraction=None) post(grounded=False, vel=(0.000,-0.082,0.000), horiz_speed=0.000, pos=(-23.725,-0.040,0.111))
[movedbg #2178] pre(grounded=False, jumping=False, normal=(0.000,1.000,0.000), vel=(0.000,-0.082,0.000)) probe(trace_dist=0.0508, hit=False, normal_y=None, fraction=None) post(grounded=False, vel=(0.000,-0.164,0.000), horiz_speed=0.000, pos=(-23.725,-0.041,0.111))
[movedbg #2179] pre(grounded=False, jumping=False, normal=(0.000,1.000,0.000), vel=(0.000,-0.164,0.000)) probe(trace_dist=0.0508, hit=False, normal_y=None, fraction=None) post(grounded=True, vel=(0.000,0.000,0.000), horiz_speed=0.000, pos=(-23.725,-0.040,0.111))
[movedbg #2180] pre(grounded=False, jumping=False, normal=(0.000,1.000,0.000), vel=(0.000,0.000,0.000)) probe(trace_dist=0.0508, hit=False, normal_y=None, fraction=None) post(grounded=False, vel=(0.000,-0.082,0.000), horiz_speed=0.000, pos=(-23.725,-0.041,0.111))
[movedbg #2181] pre(grounded=False, jumping=False, normal=(0.000,1.000,0.000), vel=(0.000,-0.082,0.000)) probe(trace_dist=0.0508, hit=False, normal_y=None, fraction=None) post(grounded=True, vel=(0.000,0.000,0.000), horiz_speed=0.000, pos=(-23.726,-0.040,0.111))
[movedbg #2182] pre(grounded=False, jumping=False, normal=(0.000,1.000,0.000), vel=(0.000,0.000,0.000)) probe(trace_dist=0.0508, hit=False, normal_y=None, fraction=None) post(grounded=False, vel=(0.000,-0.082,0.000), horiz_speed=0.000, pos=(-23.726,-0.040,0.111))
[movedbg #2183] pre(grounded=False, jumping=False, normal=(0.000,1.000,0.000), vel=(0.000,-0.082,0.000)) probe(trace_dist=0.0508, hit=False, normal_y=None, fraction=None) post(grounded=True, vel=(0.000,0.000,0.000), horiz_speed=0.000, pos=(-23.726,-0.040,0.111))
[movedbg #2184] pre(grounded=False, jumping=False, normal=(0.000,1.000,0.000), vel=(0.000,0.000,0.000)) probe(trace_dist=0.0508, hit=False, normal_y=None, fraction=None) post(grounded=False, vel=(0.000,-0.082,0.000), horiz_speed=0.000, pos=(-23.726,-0.040,0.111))
[movedbg #2185] pre(grounded=False, jumping=False, normal=(0.000,1.000,0.000), vel=(0.000,-0.082,0.000)) probe(trace_dist=0.0508, hit=False, normal_y=None, fraction=None) post(grounded=True, vel=(0.000,0.000,0.000), horiz_speed=0.000, pos=(-23.726,-0.041,0.111))
[movedbg #2186] pre(grounded=False, jumping=False, normal=(0.000,1.000,0.000), vel=(0.000,0.000,0.000)) probe(trace_dist=0.0508, hit=False, normal_y=None, fraction=None) post(grounded=False, vel=(0.000,-0.082,0.000), horiz_speed=0.000, pos=(-23.726,-0.041,0.111))
[movedbg #2187] pre(grounded=False, jumping=False, normal=(0.000,1.000,0.000), vel=(0.000,-0.082,0.000)) probe(trace_dist=0.0508, hit=False, normal_y=None, fraction=None) post(grounded=True, vel=(0.000,0.000,0.000), horiz_speed=0.000, pos=(-23.727,-0.040,0.111))
[movedbg #2188] pre(grounded=False, jumping=False, normal=(0.000,1.000,0.000), vel=(0.000,0.000,0.000)) probe(trace_dist=0.0508, hit=False, normal_y=None, fraction=None) post(grounded=False, vel=(0.000,-0.082,0.000), horiz_speed=0.000, pos=(-23.727,-0.041,0.111))
[movedbg #2189] pre(grounded=False, jumping=False, normal=(0.000,1.000,0.000), vel=(0.000,-0.082,0.000)) probe(trace_dist=0.0508, hit=False, normal_y=None, fraction=None) post(grounded=True, vel=(0.000,0.000,0.000), horiz_speed=0.000, pos=(-23.727,-0.040,0.111))
[movedbg #2190] pre(grounded=False, jumping=False, normal=(0.000,1.000,0.000), vel=(0.000,0.000,0.000)) probe(trace_dist=0.0508, hit=False, normal_y=None, fraction=None) post(grounded=False, vel=(0.000,-0.082,0.000), horiz_speed=0.000, pos=(-23.727,-0.041,0.111))
[movedbg #2191] pre(grounded=False, jumping=False, normal=(0.000,1.000,0.000), vel=(0.000,-0.082,0.000)) probe(trace_dist=0.0508, hit=False, normal_y=None, fraction=None) post(grounded=True, vel=(0.000,0.000,0.000), horiz_speed=0.000, pos=(-23.727,-0.041,0.111))
[movedbg #2192] pre(grounded=False, jumping=False, normal=(0.000,1.000,0.000), vel=(0.000,0.000,0.000)) probe(trace_dist=0.0508, hit=False, normal_y=None, fraction=None) post(grounded=False, vel=(0.000,-0.082,0.000), horiz_speed=0.000, pos=(-23.727,-0.042,0.111))
[movedbg #2193] pre(grounded=False, jumping=False, normal=(0.000,1.000,0.000), vel=(0.000,-0.082,0.000)) probe(trace_dist=0.0508, hit=False, normal_y=None, fraction=None) post(grounded=True, vel=(0.000,0.000,0.000), horiz_speed=0.000, pos=(-23.728,-0.041,0.111))
[movedbg #2194] pre(grounded=False, jumping=False, normal=(0.000,1.000,0.000), vel=(0.000,0.000,0.000)) probe(trace_dist=0.0508, hit=False, normal_y=None, fraction=None) post(grounded=False, vel=(0.000,-0.082,0.000), horiz_speed=0.000, pos=(-23.728,-0.041,0.111))
[movedbg #2195] pre(grounded=False, jumping=False, normal=(0.000,1.000,0.000), vel=(0.000,-0.082,0.000)) probe(trace_dist=0.0508, hit=False, normal_y=None, fraction=None) post(grounded=True, vel=(0.000,0.000,0.000), horiz_speed=0.000, pos=(-23.728,-0.041,0.111))
[movedbg #2196] pre(grounded=False, jumping=False, normal=(0.000,1.000,0.000), vel=(0.000,0.000,0.000)) probe(trace_dist=0.0508, hit=False, normal_y=None, fraction=None) post(grounded=False, vel=(0.000,-0.082,0.000), horiz_speed=0.000, pos=(-23.728,-0.041,0.111))
[movedbg #2197] pre(grounded=False, jumping=False, normal=(0.000,1.000,0.000), vel=(0.000,-0.082,0.000)) probe(trace_dist=0.0508, hit=False, normal_y=None, fraction=None) post(grounded=True, vel=(0.000,0.000,0.000), horiz_speed=0.000, pos=(-23.729,-0.041,0.111))
[movedbg #2198] pre(grounded=False, jumping=False, normal=(0.000,1.000,0.000), vel=(0.000,0.000,0.000)) probe(trace_dist=0.0508, hit=False, normal_y=None, fraction=None) post(grounded=False, vel=(0.000,-0.082,0.000), horiz_speed=0.000, pos=(-23.729,-0.042,0.111))
[movedbg #2199] pre(grounded=False, jumping=False, normal=(0.000,1.000,0.000), vel=(0.000,-0.082,0.000)) probe(trace_dist=0.0508, hit=False, normal_y=None, fraction=None) post(grounded=True, vel=(0.000,0.000,0.000), horiz_speed=0.000, pos=(-23.729,-0.041,0.111))
[movedbg #2200] pre(grounded=False, jumping=False, normal=(0.000,1.000,0.000), vel=(0.000,0.000,0.000)) probe(trace_dist=0.0508, hit=False, normal_y=None, fraction=None) post(grounded=False, vel=(0.000,-0.082,0.000), horiz_speed=0.000, pos=(-23.729,-0.042,0.111))
[movedbg #2201] pre(grounded=False, jumping=False, normal=(0.000,1.000,0.000), vel=(0.000,-0.082,0.000)) probe(trace_dist=0.0508, hit=False, normal_y=None, fraction=None) post(grounded=True, vel=(0.000,0.000,0.000), horiz_speed=0.000, pos=(-23.729,-0.041,0.111))
[movedbg #2202] pre(grounded=False, jumping=False, normal=(0.000,1.000,0.000), vel=(0.000,0.000,0.000)) probe(trace_dist=0.0508, hit=False, normal_y=None, fraction=None) post(grounded=False, vel=(0.000,-0.082,0.000), horiz_speed=0.000, pos=(-23.729,-0.042,0.111))
[movedbg #2203] pre(grounded=False, jumping=False, normal=(0.000,1.000,0.000), vel=(0.000,-0.082,0.000)) probe(trace_dist=0.0508, hit=False, normal_y=None, fraction=None) post(grounded=True, vel=(0.000,0.000,0.000), horiz_speed=0.000, pos=(-23.730,-0.042,0.111))
[movedbg #2204] pre(grounded=False, jumping=False, normal=(0.000,1.000,0.000), vel=(0.000,0.000,0.000)) probe(trace_dist=0.0508, hit=False, normal_y=None, fraction=None) post(grounded=False, vel=(0.000,-0.082,0.000), horiz_speed=0.000, pos=(-23.730,-0.043,0.111))
[movedbg #2205] pre(grounded=False, jumping=False, normal=(0.000,1.000,0.000), vel=(0.000,-0.082,0.000)) probe(trace_dist=0.0508, hit=False, normal_y=None, fraction=None) post(grounded=True, vel=(0.000,0.000,0.000), horiz_speed=0.000, pos=(-23.730,-0.042,0.111))
[movedbg #2206] pre(grounded=False, jumping=False, normal=(0.000,1.000,0.000), vel=(0.000,0.000,0.000)) probe(trace_dist=0.0508, hit=False, normal_y=None, fraction=None) post(grounded=False, vel=(0.000,-0.082,0.000), horiz_speed=0.000, pos=(-23.730,-0.042,0.111))
[movedbg #2207] pre(grounded=False, jumping=False, normal=(0.000,1.000,0.000), vel=(0.000,-0.082,0.000)) probe(trace_dist=0.0508, hit=False, normal_y=None, fraction=None) post(grounded=True, vel=(0.000,0.000,0.000), horiz_speed=0.000, pos=(-23.730,-0.041,0.111))
[movedbg #2208] pre(grounded=False, jumping=False, normal=(0.000,1.000,0.000), vel=(0.000,0.000,0.000)) probe(trace_dist=0.0508, hit=False, normal_y=None, fraction=None) post(grounded=False, vel=(0.000,-0.082,0.000), horiz_speed=0.000, pos=(-23.730,-0.042,0.111))
[movedbg #2209] pre(grounded=False, jumping=False, normal=(0.000,1.000,0.000), vel=(0.000,-0.082,0.000)) probe(trace_dist=0.0508, hit=False, normal_y=None, fraction=None) post(grounded=True, vel=(0.000,0.000,0.000), horiz_speed=0.000, pos=(-23.731,-0.042,0.111))
[movedbg #2210] pre(grounded=False, jumping=False, normal=(0.000,1.000,0.000), vel=(0.000,0.000,0.000)) probe(trace_dist=0.0508, hit=False, normal_y=None, fraction=None) post(grounded=False, vel=(0.000,-0.082,0.000), horiz_speed=0.000, pos=(-23.731,-0.043,0.111))
[movedbg #2211] pre(grounded=False, jumping=False, normal=(0.000,1.000,0.000), vel=(0.000,-0.082,0.000)) probe(trace_dist=0.0508, hit=False, normal_y=None, fraction=None) post(grounded=True, vel=(0.000,0.000,0.000), horiz_speed=0.000, pos=(-23.731,-0.042,0.111))
[movedbg #2212] pre(grounded=False, jumping=False, normal=(0.000,1.000,0.000), vel=(0.000,0.000,0.000)) probe(trace_dist=0.0508, hit=False, normal_y=None, fraction=None) post(grounded=False, vel=(0.000,-0.082,0.000), horiz_speed=0.000, pos=(-23.731,-0.043,0.111))
[movedbg #2213] pre(grounded=False, jumping=False, normal=(0.000,1.000,0.000), vel=(0.000,-0.082,0.000)) probe(trace_dist=0.0508, hit=False, normal_y=None, fraction=None) post(grounded=True, vel=(0.000,0.000,0.000), horiz_speed=0.000, pos=(-23.732,-0.042,0.111))
[movedbg #2214] pre(grounded=False, jumping=False, normal=(0.000,1.000,0.000), vel=(0.000,0.000,0.000)) probe(trace_dist=0.0508, hit=False, normal_y=None, fraction=None) post(grounded=False, vel=(0.000,-0.082,0.000), horiz_speed=0.000, pos=(-23.732,-0.043,0.111))
[movedbg #2215] pre(grounded=False, jumping=False, normal=(0.000,1.000,0.000), vel=(0.000,-0.082,0.000)) probe(trace_dist=0.0508, hit=False, normal_y=None, fraction=None) post(grounded=True, vel=(0.000,0.000,0.000), horiz_speed=0.000, pos=(-23.732,-0.043,0.111))
[movedbg #2216] pre(grounded=False, jumping=False, normal=(0.000,1.000,0.000), vel=(0.000,0.000,0.000)) probe(trace_dist=0.0508, hit=False, normal_y=None, fraction=None) post(grounded=False, vel=(0.000,-0.082,0.000), horiz_speed=0.000, pos=(-23.732,-0.043,0.111))
[movedbg #2217] pre(grounded=False, jumping=False, normal=(0.000,1.000,0.000), vel=(0.000,-0.082,0.000)) probe(trace_dist=0.0508, hit=False, normal_y=None, fraction=None) post(grounded=True, vel=(0.000,0.000,0.000), horiz_speed=0.000, pos=(-23.732,-0.043,0.111))
[movedbg #2218] pre(grounded=False, jumping=False, normal=(0.000,1.000,0.000), vel=(0.000,0.000,0.000)) probe(trace_dist=0.0508, hit=False, normal_y=None, fraction=None) post(grounded=False, vel=(0.000,-0.082,0.000), horiz_speed=0.000, pos=(-23.732,-0.043,0.111))
[movedbg #2219] pre(grounded=False, jumping=False, normal=(0.000,1.000,0.000), vel=(0.000,-0.082,0.000)) probe(trace_dist=0.0508, hit=False, normal_y=None, fraction=None) post(grounded=True, vel=(0.000,0.000,0.000), horiz_speed=0.000, pos=(-23.733,-0.042,0.111))
[movedbg #2220] pre(grounded=False, jumping=False, normal=(0.000,1.000,0.000), vel=(0.000,0.000,0.000)) probe(trace_dist=0.0508, hit=False, normal_y=None, fraction=None) post(grounded=False, vel=(0.000,-0.082,0.000), horiz_speed=0.000, pos=(-23.733,-0.043,0.111))
[movedbg #2221] pre(grounded=False, jumping=False, normal=(0.000,1.000,0.000), vel=(0.000,-0.082,0.000)) probe(trace_dist=0.0508, hit=False, normal_y=None, fraction=None) post(grounded=True, vel=(0.000,0.000,0.000), horiz_speed=0.000, pos=(-23.733,-0.043,0.111))
[movedbg #2222] pre(grounded=False, jumping=False, normal=(0.000,1.000,0.000), vel=(0.000,0.000,0.000)) probe(trace_dist=0.0508, hit=False, normal_y=None, fraction=None) post(grounded=False, vel=(0.000,-0.082,0.000), horiz_speed=0.000, pos=(-23.733,-0.044,0.111))
[movedbg #2223] pre(grounded=False, jumping=False, normal=(0.000,1.000,0.000), vel=(0.000,-0.082,0.000)) probe(trace_dist=0.0508, hit=False, normal_y=None, fraction=None) post(grounded=True, vel=(0.000,0.000,0.000), horiz_speed=0.000, pos=(-23.733,-0.043,0.111))
[movedbg #2224] pre(grounded=False, jumping=False, normal=(0.000,1.000,0.000), vel=(0.000,0.000,0.000)) probe(trace_dist=0.0508, hit=False, normal_y=None, fraction=None) post(grounded=False, vel=(0.000,-0.082,0.000), horiz_speed=0.000, pos=(-23.733,-0.044,0.111))
[movedbg #2225] pre(grounded=False, jumping=False, normal=(0.000,1.000,0.000), vel=(0.000,-0.082,0.000)) probe(trace_dist=0.0508, hit=False, normal_y=None, fraction=None) post(grounded=True, vel=(0.000,0.000,0.000), horiz_speed=0.000, pos=(-23.734,-0.043,0.111))
[movedbg #2226] pre(grounded=False, jumping=False, normal=(0.000,1.000,0.000), vel=(0.000,0.000,0.000)) probe(trace_dist=0.0508, hit=False, normal_y=None, fraction=None) post(grounded=False, vel=(0.000,-0.082,0.000), horiz_speed=0.000, pos=(-23.734,-0.043,0.111))
[movedbg #2227] pre(grounded=False, jumping=False, normal=(0.000,1.000,0.000), vel=(0.000,-0.082,0.000)) probe(trace_dist=0.0508, hit=False, normal_y=None, fraction=None) post(grounded=True, vel=(0.000,0.000,0.000), horiz_speed=0.000, pos=(-23.734,-0.044,0.111))
[movedbg #2228] pre(grounded=False, jumping=False, normal=(0.000,1.000,0.000), vel=(0.000,0.000,0.000)) probe(trace_dist=0.0508, hit=False, normal_y=None, fraction=None) post(grounded=True, vel=(0.000,0.000,0.000), horiz_speed=0.000, pos=(-23.734,-0.043,0.111))
[movedbg #2229] pre(grounded=False, jumping=False, normal=(0.000,1.000,0.000), vel=(0.000,0.000,0.000)) probe(trace_dist=0.0508, hit=False, normal_y=None, fraction=None) post(grounded=False, vel=(0.000,-0.082,0.000), horiz_speed=0.000, pos=(-23.734,-0.043,0.111))
[movedbg #2230] pre(grounded=False, jumping=False, normal=(0.000,1.000,0.000), vel=(0.000,-0.082,0.000)) probe(trace_dist=0.0508, hit=False, normal_y=None, fraction=None) post(grounded=False, vel=(0.000,-0.164,0.000), horiz_speed=0.000, pos=(-23.734,-0.045,0.111))
[movedbg #2231] pre(grounded=False, jumping=False, normal=(0.000,1.000,0.000), vel=(0.000,-0.164,0.000)) probe(trace_dist=0.0508, hit=False, normal_y=None, fraction=None) post(grounded=True, vel=(0.000,0.000,0.000), horiz_speed=0.000, pos=(-23.735,-0.044,0.111))
[movedbg #2232] pre(grounded=False, jumping=False, normal=(0.000,1.000,0.000), vel=(0.000,0.000,0.000)) probe(trace_dist=0.0508, hit=False, normal_y=None, fraction=None) post(grounded=False, vel=(0.000,-0.082,0.000), horiz_speed=0.000, pos=(-23.735,-0.045,0.111))
[movedbg #2233] pre(grounded=False, jumping=False, normal=(0.000,1.000,0.000), vel=(0.000,-0.082,0.000)) probe(trace_dist=0.0508, hit=False, normal_y=None, fraction=None) post(grounded=True, vel=(0.000,0.000,0.000), horiz_speed=0.000, pos=(-23.735,-0.044,0.111))
[movedbg #2234] pre(grounded=False, jumping=False, normal=(0.000,1.000,0.000), vel=(0.000,0.000,0.000)) probe(trace_dist=0.0508, hit=False, normal_y=None, fraction=None) post(grounded=False, vel=(0.000,-0.082,0.000), horiz_speed=0.000, pos=(-23.735,-0.044,0.111))
[movedbg #2235] pre(grounded=False, jumping=False, normal=(0.000,1.000,0.000), vel=(0.000,-0.082,0.000)) probe(trace_dist=0.0508, hit=False, normal_y=None, fraction=None) post(grounded=True, vel=(0.000,0.000,0.000), horiz_speed=0.000, pos=(-23.736,-0.043,0.111))
[movedbg #2236] pre(grounded=False, jumping=False, normal=(0.000,1.000,0.000), vel=(0.000,0.000,0.000)) probe(trace_dist=0.0508, hit=False, normal_y=None, fraction=None) post(grounded=False, vel=(0.000,-0.082,0.000), horiz_speed=0.000, pos=(-23.736,-0.044,0.111))
[movedbg #2237] pre(grounded=False, jumping=False, normal=(0.000,1.000,0.000), vel=(0.000,-0.082,0.000)) probe(trace_dist=0.0508, hit=False, normal_y=None, fraction=None) post(grounded=True, vel=(0.000,0.000,0.000), horiz_speed=0.000, pos=(-23.736,-0.044,0.111))
[movedbg #2238] pre(grounded=False, jumping=False, normal=(0.000,1.000,0.000), vel=(0.000,0.000,0.000)) probe(trace_dist=0.0508, hit=False, normal_y=None, fraction=None) post(grounded=False, vel=(0.000,-0.082,0.000), horiz_speed=0.000, pos=(-23.736,-0.045,0.111))
[movedbg #2239] pre(grounded=False, jumping=False, normal=(0.000,1.000,0.000), vel=(0.000,-0.082,0.000)) probe(trace_dist=0.0508, hit=False, normal_y=None, fraction=None) post(grounded=True, vel=(0.000,0.000,0.000), horiz_speed=0.000, pos=(-23.736,-0.044,0.111))
[movedbg #2240] pre(grounded=False, jumping=False, normal=(0.000,1.000,0.000), vel=(0.000,0.000,0.000)) probe(trace_dist=0.0508, hit=False, normal_y=None, fraction=None) post(grounded=False, vel=(0.000,-0.082,0.000), horiz_speed=0.000, pos=(-23.736,-0.045,0.111))
[movedbg #2241] pre(grounded=False, jumping=False, normal=(0.000,1.000,0.000), vel=(0.000,-0.082,0.000)) probe(trace_dist=0.0508, hit=False, normal_y=None, fraction=None) post(grounded=True, vel=(0.000,0.000,0.000), horiz_speed=0.000, pos=(-23.737,-0.044,0.111))
[movedbg #2242] pre(grounded=False, jumping=False, normal=(0.000,1.000,0.000), vel=(0.000,0.000,0.000)) probe(trace_dist=0.0508, hit=False, normal_y=None, fraction=None) post(grounded=False, vel=(0.000,-0.082,0.000), horiz_speed=0.000, pos=(-23.737,-0.045,0.111))
[movedbg #2243] pre(grounded=False, jumping=False, normal=(0.000,1.000,0.000), vel=(0.000,-0.082,0.000)) probe(trace_dist=0.0508, hit=False, normal_y=None, fraction=None) post(grounded=True, vel=(0.000,0.000,0.000), horiz_speed=0.000, pos=(-23.737,-0.045,0.111))
[movedbg #2244] pre(grounded=False, jumping=False, normal=(0.000,1.000,0.000), vel=(0.000,0.000,0.000)) probe(trace_dist=0.0508, hit=False, normal_y=None, fraction=None) post(grounded=False, vel=(0.000,-0.082,0.000), horiz_speed=0.000, pos=(-23.737,-0.046,0.111))
[movedbg #2245] pre(grounded=False, jumping=False, normal=(0.000,1.000,0.000), vel=(0.000,-0.082,0.000)) probe(trace_dist=0.0508, hit=False, normal_y=None, fraction=None) post(grounded=True, vel=(0.000,0.000,0.000), horiz_speed=0.000, pos=(-23.737,-0.045,0.111))
[movedbg #2246] pre(grounded=False, jumping=False, normal=(0.000,1.000,0.000), vel=(0.000,0.000,0.000)) probe(trace_dist=0.0508, hit=False, normal_y=None, fraction=None) post(grounded=False, vel=(0.000,-0.082,0.000), horiz_speed=0.000, pos=(-23.737,-0.045,0.111))
[movedbg #2247] pre(grounded=False, jumping=False, normal=(0.000,1.000,0.000), vel=(0.000,-0.082,0.000)) probe(trace_dist=0.0508, hit=False, normal_y=None, fraction=None) post(grounded=True, vel=(0.000,0.000,0.000), horiz_speed=0.000, pos=(-23.738,-0.044,0.111))
[movedbg #2248] pre(grounded=False, jumping=False, normal=(0.000,1.000,0.000), vel=(0.000,0.000,0.000)) probe(trace_dist=0.0508, hit=False, normal_y=None, fraction=None) post(grounded=False, vel=(0.000,-0.082,0.000), horiz_speed=0.000, pos=(-23.738,-0.045,0.111))
[movedbg #2249] pre(grounded=False, jumping=False, normal=(0.000,1.000,0.000), vel=(0.000,-0.082,0.000)) probe(trace_dist=0.0508, hit=False, normal_y=None, fraction=None) post(grounded=True, vel=(0.000,0.000,0.000), horiz_speed=0.000, pos=(-23.738,-0.045,0.111))
[movedbg #2250] pre(grounded=False, jumping=False, normal=(0.000,1.000,0.000), vel=(0.000,0.000,0.000)) probe(trace_dist=0.0508, hit=False, normal_y=None, fraction=None) post(grounded=False, vel=(0.000,-0.082,0.000), horiz_speed=0.000, pos=(-23.738,-0.046,0.111))
[movedbg #2251] pre(grounded=False, jumping=False, normal=(0.000,1.000,0.000), vel=(0.000,-0.082,0.000)) probe(trace_dist=0.0508, hit=False, normal_y=None, fraction=None) post(grounded=True, vel=(0.000,0.000,0.000), horiz_speed=0.000, pos=(-23.739,-0.045,0.111))
[movedbg #2252] pre(grounded=False, jumping=False, normal=(0.000,1.000,0.000), vel=(0.000,0.000,0.000)) probe(trace_dist=0.0508, hit=False, normal_y=None, fraction=None) post(grounded=False, vel=(0.000,-0.082,0.000), horiz_speed=0.000, pos=(-23.739,-0.046,0.111))
[movedbg #2253] pre(grounded=False, jumping=False, normal=(0.000,1.000,0.000), vel=(0.000,-0.082,0.000)) probe(trace_dist=0.0508, hit=False, normal_y=None, fraction=None) post(grounded=True, vel=(0.000,0.000,0.000), horiz_speed=0.000, pos=(-23.739,-0.045,0.111))
[movedbg #2254] pre(grounded=False, jumping=False, normal=(0.000,1.000,0.000), vel=(0.000,0.000,0.000)) probe(trace_dist=0.0508, hit=False, normal_y=None, fraction=None) post(grounded=False, vel=(0.000,-0.082,0.000), horiz_speed=0.000, pos=(-23.739,-0.045,0.111))
[movedbg #2255] pre(grounded=False, jumping=False, normal=(0.000,1.000,0.000), vel=(0.000,-0.082,0.000)) probe(trace_dist=0.0508, hit=False, normal_y=None, fraction=None) post(grounded=True, vel=(0.000,0.000,0.000), horiz_speed=0.000, pos=(-23.739,-0.046,0.111))
[movedbg #2256] pre(grounded=False, jumping=False, normal=(0.000,1.000,0.000), vel=(0.000,0.000,0.000)) probe(trace_dist=0.0508, hit=False, normal_y=None, fraction=None) post(grounded=False, vel=(0.000,-0.082,0.000), horiz_speed=0.000, pos=(-23.739,-0.046,0.111))
[movedbg #2257] pre(grounded=False, jumping=False, normal=(0.000,1.000,0.000), vel=(0.000,-0.082,0.000)) probe(trace_dist=0.0508, hit=False, normal_y=None, fraction=None) post(grounded=True, vel=(0.000,0.000,0.000), horiz_speed=0.000, pos=(-23.740,-0.045,0.111))
[movedbg #2258] pre(grounded=False, jumping=False, normal=(0.000,1.000,0.000), vel=(0.000,0.000,0.000)) probe(trace_dist=0.0508, hit=False, normal_y=None, fraction=None) post(grounded=False, vel=(0.000,-0.082,0.000), horiz_speed=0.000, pos=(-23.740,-0.046,0.111))
[movedbg #2259] pre(grounded=False, jumping=False, normal=(0.000,1.000,0.000), vel=(0.000,-0.082,0.000)) probe(trace_dist=0.0508, hit=False, normal_y=None, fraction=None) post(grounded=True, vel=(0.000,0.000,0.000), horiz_speed=0.000, pos=(-23.740,-0.045,0.111))
[movedbg #2260] pre(grounded=False, jumping=False, normal=(0.000,1.000,0.000), vel=(0.000,0.000,0.000)) probe(trace_dist=0.0508, hit=False, normal_y=None, fraction=None) post(grounded=False, vel=(0.000,-0.082,0.000), horiz_speed=0.000, pos=(-23.740,-0.046,0.111))
[movedbg #2261] pre(grounded=False, jumping=False, normal=(0.000,1.000,0.000), vel=(0.000,-0.082,0.000)) probe(trace_dist=0.0508, hit=False, normal_y=None, fraction=None) post(grounded=True, vel=(0.000,0.000,0.000), horiz_speed=0.000, pos=(-23.740,-0.046,0.111))
[movedbg #2262] pre(grounded=False, jumping=False, normal=(0.000,1.000,0.000), vel=(0.000,0.000,0.000)) probe(trace_dist=0.0508, hit=False, normal_y=None, fraction=None) post(grounded=False, vel=(0.000,-0.082,0.000), horiz_speed=0.000, pos=(-23.740,-0.047,0.111))
[movedbg #2263] pre(grounded=False, jumping=False, normal=(0.000,1.000,0.000), vel=(0.000,-0.082,0.000)) probe(trace_dist=0.0508, hit=False, normal_y=None, fraction=None) post(grounded=True, vel=(0.000,0.000,0.000), horiz_speed=0.000, pos=(-23.741,-0.046,0.111))
[movedbg #2264] pre(grounded=False, jumping=False, normal=(0.000,1.000,0.000), vel=(0.000,0.000,0.000)) probe(trace_dist=0.0508, hit=False, normal_y=None, fraction=None) post(grounded=False, vel=(0.000,-0.082,0.000), horiz_speed=0.000, pos=(-23.741,-0.047,0.111))
[movedbg #2265] pre(grounded=False, jumping=False, normal=(0.000,1.000,0.000), vel=(0.000,-0.082,0.000)) probe(trace_dist=0.0508, hit=False, normal_y=None, fraction=None) post(grounded=True, vel=(0.000,0.000,0.000), horiz_speed=0.000, pos=(-23.741,-0.046,0.111))
[movedbg #2266] pre(grounded=False, jumping=False, normal=(0.000,1.000,0.000), vel=(0.000,0.000,0.000)) probe(trace_dist=0.0508, hit=False, normal_y=None, fraction=None) post(grounded=False, vel=(0.000,-0.082,0.000), horiz_speed=0.000, pos=(-23.741,-0.046,0.111))
[movedbg #2267] pre(grounded=False, jumping=False, normal=(0.000,1.000,0.000), vel=(0.000,-0.082,0.000)) probe(trace_dist=0.0508, hit=False, normal_y=None, fraction=None) post(grounded=True, vel=(0.000,0.000,0.000), horiz_speed=0.000, pos=(-23.741,-0.047,0.111))
[movedbg #2268] pre(grounded=False, jumping=False, normal=(0.000,1.000,0.000), vel=(0.000,0.000,0.000)) probe(trace_dist=0.0508, hit=False, normal_y=None, fraction=None) post(grounded=False, vel=(0.000,-0.082,0.000), horiz_speed=0.000, pos=(-23.741,-0.047,0.111))
[movedbg #2269] pre(grounded=False, jumping=False, normal=(0.000,1.000,0.000), vel=(0.000,-0.082,0.000)) probe(trace_dist=0.0508, hit=False, normal_y=None, fraction=None) post(grounded=True, vel=(0.000,0.000,0.000), horiz_speed=0.000, pos=(-23.742,-0.046,0.111))
[movedbg #2270] pre(grounded=False, jumping=False, normal=(0.000,1.000,0.000), vel=(0.000,0.000,0.000)) probe(trace_dist=0.0508, hit=False, normal_y=None, fraction=None) post(grounded=False, vel=(0.000,-0.082,0.000), horiz_speed=0.000, pos=(-23.742,-0.047,0.111))
[movedbg #2271] pre(grounded=False, jumping=False, normal=(0.000,1.000,0.000), vel=(0.000,-0.082,0.000)) probe(trace_dist=0.0508, hit=False, normal_y=None, fraction=None) post(grounded=True, vel=(0.000,0.000,0.000), horiz_speed=0.000, pos=(-23.742,-0.046,0.111))
[movedbg #2272] pre(grounded=False, jumping=False, normal=(0.000,1.000,0.000), vel=(0.000,0.000,0.000)) probe(trace_dist=0.0508, hit=False, normal_y=None, fraction=None) post(grounded=False, vel=(0.000,-0.082,0.000), horiz_speed=0.000, pos=(-23.742,-0.047,0.111))
[movedbg #2273] pre(grounded=False, jumping=False, normal=(0.000,1.000,0.000), vel=(0.000,-0.082,0.000)) probe(trace_dist=0.0508, hit=False, normal_y=None, fraction=None) post(grounded=True, vel=(0.000,0.000,0.000), horiz_speed=0.000, pos=(-23.743,-0.047,0.111))
[movedbg #2274] pre(grounded=False, jumping=False, normal=(0.000,1.000,0.000), vel=(0.000,0.000,0.000)) probe(trace_dist=0.0508, hit=False, normal_y=None, fraction=None) post(grounded=False, vel=(0.000,-0.082,0.000), horiz_speed=0.000, pos=(-23.743,-0.048,0.111))
[movedbg #2275] pre(grounded=False, jumping=False, normal=(0.000,1.000,0.000), vel=(0.000,-0.082,0.000)) probe(trace_dist=0.0508, hit=False, normal_y=None, fraction=None) post(grounded=True, vel=(0.000,0.000,0.000), horiz_speed=0.000, pos=(-23.743,-0.047,0.111))
[movedbg #2276] pre(grounded=False, jumping=False, normal=(0.000,1.000,0.000), vel=(0.000,0.000,0.000)) probe(trace_dist=0.0508, hit=False, normal_y=None, fraction=None) post(grounded=False, vel=(0.000,-0.082,0.000), horiz_speed=0.000, pos=(-23.743,-0.047,0.111))
[movedbg #2277] pre(grounded=False, jumping=False, normal=(0.000,1.000,0.000), vel=(0.000,-0.082,0.000)) probe(trace_dist=0.0508, hit=False, normal_y=None, fraction=None) post(grounded=True, vel=(0.000,0.000,0.000), horiz_speed=0.000, pos=(-23.743,-0.047,0.111))
[movedbg #2278] pre(grounded=False, jumping=False, normal=(0.000,1.000,0.000), vel=(0.000,0.000,0.000)) probe(trace_dist=0.0508, hit=False, normal_y=None, fraction=None) post(grounded=False, vel=(0.000,-0.082,0.000), horiz_speed=0.000, pos=(-23.743,-0.047,0.111))
[movedbg #2279] pre(grounded=False, jumping=False, normal=(0.000,1.000,0.000), vel=(0.000,-0.082,0.000)) probe(trace_dist=0.0508, hit=False, normal_y=None, fraction=None) post(grounded=True, vel=(0.000,0.000,0.000), horiz_speed=0.000, pos=(-23.744,-0.047,0.111))
[movedbg #2280] pre(grounded=False, jumping=False, normal=(0.000,1.000,0.000), vel=(0.000,0.000,0.000)) probe(trace_dist=0.0508, hit=False, normal_y=None, fraction=None) post(grounded=False, vel=(0.000,-0.082,0.000), horiz_speed=0.000, pos=(-23.744,-0.048,0.111))
[movedbg #2281] pre(grounded=False, jumping=False, normal=(0.000,1.000,0.000), vel=(0.000,-0.082,0.000)) probe(trace_dist=0.0508, hit=False, normal_y=None, fraction=None) post(grounded=True, vel=(0.000,0.000,0.000), horiz_speed=0.000, pos=(-23.744,-0.047,0.111))
[movedbg #2282] pre(grounded=False, jumping=False, normal=(0.000,1.000,0.000), vel=(0.000,0.000,0.000)) probe(trace_dist=0.0508, hit=False, normal_y=None, fraction=None) post(grounded=False, vel=(0.000,-0.082,0.000), horiz_speed=0.000, pos=(-23.744,-0.048,0.111))
[movedbg #2283] pre(grounded=False, jumping=False, normal=(0.000,1.000,0.000), vel=(0.000,-0.082,0.000)) probe(trace_dist=0.0508, hit=False, normal_y=None, fraction=None) post(grounded=True, vel=(0.000,0.000,0.000), horiz_speed=0.000, pos=(-23.744,-0.047,0.111))
[movedbg #2284] pre(grounded=False, jumping=False, normal=(0.000,1.000,0.000), vel=(0.000,0.000,0.000)) probe(trace_dist=0.0508, hit=False, normal_y=None, fraction=None) post(grounded=False, vel=(0.000,-0.082,0.000), horiz_speed=0.000, pos=(-23.744,-0.048,0.111))
[movedbg #2285] pre(grounded=False, jumping=False, normal=(0.000,1.000,0.000), vel=(0.000,-0.082,0.000)) probe(trace_dist=0.0508, hit=False, normal_y=None, fraction=None) post(grounded=True, vel=(0.000,0.000,0.000), horiz_speed=0.000, pos=(-23.745,-0.048,0.111))
[movedbg #2286] pre(grounded=False, jumping=False, normal=(0.000,1.000,0.000), vel=(0.000,0.000,0.000)) probe(trace_dist=0.0508, hit=False, normal_y=None, fraction=None) post(grounded=False, vel=(0.000,-0.082,0.000), horiz_speed=0.000, pos=(-23.745,-0.049,0.111))
[movedbg #2287] pre(grounded=False, jumping=False, normal=(0.000,1.000,0.000), vel=(0.000,-0.082,0.000)) probe(trace_dist=0.0508, hit=False, normal_y=None, fraction=None) post(grounded=True, vel=(0.000,0.000,0.000), horiz_speed=0.000, pos=(-23.745,-0.048,0.111))
[movedbg #2288] pre(grounded=False, jumping=False, normal=(0.000,1.000,0.000), vel=(0.000,0.000,0.000)) probe(trace_dist=0.0508, hit=False, normal_y=None, fraction=None) post(grounded=False, vel=(0.000,-0.082,0.000), horiz_speed=0.000, pos=(-23.745,-0.048,0.111))
[movedbg #2289] pre(grounded=False, jumping=False, normal=(0.000,1.000,0.000), vel=(0.000,-0.082,0.000)) probe(trace_dist=0.0508, hit=False, normal_y=None, fraction=None) post(grounded=True, vel=(0.000,0.000,0.000), horiz_speed=0.000, pos=(-23.746,-0.047,0.111))
[movedbg #2290] pre(grounded=False, jumping=False, normal=(0.000,1.000,0.000), vel=(0.000,0.000,0.000)) probe(trace_dist=0.0508, hit=False, normal_y=None, fraction=None) post(grounded=False, vel=(0.000,-0.082,0.000), horiz_speed=0.000, pos=(-23.746,-0.048,0.111))
[movedbg #2291] pre(grounded=False, jumping=False, normal=(0.000,1.000,0.000), vel=(0.000,-0.082,0.000)) probe(trace_dist=0.0508, hit=False, normal_y=None, fraction=None) post(grounded=True, vel=(0.000,0.000,0.000), horiz_speed=0.000, pos=(-23.746,-0.048,0.111))
[movedbg #2292] pre(grounded=False, jumping=False, normal=(0.000,1.000,0.000), vel=(0.000,0.000,0.000)) probe(trace_dist=0.0508, hit=False, normal_y=None, fraction=None) post(grounded=True, vel=(0.000,0.000,0.000), horiz_speed=0.000, pos=(-23.746,-0.047,0.111))
[movedbg #2293] pre(grounded=False, jumping=False, normal=(0.000,1.000,0.000), vel=(0.000,0.000,0.000)) probe(trace_dist=0.0508, hit=False, normal_y=None, fraction=None) post(grounded=False, vel=(0.000,-0.082,0.000), horiz_speed=0.000, pos=(-23.746,-0.048,0.111))
[movedbg #2294] pre(grounded=False, jumping=False, normal=(0.000,1.000,0.000), vel=(0.000,-0.082,0.000)) probe(trace_dist=0.0508, hit=False, normal_y=None, fraction=None) post(grounded=False, vel=(0.000,-0.164,0.000), horiz_speed=0.000, pos=(-23.746,-0.049,0.111))
[movedbg #2295] pre(grounded=False, jumping=False, normal=(0.000,1.000,0.000), vel=(0.000,-0.164,0.000)) probe(trace_dist=0.0508, hit=False, normal_y=None, fraction=None) post(grounded=True, vel=(0.000,0.000,0.000), horiz_speed=0.000, pos=(-23.747,-0.049,0.111))
[movedbg #2296] pre(grounded=False, jumping=False, normal=(0.000,1.000,0.000), vel=(0.000,0.000,0.000)) probe(trace_dist=0.0508, hit=False, normal_y=None, fraction=None) post(grounded=False, vel=(0.000,-0.082,0.000), horiz_speed=0.000, pos=(-23.747,-0.049,0.111))
[movedbg #2297] pre(grounded=False, jumping=False, normal=(0.000,1.000,0.000), vel=(0.000,-0.082,0.000)) probe(trace_dist=0.0508, hit=False, normal_y=None, fraction=None) post(grounded=True, vel=(0.000,0.000,0.000), horiz_speed=0.000, pos=(-23.747,-0.048,0.111))
[movedbg #2298] pre(grounded=False, jumping=False, normal=(0.000,1.000,0.000), vel=(0.000,0.000,0.000)) probe(trace_dist=0.0508, hit=False, normal_y=None, fraction=None) post(grounded=False, vel=(0.000,-0.082,0.000), horiz_speed=0.000, pos=(-23.747,-0.049,0.111))
[movedbg #2299] pre(grounded=False, jumping=False, normal=(0.000,1.000,0.000), vel=(0.000,-0.082,0.000)) probe(trace_dist=0.0508, hit=False, normal_y=None, fraction=None) post(grounded=True, vel=(0.000,0.000,0.000), horiz_speed=0.000, pos=(-23.747,-0.048,0.111))
[movedbg #2300] pre(grounded=False, jumping=False, normal=(0.000,1.000,0.000), vel=(0.000,0.000,0.000)) probe(trace_dist=0.0508, hit=False, normal_y=None, fraction=None) post(grounded=False, vel=(0.000,-0.082,0.000), horiz_speed=0.000, pos=(-23.747,-0.049,0.111))
[movedbg #2301] pre(grounded=False, jumping=False, normal=(0.000,1.000,0.000), vel=(0.000,-0.082,0.000)) probe(trace_dist=0.0508, hit=False, normal_y=None, fraction=None) post(grounded=True, vel=(0.000,0.000,0.000), horiz_speed=0.000, pos=(-23.748,-0.049,0.111))
[movedbg #2302] pre(grounded=False, jumping=False, normal=(0.000,1.000,0.000), vel=(0.000,0.000,0.000)) probe(trace_dist=0.0508, hit=False, normal_y=None, fraction=None) post(grounded=False, vel=(0.000,-0.082,0.000), horiz_speed=0.000, pos=(-23.748,-0.050,0.111))
[movedbg #2303] pre(grounded=False, jumping=False, normal=(0.000,1.000,0.000), vel=(0.000,-0.082,0.000)) probe(trace_dist=0.0508, hit=False, normal_y=None, fraction=None) post(grounded=True, vel=(0.000,0.000,0.000), horiz_speed=0.000, pos=(-23.748,-0.049,0.111))
[movedbg #2304] pre(grounded=False, jumping=False, normal=(0.000,1.000,0.000), vel=(0.000,0.000,0.000)) probe(trace_dist=0.0508, hit=False, normal_y=None, fraction=None) post(grounded=False, vel=(0.000,-0.082,0.000), horiz_speed=0.000, pos=(-23.748,-0.050,0.111))
[movedbg #2305] pre(grounded=False, jumping=False, normal=(0.000,1.000,0.000), vel=(0.000,-0.082,0.000)) probe(trace_dist=0.0508, hit=False, normal_y=None, fraction=None) post(grounded=True, vel=(0.000,0.000,0.000), horiz_speed=0.000, pos=(-23.749,-0.049,0.111))
[movedbg #2306] pre(grounded=False, jumping=False, normal=(0.000,1.000,0.000), vel=(0.000,0.000,0.000)) probe(trace_dist=0.0508, hit=False, normal_y=None, fraction=None) post(grounded=False, vel=(0.000,-0.082,0.000), horiz_speed=0.000, pos=(-23.749,-0.049,0.111))
[movedbg #2307] pre(grounded=False, jumping=False, normal=(0.000,1.000,0.000), vel=(0.000,-0.082,0.000)) probe(trace_dist=0.0508, hit=False, normal_y=None, fraction=None) post(grounded=True, vel=(0.000,0.000,0.000), horiz_speed=0.000, pos=(-23.749,-0.050,0.111))
[movedbg #2308] pre(grounded=False, jumping=False, normal=(0.000,1.000,0.000), vel=(0.000,0.000,0.000)) probe(trace_dist=0.0508, hit=False, normal_y=None, fraction=None) post(grounded=False, vel=(0.000,-0.082,0.000), horiz_speed=0.000, pos=(-23.749,-0.050,0.111))
[movedbg #2309] pre(grounded=False, jumping=False, normal=(0.000,1.000,0.000), vel=(0.000,-0.082,0.000)) probe(trace_dist=0.0508, hit=False, normal_y=None, fraction=None) post(grounded=True, vel=(0.000,0.000,0.000), horiz_speed=0.000, pos=(-23.749,-0.049,0.111))
[movedbg #2310] pre(grounded=False, jumping=False, normal=(0.000,1.000,0.000), vel=(0.000,0.000,0.000)) probe(trace_dist=0.0508, hit=False, normal_y=None, fraction=None) post(grounded=False, vel=(0.000,-0.082,0.000), horiz_speed=0.000, pos=(-23.749,-0.050,0.111))
[movedbg #2311] pre(grounded=False, jumping=False, normal=(0.000,1.000,0.000), vel=(0.000,-0.082,0.000)) probe(trace_dist=0.0508, hit=False, normal_y=None, fraction=None) post(grounded=True, vel=(0.000,0.000,0.000), horiz_speed=0.000, pos=(-23.750,-0.049,0.111))
[movedbg #2312] pre(grounded=False, jumping=False, normal=(0.000,1.000,0.000), vel=(0.000,0.000,0.000)) probe(trace_dist=0.0508, hit=False, normal_y=None, fraction=None) post(grounded=False, vel=(0.000,-0.082,0.000), horiz_speed=0.000, pos=(-23.750,-0.050,0.111))
[movedbg #2313] pre(grounded=False, jumping=False, normal=(0.000,1.000,0.000), vel=(0.000,-0.082,0.000)) probe(trace_dist=0.0508, hit=False, normal_y=None, fraction=None) post(grounded=True, vel=(0.000,0.000,0.000), horiz_speed=0.000, pos=(-23.750,-0.050,0.111))
[movedbg #2314] pre(grounded=False, jumping=False, normal=(0.000,1.000,0.000), vel=(0.000,0.000,0.000)) probe(trace_dist=0.0508, hit=False, normal_y=None, fraction=None) post(grounded=True, vel=(0.000,0.000,0.000), horiz_speed=0.000, pos=(-23.750,-0.049,0.111))
[movedbg #2315] pre(grounded=False, jumping=False, normal=(0.000,1.000,0.000), vel=(0.000,0.000,0.000)) probe(trace_dist=0.0508, hit=False, normal_y=None, fraction=None) post(grounded=False, vel=(0.000,-0.082,0.000), horiz_speed=0.000, pos=(-23.750,-0.050,0.111))
[movedbg #2316] pre(grounded=False, jumping=False, normal=(0.000,1.000,0.000), vel=(0.000,-0.082,0.000)) probe(trace_dist=0.0508, hit=False, normal_y=None, fraction=None) post(grounded=False, vel=(0.000,-0.164,0.000), horiz_speed=0.000, pos=(-23.750,-0.051,0.111))
[movedbg #2317] pre(grounded=False, jumping=False, normal=(0.000,1.000,0.000), vel=(0.000,-0.164,0.000)) probe(trace_dist=0.0508, hit=False, normal_y=None, fraction=None) post(grounded=True, vel=(0.000,0.000,0.000), horiz_speed=0.000, pos=(-23.751,-0.050,0.111))
[movedbg #2318] pre(grounded=False, jumping=False, normal=(0.000,1.000,0.000), vel=(0.000,0.000,0.000)) probe(trace_dist=0.0508, hit=False, normal_y=None, fraction=None) post(grounded=False, vel=(0.000,-0.082,0.000), horiz_speed=0.000, pos=(-23.751,-0.051,0.111))
[movedbg #2319] pre(grounded=False, jumping=False, normal=(0.000,1.000,0.000), vel=(0.000,-0.082,0.000)) probe(trace_dist=0.0508, hit=False, normal_y=None, fraction=None) post(grounded=True, vel=(0.000,0.000,0.000), horiz_speed=0.000, pos=(-23.751,-0.050,0.111))
[movedbg #2320] pre(grounded=False, jumping=False, normal=(0.000,1.000,0.000), vel=(0.000,0.000,0.000)) probe(trace_dist=0.0508, hit=False, normal_y=None, fraction=None) post(grounded=False, vel=(0.000,-0.082,0.000), horiz_speed=0.000, pos=(-23.751,-0.051,0.111))
[movedbg #2321] pre(grounded=False, jumping=False, normal=(0.000,1.000,0.000), vel=(0.000,-0.082,0.000)) probe(trace_dist=0.0508, hit=False, normal_y=None, fraction=None) post(grounded=True, vel=(0.000,0.000,0.000), horiz_speed=0.000, pos=(-23.751,-0.050,0.111))
[movedbg #2322] pre(grounded=False, jumping=False, normal=(0.000,1.000,0.000), vel=(0.000,0.000,0.000)) probe(trace_dist=0.0508, hit=False, normal_y=None, fraction=None) post(grounded=False, vel=(0.000,-0.082,0.000), horiz_speed=0.000, pos=(-23.751,-0.050,0.111))
[movedbg #2323] pre(grounded=False, jumping=False, normal=(0.000,1.000,0.000), vel=(0.000,-0.082,0.000)) probe(trace_dist=0.0508, hit=False, normal_y=None, fraction=None) post(grounded=True, vel=(0.000,0.000,0.000), horiz_speed=0.000, pos=(-23.752,-0.051,0.111))
[movedbg #2324] pre(grounded=False, jumping=False, normal=(0.000,1.000,0.000), vel=(0.000,0.000,0.000)) probe(trace_dist=0.0508, hit=False, normal_y=None, fraction=None) post(grounded=True, vel=(0.000,0.000,0.000), horiz_speed=0.000, pos=(-23.752,-0.050,0.111))
[movedbg #2325] pre(grounded=False, jumping=False, normal=(0.000,1.000,0.000), vel=(0.000,0.000,0.000)) probe(trace_dist=0.0508, hit=False, normal_y=None, fraction=None) post(grounded=False, vel=(0.000,-0.082,0.000), horiz_speed=0.000, pos=(-23.752,-0.050,0.111))
[movedbg #2326] pre(grounded=False, jumping=False, normal=(0.000,1.000,0.000), vel=(0.000,-0.082,0.000)) probe(trace_dist=0.0508, hit=False, normal_y=None, fraction=None) post(grounded=False, vel=(0.000,-0.164,0.000), horiz_speed=0.000, pos=(-23.752,-0.052,0.111))
[movedbg #2327] pre(grounded=False, jumping=False, normal=(0.000,1.000,0.000), vel=(0.000,-0.164,0.000)) probe(trace_dist=0.0508, hit=False, normal_y=None, fraction=None) post(grounded=True, vel=(0.000,0.000,0.000), horiz_speed=0.000, pos=(-23.753,-0.051,0.111))
[movedbg #2328] pre(grounded=False, jumping=False, normal=(0.000,1.000,0.000), vel=(0.000,0.000,0.000)) probe(trace_dist=0.0508, hit=False, normal_y=None, fraction=None) post(grounded=False, vel=(0.000,-0.082,0.000), horiz_speed=0.000, pos=(-23.753,-0.052,0.111))
[movedbg #2329] pre(grounded=False, jumping=False, normal=(0.000,1.000,0.000), vel=(0.000,-0.082,0.000)) probe(trace_dist=0.0508, hit=False, normal_y=None, fraction=None) post(grounded=True, vel=(0.000,0.000,0.000), horiz_speed=0.000, pos=(-23.753,-0.051,0.111))
[movedbg #2330] pre(grounded=False, jumping=False, normal=(0.000,1.000,0.000), vel=(0.000,0.000,0.000)) probe(trace_dist=0.0508, hit=False, normal_y=None, fraction=None) post(grounded=False, vel=(0.000,-0.082,0.000), horiz_speed=0.000, pos=(-23.753,-0.051,0.111))
[movedbg #2331] pre(grounded=False, jumping=False, normal=(0.000,1.000,0.000), vel=(0.000,-0.082,0.000)) probe(trace_dist=0.0508, hit=False, normal_y=None, fraction=None) post(grounded=True, vel=(0.000,0.000,0.000), horiz_speed=0.000, pos=(-23.753,-0.050,0.111))
[movedbg #2332] pre(grounded=False, jumping=False, normal=(0.000,1.000,0.000), vel=(0.000,0.000,0.000)) probe(trace_dist=0.0508, hit=False, normal_y=None, fraction=None) post(grounded=False, vel=(0.000,-0.082,0.000), horiz_speed=0.000, pos=(-23.753,-0.051,0.111))
[movedbg #2333] pre(grounded=False, jumping=False, normal=(0.000,1.000,0.000), vel=(0.000,-0.082,0.000)) probe(trace_dist=0.0508, hit=False, normal_y=None, fraction=None) post(grounded=True, vel=(0.000,0.000,0.000), horiz_speed=0.000, pos=(-23.754,-0.051,0.111))
[movedbg #2334] pre(grounded=False, jumping=False, normal=(0.000,1.000,0.000), vel=(0.000,0.000,0.000)) probe(trace_dist=0.0508, hit=False, normal_y=None, fraction=None) post(grounded=False, vel=(0.000,-0.082,0.000), horiz_speed=0.000, pos=(-23.754,-0.052,0.111))
[movedbg #2335] pre(grounded=False, jumping=False, normal=(0.000,1.000,0.000), vel=(0.000,-0.082,0.000)) probe(trace_dist=0.0508, hit=False, normal_y=None, fraction=None) post(grounded=True, vel=(0.000,0.000,0.000), horiz_speed=0.000, pos=(-23.754,-0.051,0.111))
[movedbg #2336] pre(grounded=False, jumping=False, normal=(0.000,1.000,0.000), vel=(0.000,0.000,0.000)) probe(trace_dist=0.0508, hit=False, normal_y=None, fraction=None) post(grounded=False, vel=(0.000,-0.082,0.000), horiz_speed=0.000, pos=(-23.754,-0.052,0.111))
[movedbg #2337] pre(grounded=False, jumping=False, normal=(0.000,1.000,0.000), vel=(0.000,-0.082,0.000)) probe(trace_dist=0.0508, hit=False, normal_y=None, fraction=None) post(grounded=True, vel=(0.000,0.000,0.000), horiz_speed=0.000, pos=(-23.754,-0.051,0.111))
[movedbg #2338] pre(grounded=False, jumping=False, normal=(0.000,1.000,0.000), vel=(0.000,0.000,0.000)) probe(trace_dist=0.0508, hit=False, normal_y=None, fraction=None) post(grounded=False, vel=(0.000,-0.082,0.000), horiz_speed=0.000, pos=(-23.754,-0.052,0.111))
[movedbg #2339] pre(grounded=False, jumping=False, normal=(0.000,1.000,0.000), vel=(0.000,-0.082,0.000)) probe(trace_dist=0.0508, hit=False, normal_y=None, fraction=None) post(grounded=True, vel=(0.000,0.000,0.000), horiz_speed=0.000, pos=(-23.755,-0.052,0.111))
[movedbg #2340] pre(grounded=False, jumping=False, normal=(0.000,1.000,0.000), vel=(0.000,0.000,0.000)) probe(trace_dist=0.0508, hit=False, normal_y=None, fraction=None) post(grounded=False, vel=(0.000,-0.082,0.000), horiz_speed=0.000, pos=(-23.755,-0.053,0.111))
[movedbg #2341] pre(grounded=False, jumping=False, normal=(0.000,1.000,0.000), vel=(0.000,-0.082,0.000)) probe(trace_dist=0.0508, hit=False, normal_y=None, fraction=None) post(grounded=True, vel=(0.000,0.000,0.000), horiz_speed=0.000, pos=(-23.755,-0.052,0.111))
[movedbg #2342] pre(grounded=False, jumping=False, normal=(0.000,1.000,0.000), vel=(0.000,0.000,0.000)) probe(trace_dist=0.0508, hit=False, normal_y=None, fraction=None) post(grounded=False, vel=(0.000,-0.082,0.000), horiz_speed=0.000, pos=(-23.755,-0.052,0.111))
[movedbg #2343] pre(grounded=False, jumping=False, normal=(0.000,1.000,0.000), vel=(0.000,-0.082,0.000)) probe(trace_dist=0.0508, hit=False, normal_y=None, fraction=None) post(grounded=True, vel=(0.000,0.000,0.000), horiz_speed=0.000, pos=(-23.756,-0.051,0.111))
[movedbg #2344] pre(grounded=False, jumping=False, normal=(0.000,1.000,0.000), vel=(0.000,0.000,0.000)) probe(trace_dist=0.0508, hit=False, normal_y=None, fraction=None) post(grounded=False, vel=(0.000,-0.082,0.000), horiz_speed=0.000, pos=(-23.756,-0.052,0.111))
[movedbg #2345] pre(grounded=False, jumping=False, normal=(0.000,1.000,0.000), vel=(0.000,-0.082,0.000)) probe(trace_dist=0.0508, hit=False, normal_y=None, fraction=None) post(grounded=True, vel=(0.000,0.000,0.000), horiz_speed=0.000, pos=(-23.756,-0.052,0.111))
[movedbg #2346] pre(grounded=False, jumping=False, normal=(0.000,1.000,0.000), vel=(0.000,0.000,0.000)) probe(trace_dist=0.0508, hit=False, normal_y=None, fraction=None) post(grounded=False, vel=(0.000,-0.082,0.000), horiz_speed=0.000, pos=(-23.756,-0.053,0.111))
[movedbg #2347] pre(grounded=False, jumping=False, normal=(0.000,1.000,0.000), vel=(0.000,-0.082,0.000)) probe(trace_dist=0.0508, hit=False, normal_y=None, fraction=None) post(grounded=True, vel=(0.000,0.000,0.000), horiz_speed=0.000, pos=(-23.756,-0.052,0.111))
[movedbg #2348] pre(grounded=False, jumping=False, normal=(0.000,1.000,0.000), vel=(0.000,0.000,0.000)) probe(trace_dist=0.0508, hit=False, normal_y=None, fraction=None) post(grounded=False, vel=(0.000,-0.082,0.000), horiz_speed=0.000, pos=(-23.756,-0.053,0.111))
[movedbg #2349] pre(grounded=False, jumping=False, normal=(0.000,1.000,0.000), vel=(0.000,-0.082,0.000)) probe(trace_dist=0.0508, hit=False, normal_y=None, fraction=None) post(grounded=True, vel=(0.000,0.000,0.000), horiz_speed=0.000, pos=(-23.757,-0.052,0.111))
[movedbg #2350] pre(grounded=False, jumping=False, normal=(0.000,1.000,0.000), vel=(0.000,0.000,0.000)) probe(trace_dist=0.0508, hit=False, normal_y=None, fraction=None) post(grounded=False, vel=(0.000,-0.082,0.000), horiz_speed=0.000, pos=(-23.757,-0.053,0.111))
[movedbg #2351] pre(grounded=False, jumping=False, normal=(0.000,1.000,0.000), vel=(0.000,-0.082,0.000)) probe(trace_dist=0.0508, hit=False, normal_y=None, fraction=None) post(grounded=True, vel=(0.000,0.000,0.000), horiz_speed=0.000, pos=(-23.757,-0.053,0.111))
[movedbg #2352] pre(grounded=False, jumping=False, normal=(0.000,1.000,0.000), vel=(0.000,0.000,0.000)) probe(trace_dist=0.0508, hit=False, normal_y=None, fraction=None) post(grounded=False, vel=(0.000,-0.082,0.000), horiz_speed=0.000, pos=(-23.757,-0.053,0.111))
[movedbg #2353] pre(grounded=False, jumping=False, normal=(0.000,1.000,0.000), vel=(0.000,-0.082,0.000)) probe(trace_dist=0.0508, hit=False, normal_y=None, fraction=None) post(grounded=True, vel=(0.000,0.000,0.000), horiz_speed=0.000, pos=(-23.757,-0.053,0.111))
[movedbg #2354] pre(grounded=False, jumping=False, normal=(0.000,1.000,0.000), vel=(0.000,0.000,0.000)) probe(trace_dist=0.0508, hit=False, normal_y=None, fraction=None) post(grounded=False, vel=(0.000,-0.082,0.000), horiz_speed=0.000, pos=(-23.757,-0.053,0.111))
[movedbg #2355] pre(grounded=False, jumping=False, normal=(0.000,1.000,0.000), vel=(0.000,-0.082,0.000)) probe(trace_dist=0.0508, hit=False, normal_y=None, fraction=None) post(grounded=True, vel=(0.000,0.000,0.000), horiz_speed=0.000, pos=(-23.758,-0.052,0.111))
[movedbg #2356] pre(grounded=False, jumping=False, normal=(0.000,1.000,0.000), vel=(0.000,0.000,0.000)) probe(trace_dist=0.0508, hit=False, normal_y=None, fraction=None) post(grounded=False, vel=(0.000,-0.082,0.000), horiz_speed=0.000, pos=(-23.758,-0.053,0.111))
[movedbg #2357] pre(grounded=False, jumping=False, normal=(0.000,1.000,0.000), vel=(0.000,-0.082,0.000)) probe(trace_dist=0.0508, hit=False, normal_y=None, fraction=None) post(grounded=True, vel=(0.000,0.000,0.000), horiz_speed=0.000, pos=(-23.758,-0.053,0.111))
[movedbg #2358] pre(grounded=False, jumping=False, normal=(0.000,1.000,0.000), vel=(0.000,0.000,0.000)) probe(trace_dist=0.0508, hit=False, normal_y=None, fraction=None) post(grounded=False, vel=(0.000,-0.082,0.000), horiz_speed=0.000, pos=(-23.758,-0.054,0.111))
[movedbg #2359] pre(grounded=False, jumping=False, normal=(0.000,1.000,0.000), vel=(0.000,-0.082,0.000)) probe(trace_dist=0.0508, hit=False, normal_y=None, fraction=None) post(grounded=True, vel=(0.000,0.000,0.000), horiz_speed=0.000, pos=(-23.759,-0.053,0.111))
[movedbg #2360] pre(grounded=False, jumping=False, normal=(0.000,1.000,0.000), vel=(0.000,0.000,0.000)) probe(trace_dist=0.0508, hit=False, normal_y=None, fraction=None) post(grounded=False, vel=(0.000,-0.082,0.000), horiz_speed=0.000, pos=(-23.759,-0.054,0.111))
[movedbg #2361] pre(grounded=False, jumping=False, normal=(0.000,1.000,0.000), vel=(0.000,-0.082,0.000)) probe(trace_dist=0.0508, hit=False, normal_y=None, fraction=None) post(grounded=True, vel=(0.000,0.000,0.000), horiz_speed=0.000, pos=(-23.759,-0.053,0.111))
[movedbg #2362] pre(grounded=False, jumping=False, normal=(0.000,1.000,0.000), vel=(0.000,0.000,0.000)) probe(trace_dist=0.0508, hit=False, normal_y=None, fraction=None) post(grounded=False, vel=(0.000,-0.082,0.000), horiz_speed=0.000, pos=(-23.759,-0.053,0.111))
[movedbg #2363] pre(grounded=False, jumping=False, normal=(0.000,1.000,0.000), vel=(0.000,-0.082,0.000)) probe(trace_dist=0.0508, hit=False, normal_y=None, fraction=None) post(grounded=True, vel=(0.000,0.000,0.000), horiz_speed=0.000, pos=(-23.759,-0.054,0.111))
[movedbg #2364] pre(grounded=False, jumping=False, normal=(0.000,1.000,0.000), vel=(0.000,0.000,0.000)) probe(trace_dist=0.0508, hit=False, normal_y=None, fraction=None) post(grounded=False, vel=(0.000,-0.082,0.000), horiz_speed=0.000, pos=(-23.759,-0.054,0.111))
[movedbg #2365] pre(grounded=False, jumping=False, normal=(0.000,1.000,0.000), vel=(0.000,-0.082,0.000)) probe(trace_dist=0.0508, hit=False, normal_y=None, fraction=None) post(grounded=True, vel=(0.000,0.000,0.000), horiz_speed=0.000, pos=(-23.760,-0.053,0.111))
[movedbg #2366] pre(grounded=False, jumping=False, normal=(0.000,1.000,0.000), vel=(0.000,0.000,0.000)) probe(trace_dist=0.0508, hit=False, normal_y=None, fraction=None) post(grounded=False, vel=(0.000,-0.082,0.000), horiz_speed=0.000, pos=(-23.760,-0.054,0.111))
[movedbg #2367] pre(grounded=False, jumping=False, normal=(0.000,1.000,0.000), vel=(0.000,-0.082,0.000)) probe(trace_dist=0.0508, hit=False, normal_y=None, fraction=None) post(grounded=True, vel=(0.000,0.000,0.000), horiz_speed=0.000, pos=(-23.760,-0.053,0.111))
[movedbg #2368] pre(grounded=False, jumping=False, normal=(0.000,1.000,0.000), vel=(0.000,0.000,0.000)) probe(trace_dist=0.0508, hit=False, normal_y=None, fraction=None) post(grounded=False, vel=(0.000,-0.082,0.000), horiz_speed=0.000, pos=(-23.760,-0.054,0.111))
[movedbg #2369] pre(grounded=False, jumping=False, normal=(0.000,1.000,0.000), vel=(0.000,-0.082,0.000)) probe(trace_dist=0.0508, hit=False, normal_y=None, fraction=None) post(grounded=True, vel=(0.000,0.000,0.000), horiz_speed=0.000, pos=(-23.760,-0.054,0.111))
[movedbg #2370] pre(grounded=False, jumping=False, normal=(0.000,1.000,0.000), vel=(0.000,0.000,0.000)) probe(trace_dist=0.0508, hit=False, normal_y=None, fraction=None) post(grounded=False, vel=(0.000,-0.082,0.000), horiz_speed=0.000, pos=(-23.760,-0.055,0.111))
[movedbg #2371] pre(grounded=False, jumping=False, normal=(0.000,1.000,0.000), vel=(0.000,-0.082,0.000)) probe(trace_dist=0.0508, hit=False, normal_y=None, fraction=None) post(grounded=True, vel=(0.000,0.000,0.000), horiz_speed=0.000, pos=(-23.761,-0.054,0.111))
[movedbg #2372] pre(grounded=False, jumping=False, normal=(0.000,1.000,0.000), vel=(0.000,0.000,0.000)) probe(trace_dist=0.0508, hit=False, normal_y=None, fraction=None) post(grounded=False, vel=(0.000,-0.082,0.000), horiz_speed=0.000, pos=(-23.761,-0.055,0.111))
[movedbg #2373] pre(grounded=False, jumping=False, normal=(0.000,1.000,0.000), vel=(0.000,-0.082,0.000)) probe(trace_dist=0.0508, hit=False, normal_y=None, fraction=None) post(grounded=True, vel=(0.000,0.000,0.000), horiz_speed=0.000, pos=(-23.761,-0.054,0.111))
[movedbg #2374] pre(grounded=False, jumping=False, normal=(0.000,1.000,0.000), vel=(0.000,0.000,0.000)) probe(trace_dist=0.0508, hit=False, normal_y=None, fraction=None) post(grounded=False, vel=(0.000,-0.082,0.000), horiz_speed=0.000, pos=(-23.761,-0.054,0.111))
[movedbg #2375] pre(grounded=False, jumping=False, normal=(0.000,1.000,0.000), vel=(0.000,-0.082,0.000)) probe(trace_dist=0.0508, hit=False, normal_y=None, fraction=None) post(grounded=True, vel=(0.000,0.000,0.000), horiz_speed=0.000, pos=(-23.761,-0.055,0.111))
[movedbg #2376] pre(grounded=False, jumping=False, normal=(0.000,1.000,0.000), vel=(0.000,0.000,0.000)) probe(trace_dist=0.0508, hit=False, normal_y=None, fraction=None) post(grounded=False, vel=(0.000,-0.082,0.000), horiz_speed=0.000, pos=(-23.761,-0.055,0.111))
[movedbg #2377] pre(grounded=False, jumping=False, normal=(0.000,1.000,0.000), vel=(0.000,-0.082,0.000)) probe(trace_dist=0.0508, hit=False, normal_y=None, fraction=None) post(grounded=True, vel=(0.000,0.000,0.000), horiz_speed=0.000, pos=(-23.762,-0.054,0.111))
[movedbg #2378] pre(grounded=False, jumping=False, normal=(0.000,1.000,0.000), vel=(0.000,0.000,0.000)) probe(trace_dist=0.0508, hit=False, normal_y=None, fraction=None) post(grounded=False, vel=(0.000,-0.082,0.000), horiz_speed=0.000, pos=(-23.762,-0.055,0.111))
[movedbg #2379] pre(grounded=False, jumping=False, normal=(0.000,1.000,0.000), vel=(0.000,-0.082,0.000)) probe(trace_dist=0.0508, hit=False, normal_y=None, fraction=None) post(grounded=True, vel=(0.000,0.000,0.000), horiz_speed=0.000, pos=(-23.762,-0.054,0.111))
[movedbg #2380] pre(grounded=False, jumping=False, normal=(0.000,1.000,0.000), vel=(0.000,0.000,0.000)) probe(trace_dist=0.0508, hit=False, normal_y=None, fraction=None) post(grounded=False, vel=(0.000,-0.082,0.000), horiz_speed=0.000, pos=(-23.762,-0.055,0.111))
[movedbg #2381] pre(grounded=False, jumping=False, normal=(0.000,1.000,0.000), vel=(0.000,-0.082,0.000)) probe(trace_dist=0.0508, hit=False, normal_y=None, fraction=None) post(grounded=True, vel=(0.000,0.000,0.000), horiz_speed=0.000, pos=(-23.763,-0.055,0.111))
[movedbg #2382] pre(grounded=False, jumping=False, normal=(0.000,1.000,0.000), vel=(0.000,0.000,0.000)) probe(trace_dist=0.0508, hit=False, normal_y=None, fraction=None) post(grounded=False, vel=(0.000,-0.082,0.000), horiz_speed=0.000, pos=(-23.763,-0.056,0.111))
[movedbg #2383] pre(grounded=False, jumping=False, normal=(0.000,1.000,0.000), vel=(0.000,-0.082,0.000)) probe(trace_dist=0.0508, hit=False, normal_y=None, fraction=None) post(grounded=True, vel=(0.000,0.000,0.000), horiz_speed=0.000, pos=(-23.763,-0.055,0.111))
[movedbg #2384] pre(grounded=False, jumping=False, normal=(0.000,1.000,0.000), vel=(0.000,0.000,0.000)) probe(trace_dist=0.0508, hit=False, normal_y=None, fraction=None) post(grounded=False, vel=(0.000,-0.082,0.000), horiz_speed=0.000, pos=(-23.763,-0.055,0.111))
[movedbg #2385] pre(grounded=False, jumping=False, normal=(0.000,1.000,0.000), vel=(0.000,-0.082,0.000)) probe(trace_dist=0.0508, hit=False, normal_y=None, fraction=None) post(grounded=True, vel=(0.000,0.000,0.000), horiz_speed=0.000, pos=(-23.763,-0.054,0.111))
[movedbg #2386] pre(grounded=False, jumping=False, normal=(0.000,1.000,0.000), vel=(0.000,0.000,0.000)) probe(trace_dist=0.0508, hit=False, normal_y=None, fraction=None) post(grounded=False, vel=(0.000,-0.082,0.000), horiz_speed=0.000, pos=(-23.763,-0.055,0.111))
[movedbg #2387] pre(grounded=False, jumping=False, normal=(0.000,1.000,0.000), vel=(0.000,-0.082,0.000)) probe(trace_dist=0.0508, hit=False, normal_y=None, fraction=None) post(grounded=True, vel=(0.000,0.000,0.000), horiz_speed=0.000, pos=(-23.764,-0.055,0.111))
[movedbg #2388] pre(grounded=False, jumping=False, normal=(0.000,1.000,0.000), vel=(0.000,0.000,0.000)) probe(trace_dist=0.0508, hit=False, normal_y=None, fraction=None) post(grounded=False, vel=(0.000,-0.082,0.000), horiz_speed=0.000, pos=(-23.764,-0.056,0.111))
[movedbg #2389] pre(grounded=False, jumping=False, normal=(0.000,1.000,0.000), vel=(0.000,-0.082,0.000)) probe(trace_dist=0.0508, hit=False, normal_y=None, fraction=None) post(grounded=True, vel=(0.000,0.000,0.000), horiz_speed=0.000, pos=(-23.764,-0.055,0.111))
[movedbg #2390] pre(grounded=False, jumping=False, normal=(0.000,1.000,0.000), vel=(0.000,0.000,0.000)) probe(trace_dist=0.0508, hit=False, normal_y=None, fraction=None) post(grounded=False, vel=(0.000,-0.082,0.000), horiz_speed=0.000, pos=(-23.764,-0.056,0.111))
[movedbg #2391] pre(grounded=False, jumping=False, normal=(0.000,1.000,0.000), vel=(0.000,-0.082,0.000)) probe(trace_dist=0.0508, hit=False, normal_y=None, fraction=None) post(grounded=True, vel=(0.000,0.000,0.000), horiz_speed=0.000, pos=(-23.764,-0.055,0.111))
[movedbg #2392] pre(grounded=False, jumping=False, normal=(0.000,1.000,0.000), vel=(0.000,0.000,0.000)) probe(trace_dist=0.0508, hit=False, normal_y=None, fraction=None) post(grounded=False, vel=(0.000,-0.082,0.000), horiz_speed=0.000, pos=(-23.764,-0.056,0.111))
[movedbg #2393] pre(grounded=False, jumping=False, normal=(0.000,1.000,0.000), vel=(0.000,-0.082,0.000)) probe(trace_dist=0.0508, hit=False, normal_y=None, fraction=None) post(grounded=True, vel=(0.000,0.000,0.000), horiz_speed=0.000, pos=(-23.765,-0.056,0.111))
[movedbg #2394] pre(grounded=False, jumping=False, normal=(0.000,1.000,0.000), vel=(0.000,0.000,0.000)) probe(trace_dist=0.0508, hit=False, normal_y=None, fraction=None) post(grounded=False, vel=(0.000,-0.082,0.000), horiz_speed=0.000, pos=(-23.765,-0.057,0.111))
[movedbg #2395] pre(grounded=False, jumping=False, normal=(0.000,1.000,0.000), vel=(0.000,-0.082,0.000)) probe(trace_dist=0.0508, hit=False, normal_y=None, fraction=None) post(grounded=True, vel=(0.000,0.000,0.000), horiz_speed=0.000, pos=(-23.765,-0.056,0.111))
[movedbg #2396] pre(grounded=False, jumping=False, normal=(0.000,1.000,0.000), vel=(0.000,0.000,0.000)) probe(trace_dist=0.0508, hit=False, normal_y=None, fraction=None) post(grounded=False, vel=(0.000,-0.082,0.000), horiz_speed=0.000, pos=(-23.765,-0.056,0.111))
[movedbg #2397] pre(grounded=False, jumping=False, normal=(0.000,1.000,0.000), vel=(0.000,-0.082,0.000)) probe(trace_dist=0.0508, hit=False, normal_y=None, fraction=None) post(grounded=True, vel=(0.000,0.000,0.000), horiz_speed=0.000, pos=(-23.766,-0.055,0.111))
[movedbg #2398] pre(grounded=False, jumping=False, normal=(0.000,1.000,0.000), vel=(0.000,0.000,0.000)) probe(trace_dist=0.0508, hit=False, normal_y=None, fraction=None) post(grounded=False, vel=(0.000,-0.082,0.000), horiz_speed=0.000, pos=(-23.766,-0.056,0.111))
[movedbg #2399] pre(grounded=False, jumping=False, normal=(0.000,1.000,0.000), vel=(0.000,-0.082,0.000)) probe(trace_dist=0.0508, hit=False, normal_y=None, fraction=None) post(grounded=True, vel=(0.000,0.000,0.000), horiz_speed=0.000, pos=(-23.766,-0.056,0.111))
[movedbg #2400] pre(grounded=False, jumping=False, normal=(0.000,1.000,0.000), vel=(0.000,0.000,0.000)) probe(trace_dist=0.0508, hit=False, normal_y=None, fraction=None) post(grounded=False, vel=(0.000,-0.082,0.000), horiz_speed=0.000, pos=(-23.766,-0.057,0.111))
[movedbg #2401] pre(grounded=False, jumping=False, normal=(0.000,1.000,0.000), vel=(0.000,-0.082,0.000)) probe(trace_dist=0.0508, hit=False, normal_y=None, fraction=None) post(grounded=True, vel=(0.000,0.000,0.000), horiz_speed=0.000, pos=(-23.766,-0.056,0.111))
[movedbg #2402] pre(grounded=False, jumping=False, normal=(0.000,1.000,0.000), vel=(0.000,0.000,0.000)) probe(trace_dist=0.0508, hit=False, normal_y=None, fraction=None) post(grounded=False, vel=(0.000,-0.082,0.000), horiz_speed=0.000, pos=(-23.766,-0.057,0.111))
[movedbg #2403] pre(grounded=False, jumping=False, normal=(0.000,1.000,0.000), vel=(0.000,-0.082,0.000)) probe(trace_dist=0.0508, hit=False, normal_y=None, fraction=None) post(grounded=True, vel=(0.000,0.000,0.000), horiz_speed=0.000, pos=(-23.767,-0.056,0.111))
[movedbg #2404] pre(grounded=False, jumping=False, normal=(0.000,1.000,0.000), vel=(0.000,0.000,0.000)) probe(trace_dist=0.0508, hit=False, normal_y=None, fraction=None) post(grounded=False, vel=(0.000,-0.082,0.000), horiz_speed=0.000, pos=(-23.767,-0.057,0.111))
[movedbg #2405] pre(grounded=False, jumping=False, normal=(0.000,1.000,0.000), vel=(0.000,-0.082,0.000)) probe(trace_dist=0.0508, hit=False, normal_y=None, fraction=None) post(grounded=True, vel=(0.000,0.000,0.000), horiz_speed=0.000, pos=(-23.767,-0.057,0.111))
[movedbg #2406] pre(grounded=False, jumping=False, normal=(0.000,1.000,0.000), vel=(0.000,0.000,0.000)) probe(trace_dist=0.0508, hit=False, normal_y=None, fraction=None) post(grounded=True, vel=(0.000,0.000,0.000), horiz_speed=0.000, pos=(-23.767,-0.056,0.111))
[movedbg #2407] pre(grounded=False, jumping=False, normal=(0.000,1.000,0.000), vel=(0.000,0.000,0.000)) probe(trace_dist=0.0508, hit=False, normal_y=None, fraction=None) post(grounded=False, vel=(0.000,-0.082,0.000), horiz_speed=0.000, pos=(-23.767,-0.057,0.111))
[movedbg #2408] pre(grounded=False, jumping=False, normal=(0.000,1.000,0.000), vel=(0.000,-0.082,0.000)) probe(trace_dist=0.0508, hit=False, normal_y=None, fraction=None) post(grounded=False, vel=(0.000,-0.164,0.000), horiz_speed=0.000, pos=(-23.767,-0.058,0.111))
[movedbg #2409] pre(grounded=False, jumping=False, normal=(0.000,1.000,0.000), vel=(0.000,-0.164,0.000)) probe(trace_dist=0.0508, hit=False, normal_y=None, fraction=None) post(grounded=True, vel=(0.000,0.000,0.000), horiz_speed=0.000, pos=(-23.768,-0.057,0.111))
[movedbg #2410] pre(grounded=False, jumping=False, normal=(0.000,1.000,0.000), vel=(0.000,0.000,0.000)) probe(trace_dist=0.0508, hit=False, normal_y=None, fraction=None) post(grounded=False, vel=(0.000,-0.082,0.000), horiz_speed=0.000, pos=(-23.768,-0.058,0.111))
[movedbg #2411] pre(grounded=False, jumping=False, normal=(0.000,1.000,0.000), vel=(0.000,-0.082,0.000)) probe(trace_dist=0.0508, hit=False, normal_y=None, fraction=None) post(grounded=True, vel=(0.000,0.000,0.000), horiz_speed=0.000, pos=(-23.768,-0.057,0.111))
[movedbg #2412] pre(grounded=False, jumping=False, normal=(0.000,1.000,0.000), vel=(0.000,0.000,0.000)) probe(trace_dist=0.0508, hit=False, normal_y=None, fraction=None) post(grounded=False, vel=(0.000,-0.082,0.000), horiz_speed=0.000, pos=(-23.768,-0.057,0.111))
[movedbg #2413] pre(grounded=False, jumping=False, normal=(0.000,1.000,0.000), vel=(0.000,-0.082,0.000)) probe(trace_dist=0.0508, hit=False, normal_y=None, fraction=None) post(grounded=True, vel=(0.000,0.000,0.000), horiz_speed=0.000, pos=(-23.769,-0.056,0.111))
[movedbg #2414] pre(grounded=False, jumping=False, normal=(0.000,1.000,0.000), vel=(0.000,0.000,0.000)) probe(trace_dist=0.0508, hit=False, normal_y=None, fraction=None) post(grounded=False, vel=(0.000,-0.082,0.000), horiz_speed=0.000, pos=(-23.769,-0.057,0.111))
[movedbg #2415] pre(grounded=False, jumping=False, normal=(0.000,1.000,0.000), vel=(0.000,-0.082,0.000)) probe(trace_dist=0.0508, hit=False, normal_y=None, fraction=None) post(grounded=True, vel=(0.000,0.000,0.000), horiz_speed=0.000, pos=(-23.769,-0.057,0.111))
[movedbg #2416] pre(grounded=False, jumping=False, normal=(0.000,1.000,0.000), vel=(0.000,0.000,0.000)) probe(trace_dist=0.0508, hit=False, normal_y=None, fraction=None) post(grounded=True, vel=(0.000,0.000,0.000), horiz_speed=0.000, pos=(-23.769,-0.057,0.111))
[movedbg #2417] pre(grounded=False, jumping=False, normal=(0.000,1.000,0.000), vel=(0.000,0.000,0.000)) probe(trace_dist=0.0508, hit=False, normal_y=None, fraction=None) post(grounded=False, vel=(0.000,-0.082,0.000), horiz_speed=0.000, pos=(-23.769,-0.057,0.111))
[movedbg #2418] pre(grounded=False, jumping=False, normal=(0.000,1.000,0.000), vel=(0.000,-0.082,0.000)) probe(trace_dist=0.0508, hit=False, normal_y=None, fraction=None) post(grounded=False, vel=(0.000,-0.164,0.000), horiz_speed=0.000, pos=(-23.769,-0.059,0.111))
[movedbg #2419] pre(grounded=False, jumping=False, normal=(0.000,1.000,0.000), vel=(0.000,-0.164,0.000)) probe(trace_dist=0.0508, hit=False, normal_y=None, fraction=None) post(grounded=True, vel=(0.000,0.000,0.000), horiz_speed=0.000, pos=(-23.770,-0.058,0.111))
[movedbg #2420] pre(grounded=False, jumping=False, normal=(0.000,1.000,0.000), vel=(0.000,0.000,0.000)) probe(trace_dist=0.0508, hit=False, normal_y=None, fraction=None) post(grounded=False, vel=(0.000,-0.082,0.000), horiz_speed=0.000, pos=(-23.770,-0.058,0.111))
[movedbg #2421] pre(grounded=False, jumping=False, normal=(0.000,1.000,0.000), vel=(0.000,-0.082,0.000)) probe(trace_dist=0.0508, hit=False, normal_y=None, fraction=None) post(grounded=True, vel=(0.000,0.000,0.000), horiz_speed=0.000, pos=(-23.770,-0.057,0.111))
[movedbg #2422] pre(grounded=False, jumping=False, normal=(0.000,1.000,0.000), vel=(0.000,0.000,0.000)) probe(trace_dist=0.0508, hit=False, normal_y=None, fraction=None) post(grounded=False, vel=(0.000,-0.082,0.000), horiz_speed=0.000, pos=(-23.770,-0.058,0.111))
[movedbg #2423] pre(grounded=False, jumping=False, normal=(0.000,1.000,0.000), vel=(0.000,-0.082,0.000)) probe(trace_dist=0.0508, hit=False, normal_y=None, fraction=None) post(grounded=True, vel=(0.000,0.000,0.000), horiz_speed=0.000, pos=(-23.770,-0.057,0.111))
[movedbg #2424] pre(grounded=False, jumping=False, normal=(0.000,1.000,0.000), vel=(0.000,0.000,0.000)) probe(trace_dist=0.0508, hit=False, normal_y=None, fraction=None) post(grounded=False, vel=(0.000,-0.082,0.000), horiz_speed=0.000, pos=(-23.770,-0.058,0.111))
[movedbg #2425] pre(grounded=False, jumping=False, normal=(0.000,1.000,0.000), vel=(0.000,-0.082,0.000)) probe(trace_dist=0.0508, hit=False, normal_y=None, fraction=None) post(grounded=True, vel=(0.000,0.000,0.000), horiz_speed=0.000, pos=(-23.771,-0.058,0.111))
[movedbg #2426] pre(grounded=False, jumping=False, normal=(0.000,1.000,0.000), vel=(0.000,0.000,0.000)) probe(trace_dist=0.0508, hit=False, normal_y=None, fraction=None) post(grounded=False, vel=(0.000,-0.082,0.000), horiz_speed=0.000, pos=(-23.771,-0.059,0.111))
[movedbg #2427] pre(grounded=False, jumping=False, normal=(0.000,1.000,0.000), vel=(0.000,-0.082,0.000)) probe(trace_dist=0.0508, hit=False, normal_y=None, fraction=None) post(grounded=True, vel=(0.000,0.000,0.000), horiz_speed=0.000, pos=(-23.771,-0.058,0.111))
[movedbg #2428] pre(grounded=False, jumping=False, normal=(0.000,1.000,0.000), vel=(0.000,0.000,0.000)) probe(trace_dist=0.0508, hit=False, normal_y=None, fraction=None) post(grounded=False, vel=(0.000,-0.082,0.000), horiz_speed=0.000, pos=(-23.771,-0.059,0.111))
[movedbg #2429] pre(grounded=False, jumping=False, normal=(0.000,1.000,0.000), vel=(0.000,-0.082,0.000)) probe(trace_dist=0.0508, hit=False, normal_y=None, fraction=None) post(grounded=True, vel=(0.000,0.000,0.000), horiz_speed=0.000, pos=(-23.771,-0.058,0.111))
[movedbg #2430] pre(grounded=False, jumping=False, normal=(0.000,1.000,0.000), vel=(0.000,0.000,0.000)) probe(trace_dist=0.0508, hit=False, normal_y=None, fraction=None) post(grounded=False, vel=(0.000,-0.082,0.000), horiz_speed=0.000, pos=(-23.771,-0.058,0.111))
[movedbg #2431] pre(grounded=False, jumping=False, normal=(0.000,1.000,0.000), vel=(0.000,-0.082,0.000)) probe(trace_dist=0.0508, hit=False, normal_y=None, fraction=None) post(grounded=True, vel=(0.000,0.000,0.000), horiz_speed=0.000, pos=(-23.772,-0.059,0.111))
[movedbg #2432] pre(grounded=False, jumping=False, normal=(0.000,1.000,0.000), vel=(0.000,0.000,0.000)) probe(trace_dist=0.0508, hit=False, normal_y=None, fraction=None) post(grounded=False, vel=(0.000,-0.082,0.000), horiz_speed=0.000, pos=(-23.772,-0.059,0.111))
[movedbg #2433] pre(grounded=False, jumping=False, normal=(0.000,1.000,0.000), vel=(0.000,-0.082,0.000)) probe(trace_dist=0.0508, hit=False, normal_y=None, fraction=None) post(grounded=True, vel=(0.000,0.000,0.000), horiz_speed=0.000, pos=(-23.772,-0.058,0.111))
[movedbg #2434] pre(grounded=False, jumping=False, normal=(0.000,1.000,0.000), vel=(0.000,0.000,0.000)) probe(trace_dist=0.0508, hit=False, normal_y=None, fraction=None) post(grounded=False, vel=(0.000,-0.082,0.000), horiz_speed=0.000, pos=(-23.772,-0.059,0.111))
[movedbg #2435] pre(grounded=False, jumping=False, normal=(0.000,1.000,0.000), vel=(0.000,-0.082,0.000)) probe(trace_dist=0.0508, hit=False, normal_y=None, fraction=None) post(grounded=True, vel=(0.000,0.000,0.000), horiz_speed=0.000, pos=(-23.773,-0.058,0.111))
[movedbg #2436] pre(grounded=False, jumping=False, normal=(0.000,1.000,0.000), vel=(0.000,0.000,0.000)) probe(trace_dist=0.0508, hit=False, normal_y=None, fraction=None) post(grounded=False, vel=(0.000,-0.082,0.000), horiz_speed=0.000, pos=(-23.773,-0.059,0.111))
[movedbg #2437] pre(grounded=False, jumping=False, normal=(0.000,1.000,0.000), vel=(0.000,-0.082,0.000)) probe(trace_dist=0.0508, hit=False, normal_y=None, fraction=None) post(grounded=True, vel=(0.000,0.000,0.000), horiz_speed=0.000, pos=(-23.773,-0.059,0.111))
[movedbg #2438] pre(grounded=False, jumping=False, normal=(0.000,1.000,0.000), vel=(0.000,0.000,0.000)) probe(trace_dist=0.0508, hit=False, normal_y=None, fraction=None) post(grounded=False, vel=(0.000,-0.082,0.000), horiz_speed=0.000, pos=(-23.773,-0.060,0.111))
[movedbg #2439] pre(grounded=False, jumping=False, normal=(0.000,1.000,0.000), vel=(0.000,-0.082,0.000)) probe(trace_dist=0.0508, hit=False, normal_y=None, fraction=None) post(grounded=True, vel=(0.000,0.000,0.000), horiz_speed=0.000, pos=(-23.773,-0.059,0.111))
[movedbg #2440] pre(grounded=False, jumping=False, normal=(0.000,1.000,0.000), vel=(0.000,0.000,0.000)) probe(trace_dist=0.0508, hit=False, normal_y=None, fraction=None) post(grounded=False, vel=(0.000,-0.082,0.000), horiz_speed=0.000, pos=(-23.773,-0.060,0.111))
[movedbg #2441] pre(grounded=False, jumping=False, normal=(0.000,1.000,0.000), vel=(0.000,-0.082,0.000)) probe(trace_dist=0.0508, hit=False, normal_y=None, fraction=None) post(grounded=True, vel=(0.000,0.000,0.000), horiz_speed=0.000, pos=(-23.774,-0.059,0.111))
[movedbg #2442] pre(grounded=False, jumping=False, normal=(0.000,1.000,0.000), vel=(0.000,0.000,0.000)) probe(trace_dist=0.0508, hit=False, normal_y=None, fraction=None) post(grounded=False, vel=(0.000,-0.082,0.000), horiz_speed=0.000, pos=(-23.774,-0.059,0.111))
[movedbg #2443] pre(grounded=False, jumping=False, normal=(0.000,1.000,0.000), vel=(0.000,-0.082,0.000)) probe(trace_dist=0.0508, hit=False, normal_y=None, fraction=None) post(grounded=True, vel=(0.000,0.000,0.000), horiz_speed=0.000, pos=(-23.774,-0.060,0.111))
[movedbg #2444] pre(grounded=False, jumping=False, normal=(0.000,1.000,0.000), vel=(0.000,0.000,0.000)) probe(trace_dist=0.0508, hit=False, normal_y=None, fraction=None) post(grounded=True, vel=(0.000,0.000,0.000), horiz_speed=0.000, pos=(-23.774,-0.059,0.111))
[movedbg #2445] pre(grounded=False, jumping=False, normal=(0.000,1.000,0.000), vel=(0.000,0.000,0.000)) probe(trace_dist=0.0508, hit=False, normal_y=None, fraction=None) post(grounded=False, vel=(0.000,-0.082,0.000), horiz_speed=0.000, pos=(-23.774,-0.059,0.111))
[movedbg #2446] pre(grounded=False, jumping=False, normal=(0.000,1.000,0.000), vel=(0.000,-0.082,0.000)) probe(trace_dist=0.0508, hit=False, normal_y=None, fraction=None) post(grounded=False, vel=(0.000,-0.164,0.000), horiz_speed=0.000, pos=(-23.774,-0.061,0.111))
[movedbg #2447] pre(grounded=False, jumping=False, normal=(0.000,1.000,0.000), vel=(0.000,-0.164,0.000)) probe(trace_dist=0.0508, hit=False, normal_y=None, fraction=None) post(grounded=True, vel=(0.000,0.000,0.000), horiz_speed=0.000, pos=(-23.775,-0.060,0.111))
[movedbg #2448] pre(grounded=False, jumping=False, normal=(0.000,1.000,0.000), vel=(0.000,0.000,0.000)) probe(trace_dist=0.0508, hit=False, normal_y=None, fraction=None) post(grounded=False, vel=(0.000,-0.082,0.000), horiz_speed=0.000, pos=(-23.775,-0.060,0.111))
[movedbg #2449] pre(grounded=False, jumping=False, normal=(0.000,1.000,0.000), vel=(0.000,-0.082,0.000)) probe(trace_dist=0.0508, hit=False, normal_y=None, fraction=None) post(grounded=True, vel=(0.000,0.000,0.000), horiz_speed=0.000, pos=(-23.775,-0.059,0.111))
[movedbg #2450] pre(grounded=False, jumping=False, normal=(0.000,1.000,0.000), vel=(0.000,0.000,0.000)) probe(trace_dist=0.0508, hit=False, normal_y=None, fraction=None) post(grounded=False, vel=(0.000,-0.082,0.000), horiz_speed=0.000, pos=(-23.775,-0.060,0.111))
[movedbg #2451] pre(grounded=False, jumping=False, normal=(0.000,1.000,0.000), vel=(0.000,-0.082,0.000)) probe(trace_dist=0.0508, hit=False, normal_y=None, fraction=None) post(grounded=True, vel=(0.000,0.000,0.000), horiz_speed=0.000, pos=(-23.776,-0.059,0.111))
[movedbg #2452] pre(grounded=False, jumping=False, normal=(0.000,1.000,0.000), vel=(0.000,0.000,0.000)) probe(trace_dist=0.0508, hit=False, normal_y=None, fraction=None) post(grounded=False, vel=(0.000,-0.082,0.000), horiz_speed=0.000, pos=(-23.776,-0.060,0.111))
[movedbg #2453] pre(grounded=False, jumping=False, normal=(0.000,1.000,0.000), vel=(0.000,-0.082,0.000)) probe(trace_dist=0.0508, hit=False, normal_y=None, fraction=None) post(grounded=True, vel=(0.000,0.000,0.000), horiz_speed=0.000, pos=(-23.776,-0.060,0.111))
[movedbg #2454] pre(grounded=False, jumping=False, normal=(0.000,1.000,0.000), vel=(0.000,0.000,0.000)) probe(trace_dist=0.0508, hit=False, normal_y=None, fraction=None) post(grounded=False, vel=(0.000,-0.082,0.000), horiz_speed=0.000, pos=(-23.776,-0.061,0.111))
[movedbg #2455] pre(grounded=False, jumping=False, normal=(0.000,1.000,0.000), vel=(0.000,-0.082,0.000)) probe(trace_dist=0.0508, hit=False, normal_y=None, fraction=None) post(grounded=True, vel=(0.000,0.000,0.000), horiz_speed=0.000, pos=(-23.776,-0.060,0.111))
[movedbg #2456] pre(grounded=False, jumping=False, normal=(0.000,1.000,0.000), vel=(0.000,0.000,0.000)) probe(trace_dist=0.0508, hit=False, normal_y=None, fraction=None) post(grounded=False, vel=(0.000,-0.082,0.000), horiz_speed=0.000, pos=(-23.776,-0.061,0.111))
[movedbg #2457] pre(grounded=False, jumping=False, normal=(0.000,1.000,0.000), vel=(0.000,-0.082,0.000)) probe(trace_dist=0.0508, hit=False, normal_y=None, fraction=None) post(grounded=True, vel=(0.000,0.000,0.000), horiz_speed=0.000, pos=(-23.777,-0.060,0.111))
[movedbg #2458] pre(grounded=False, jumping=False, normal=(0.000,1.000,0.000), vel=(0.000,0.000,0.000)) probe(trace_dist=0.0508, hit=False, normal_y=None, fraction=None) post(grounded=False, vel=(0.000,-0.082,0.000), horiz_speed=0.000, pos=(-23.777,-0.060,0.111))
[movedbg #2459] pre(grounded=False, jumping=False, normal=(0.000,1.000,0.000), vel=(0.000,-0.082,0.000)) probe(trace_dist=0.0508, hit=False, normal_y=None, fraction=None) post(grounded=True, vel=(0.000,0.000,0.000), horiz_speed=0.000, pos=(-23.777,-0.061,0.111))
[movedbg #2460] pre(grounded=False, jumping=False, normal=(0.000,1.000,0.000), vel=(0.000,0.000,0.000)) probe(trace_dist=0.0508, hit=False, normal_y=None, fraction=None) post(grounded=False, vel=(0.000,-0.082,0.000), horiz_speed=0.000, pos=(-23.777,-0.061,0.111))
[movedbg #2461] pre(grounded=False, jumping=False, normal=(0.000,1.000,0.000), vel=(0.000,-0.082,0.000)) probe(trace_dist=0.0508, hit=False, normal_y=None, fraction=None) post(grounded=True, vel=(0.000,0.000,0.000), horiz_speed=0.000, pos=(-23.777,-0.060,0.111))
[movedbg #2462] pre(grounded=False, jumping=False, normal=(0.000,1.000,0.000), vel=(0.000,0.000,0.000)) probe(trace_dist=0.0508, hit=False, normal_y=None, fraction=None) post(grounded=False, vel=(0.000,-0.082,0.000), horiz_speed=0.000, pos=(-23.777,-0.061,0.111))
[movedbg #2463] pre(grounded=False, jumping=False, normal=(0.000,1.000,0.000), vel=(0.000,-0.082,0.000)) probe(trace_dist=0.0508, hit=False, normal_y=None, fraction=None) post(grounded=True, vel=(0.000,0.000,0.000), horiz_speed=0.000, pos=(-23.778,-0.060,0.111))
[movedbg #2464] pre(grounded=False, jumping=False, normal=(0.000,1.000,0.000), vel=(0.000,0.000,0.000)) probe(trace_dist=0.0508, hit=False, normal_y=None, fraction=None) post(grounded=False, vel=(0.000,-0.082,0.000), horiz_speed=0.000, pos=(-23.778,-0.061,0.111))
[movedbg #2465] pre(grounded=False, jumping=False, normal=(0.000,1.000,0.000), vel=(0.000,-0.082,0.000)) probe(trace_dist=0.0508, hit=False, normal_y=None, fraction=None) post(grounded=True, vel=(0.000,0.000,0.000), horiz_speed=0.000, pos=(-23.778,-0.061,0.111))
[movedbg #2466] pre(grounded=False, jumping=False, normal=(0.000,1.000,0.000), vel=(0.000,0.000,0.000)) probe(trace_dist=0.0508, hit=False, normal_y=None, fraction=None) post(grounded=False, vel=(0.000,-0.082,0.000), horiz_speed=0.000, pos=(-23.778,-0.062,0.111))
[movedbg #2467] pre(grounded=False, jumping=False, normal=(0.000,1.000,0.000), vel=(0.000,-0.082,0.000)) probe(trace_dist=0.0508, hit=False, normal_y=None, fraction=None) post(grounded=True, vel=(0.000,0.000,0.000), horiz_speed=0.000, pos=(-23.778,-0.061,0.111))
[movedbg #2468] pre(grounded=False, jumping=False, normal=(0.000,1.000,0.000), vel=(0.000,0.000,0.000)) probe(trace_dist=0.0508, hit=False, normal_y=None, fraction=None) post(grounded=False, vel=(0.000,-0.082,0.000), horiz_speed=0.000, pos=(-23.778,-0.062,0.111))
[movedbg #2469] pre(grounded=False, jumping=False, normal=(0.000,1.000,0.000), vel=(0.000,-0.082,0.000)) probe(trace_dist=0.0508, hit=False, normal_y=None, fraction=None) post(grounded=True, vel=(0.000,0.000,0.000), horiz_speed=0.000, pos=(-23.779,-0.061,0.111))
[movedbg #2470] pre(grounded=False, jumping=False, normal=(0.000,1.000,0.000), vel=(0.000,0.000,0.000)) probe(trace_dist=0.0508, hit=False, normal_y=None, fraction=None) post(grounded=False, vel=(0.000,-0.082,0.000), horiz_speed=0.000, pos=(-23.779,-0.061,0.111))
[movedbg #2471] pre(grounded=False, jumping=False, normal=(0.000,1.000,0.000), vel=(0.000,-0.082,0.000)) probe(trace_dist=0.0508, hit=False, normal_y=None, fraction=None) post(grounded=True, vel=(0.000,0.000,0.000), horiz_speed=0.000, pos=(-23.779,-0.062,0.111))
[movedbg #2472] pre(grounded=False, jumping=False, normal=(0.000,1.000,0.000), vel=(0.000,0.000,0.000)) probe(trace_dist=0.0508, hit=False, normal_y=None, fraction=None) post(grounded=False, vel=(0.000,-0.082,0.000), horiz_speed=0.000, pos=(-23.779,-0.062,0.111))
[movedbg #2473] pre(grounded=False, jumping=False, normal=(0.000,1.000,0.000), vel=(0.000,-0.082,0.000)) probe(trace_dist=0.0508, hit=False, normal_y=None, fraction=None) post(grounded=True, vel=(0.000,0.000,0.000), horiz_speed=0.000, pos=(-23.780,-0.061,0.111))
[movedbg #2474] pre(grounded=False, jumping=False, normal=(0.000,1.000,0.000), vel=(0.000,0.000,0.000)) probe(trace_dist=0.0508, hit=False, normal_y=None, fraction=None) post(grounded=False, vel=(0.000,-0.082,0.000), horiz_speed=0.000, pos=(-23.780,-0.062,0.111))
[movedbg #2475] pre(grounded=False, jumping=False, normal=(0.000,1.000,0.000), vel=(0.000,-0.082,0.000)) probe(trace_dist=0.0508, hit=False, normal_y=None, fraction=None) post(grounded=True, vel=(0.000,0.000,0.000), horiz_speed=0.000, pos=(-23.780,-0.061,0.111))
[movedbg #2476] pre(grounded=False, jumping=False, normal=(0.000,1.000,0.000), vel=(0.000,0.000,0.000)) probe(trace_dist=0.0508, hit=False, normal_y=None, fraction=None) post(grounded=False, vel=(0.000,-0.082,0.000), horiz_speed=0.000, pos=(-23.780,-0.062,0.111))
[movedbg #2477] pre(grounded=False, jumping=False, normal=(0.000,1.000,0.000), vel=(0.000,-0.082,0.000)) probe(trace_dist=0.0508, hit=False, normal_y=None, fraction=None) post(grounded=True, vel=(0.000,0.000,0.000), horiz_speed=0.000, pos=(-23.780,-0.062,0.111))
[movedbg #2478] pre(grounded=False, jumping=False, normal=(0.000,1.000,0.000), vel=(0.000,0.000,0.000)) probe(trace_dist=0.0508, hit=False, normal_y=None, fraction=None) post(grounded=False, vel=(0.000,-0.082,0.000), horiz_speed=0.000, pos=(-23.780,-0.063,0.111))
[movedbg #2479] pre(grounded=False, jumping=False, normal=(0.000,1.000,0.000), vel=(0.000,-0.082,0.000)) probe(trace_dist=0.0508, hit=False, normal_y=None, fraction=None) post(grounded=True, vel=(0.000,0.000,0.000), horiz_speed=0.000, pos=(-23.781,-0.062,0.111))
[movedbg #2480] pre(grounded=False, jumping=False, normal=(0.000,1.000,0.000), vel=(0.000,0.000,0.000)) probe(trace_dist=0.0508, hit=False, normal_y=None, fraction=None) post(grounded=False, vel=(0.000,-0.082,0.000), horiz_speed=0.000, pos=(-23.781,-0.062,0.111))
[movedbg #2481] pre(grounded=False, jumping=False, normal=(0.000,1.000,0.000), vel=(0.000,-0.082,0.000)) probe(trace_dist=0.0508, hit=False, normal_y=None, fraction=None) post(grounded=True, vel=(0.000,0.000,0.000), horiz_speed=0.000, pos=(-23.781,-0.062,0.111))
[movedbg #2482] pre(grounded=False, jumping=False, normal=(0.000,1.000,0.000), vel=(0.000,0.000,0.000)) probe(trace_dist=0.0508, hit=False, normal_y=None, fraction=None) post(grounded=False, vel=(0.000,-0.082,0.000), horiz_speed=0.000, pos=(-23.781,-0.062,0.111))
[movedbg #2483] pre(grounded=False, jumping=False, normal=(0.000,1.000,0.000), vel=(0.000,-0.082,0.000)) probe(trace_dist=0.0508, hit=False, normal_y=None, fraction=None) post(grounded=True, vel=(0.000,0.000,0.000), horiz_speed=0.000, pos=(-23.781,-0.062,0.111))
[movedbg #2484] pre(grounded=False, jumping=False, normal=(0.000,1.000,0.000), vel=(0.000,0.000,0.000)) probe(trace_dist=0.0508, hit=False, normal_y=None, fraction=None) post(grounded=False, vel=(0.000,-0.082,0.000), horiz_speed=0.000, pos=(-23.781,-0.063,0.111))
[movedbg #2485] pre(grounded=False, jumping=False, normal=(0.000,1.000,0.000), vel=(0.000,-0.082,0.000)) probe(trace_dist=0.0508, hit=False, normal_y=None, fraction=None) post(grounded=True, vel=(0.000,0.000,0.000), horiz_speed=0.000, pos=(-23.782,-0.062,0.111))
[movedbg #2486] pre(grounded=False, jumping=False, normal=(0.000,1.000,0.000), vel=(0.000,0.000,0.000)) probe(trace_dist=0.0508, hit=False, normal_y=None, fraction=None) post(grounded=False, vel=(0.000,-0.082,0.000), horiz_speed=0.000, pos=(-23.782,-0.063,0.111))
[movedbg #2487] pre(grounded=False, jumping=False, normal=(0.000,1.000,0.000), vel=(0.000,-0.082,0.000)) probe(trace_dist=0.0508, hit=False, normal_y=None, fraction=None) post(grounded=True, vel=(0.000,0.000,0.000), horiz_speed=0.000, pos=(-23.782,-0.062,0.111))
[movedbg #2488] pre(grounded=False, jumping=False, normal=(0.000,1.000,0.000), vel=(0.000,0.000,0.000)) probe(trace_dist=0.0508, hit=False, normal_y=None, fraction=None) post(grounded=False, vel=(0.000,-0.082,0.000), horiz_speed=0.000, pos=(-23.782,-0.063,0.111))
[movedbg #2489] pre(grounded=False, jumping=False, normal=(0.000,1.000,0.000), vel=(0.000,-0.082,0.000)) probe(trace_dist=0.0508, hit=False, normal_y=None, fraction=None) post(grounded=True, vel=(0.000,0.000,0.000), horiz_speed=0.000, pos=(-23.783,-0.063,0.111))
[movedbg #2490] pre(grounded=False, jumping=False, normal=(0.000,1.000,0.000), vel=(0.000,0.000,0.000)) probe(trace_dist=0.0508, hit=False, normal_y=None, fraction=None) post(grounded=False, vel=(0.000,-0.082,0.000), horiz_speed=0.000, pos=(-23.783,-0.064,0.111))
[movedbg #2491] pre(grounded=False, jumping=False, normal=(0.000,1.000,0.000), vel=(0.000,-0.082,0.000)) probe(trace_dist=0.0508, hit=False, normal_y=None, fraction=None) post(grounded=True, vel=(0.000,0.000,0.000), horiz_speed=0.000, pos=(-23.783,-0.063,0.111))
[movedbg #2492] pre(grounded=False, jumping=False, normal=(0.000,1.000,0.000), vel=(0.000,0.000,0.000)) probe(trace_dist=0.0508, hit=False, normal_y=None, fraction=None) post(grounded=False, vel=(0.000,-0.082,0.000), horiz_speed=0.000, pos=(-23.783,-0.063,0.111))
[movedbg #2493] pre(grounded=False, jumping=False, normal=(0.000,1.000,0.000), vel=(0.000,-0.082,0.000)) probe(trace_dist=0.0508, hit=False, normal_y=None, fraction=None) post(grounded=True, vel=(0.000,0.000,0.000), horiz_speed=0.000, pos=(-23.783,-0.062,0.111))
[movedbg #2494] pre(grounded=False, jumping=False, normal=(0.000,1.000,0.000), vel=(0.000,0.000,0.000)) probe(trace_dist=0.0508, hit=False, normal_y=None, fraction=None) post(grounded=False, vel=(0.000,-0.082,0.000), horiz_speed=0.000, pos=(-23.783,-0.063,0.111))
[movedbg #2495] pre(grounded=False, jumping=False, normal=(0.000,1.000,0.000), vel=(0.000,-0.082,0.000)) probe(trace_dist=0.0508, hit=False, normal_y=None, fraction=None) post(grounded=True, vel=(0.000,0.000,0.000), horiz_speed=0.000, pos=(-23.784,-0.063,0.111))
[movedbg #2496] pre(grounded=False, jumping=False, normal=(0.000,1.000,0.000), vel=(0.000,0.000,0.000)) probe(trace_dist=0.0508, hit=False, normal_y=None, fraction=None) post(grounded=False, vel=(0.000,-0.082,0.000), horiz_speed=0.000, pos=(-23.784,-0.064,0.111))
[movedbg #2497] pre(grounded=False, jumping=False, normal=(0.000,1.000,0.000), vel=(0.000,-0.082,0.000)) probe(trace_dist=0.0508, hit=False, normal_y=None, fraction=None) post(grounded=True, vel=(0.000,0.000,0.000), horiz_speed=0.000, pos=(-23.784,-0.063,0.111))
[movedbg #2498] pre(grounded=False, jumping=False, normal=(0.000,1.000,0.000), vel=(0.000,0.000,0.000)) probe(trace_dist=0.0508, hit=False, normal_y=None, fraction=None) post(grounded=False, vel=(0.000,-0.082,0.000), horiz_speed=0.000, pos=(-23.784,-0.064,0.111))
[movedbg #2499] pre(grounded=False, jumping=False, normal=(0.000,1.000,0.000), vel=(0.000,-0.082,0.000)) probe(trace_dist=0.0508, hit=False, normal_y=None, fraction=None) post(grounded=True, vel=(0.000,0.000,0.000), horiz_speed=0.000, pos=(-23.784,-0.063,0.111))
[movedbg #2500] pre(grounded=False, jumping=False, normal=(0.000,1.000,0.000), vel=(0.000,0.000,0.000)) probe(trace_dist=0.0508, hit=False, normal_y=None, fraction=None) post(grounded=False, vel=(0.000,-0.082,0.000), horiz_speed=0.000, pos=(-23.784,-0.064,0.111))
[movedbg #2501] pre(grounded=False, jumping=False, normal=(0.000,1.000,0.000), vel=(0.000,-0.082,0.000)) probe(trace_dist=0.0508, hit=False, normal_y=None, fraction=None) post(grounded=True, vel=(0.000,0.000,0.000), horiz_speed=0.000, pos=(-23.785,-0.064,0.111))
[movedbg #2502] pre(grounded=False, jumping=False, normal=(0.000,1.000,0.000), vel=(0.000,0.000,0.000)) probe(trace_dist=0.0508, hit=False, normal_y=None, fraction=None) post(grounded=False, vel=(0.000,-0.082,0.000), horiz_speed=0.000, pos=(-23.785,-0.064,0.111))
[movedbg #2503] pre(grounded=False, jumping=False, normal=(0.000,1.000,0.000), vel=(0.000,-0.082,0.000)) probe(trace_dist=0.0508, hit=False, normal_y=None, fraction=None) post(grounded=True, vel=(0.000,0.000,0.000), horiz_speed=0.000, pos=(-23.785,-0.064,0.111))
[movedbg #2504] pre(grounded=False, jumping=False, normal=(0.000,1.000,0.000), vel=(0.000,0.000,0.000)) probe(trace_dist=0.0508, hit=False, normal_y=None, fraction=None) post(grounded=False, vel=(0.000,-0.082,0.000), horiz_speed=0.000, pos=(-23.785,-0.064,0.111))
[movedbg #2505] pre(grounded=False, jumping=False, normal=(0.000,1.000,0.000), vel=(0.000,-0.082,0.000)) probe(trace_dist=0.0508, hit=False, normal_y=None, fraction=None) post(grounded=True, vel=(0.000,0.000,0.000), horiz_speed=0.000, pos=(-23.786,-0.063,0.111))
[movedbg #2506] pre(grounded=False, jumping=False, normal=(0.000,1.000,0.000), vel=(0.000,0.000,0.000)) probe(trace_dist=0.0508, hit=False, normal_y=None, fraction=None) post(grounded=False, vel=(0.000,-0.082,0.000), horiz_speed=0.000, pos=(-23.786,-0.064,0.111))
[movedbg #2507] pre(grounded=False, jumping=False, normal=(0.000,1.000,0.000), vel=(0.000,-0.082,0.000)) probe(trace_dist=0.0508, hit=False, normal_y=None, fraction=None) post(grounded=True, vel=(0.000,0.000,0.000), horiz_speed=0.000, pos=(-23.786,-0.064,0.111))
[movedbg #2508] pre(grounded=False, jumping=False, normal=(0.000,1.000,0.000), vel=(0.000,0.000,0.000)) probe(trace_dist=0.0508, hit=False, normal_y=None, fraction=None) post(grounded=True, vel=(0.000,0.000,0.000), horiz_speed=0.000, pos=(-23.786,-0.063,0.111))
[movedbg #2509] pre(grounded=False, jumping=False, normal=(0.000,1.000,0.000), vel=(0.000,0.000,0.000)) probe(trace_dist=0.0508, hit=False, normal_y=None, fraction=None) post(grounded=False, vel=(0.000,-0.082,0.000), horiz_speed=0.000, pos=(-23.786,-0.064,0.111))
[movedbg #2510] pre(grounded=False, jumping=False, normal=(0.000,1.000,0.000), vel=(0.000,-0.082,0.000)) probe(trace_dist=0.0508, hit=False, normal_y=None, fraction=None) post(grounded=False, vel=(0.000,-0.164,0.000), horiz_speed=0.000, pos=(-23.786,-0.065,0.111))
[movedbg #2511] pre(grounded=False, jumping=False, normal=(0.000,1.000,0.000), vel=(0.000,-0.164,0.000)) probe(trace_dist=0.0508, hit=False, normal_y=None, fraction=None) post(grounded=True, vel=(0.000,0.000,0.000), horiz_speed=0.000, pos=(-23.787,-0.064,0.111))
[movedbg #2512] pre(grounded=False, jumping=False, normal=(0.000,1.000,0.000), vel=(0.000,0.000,0.000)) probe(trace_dist=0.0508, hit=False, normal_y=None, fraction=None) post(grounded=False, vel=(0.000,-0.082,0.000), horiz_speed=0.000, pos=(-23.787,-0.065,0.111))
[movedbg #2513] pre(grounded=False, jumping=False, normal=(0.000,1.000,0.000), vel=(0.000,-0.082,0.000)) probe(trace_dist=0.0508, hit=False, normal_y=None, fraction=None) post(grounded=True, vel=(0.000,0.000,0.000), horiz_speed=0.000, pos=(-23.787,-0.064,0.111))
[movedbg #2514] pre(grounded=False, jumping=False, normal=(0.000,1.000,0.000), vel=(0.000,0.000,0.000)) probe(trace_dist=0.0508, hit=False, normal_y=None, fraction=None) post(grounded=False, vel=(0.000,-0.082,0.000), horiz_speed=0.000, pos=(-23.787,-0.065,0.111))
[movedbg #2515] pre(grounded=False, jumping=False, normal=(0.000,1.000,0.000), vel=(0.000,-0.082,0.000)) probe(trace_dist=0.0508, hit=False, normal_y=None, fraction=None) post(grounded=True, vel=(0.000,0.000,0.000), horiz_speed=0.000, pos=(-23.787,-0.064,0.111))
[movedbg #2516] pre(grounded=False, jumping=False, normal=(0.000,1.000,0.000), vel=(0.000,0.000,0.000)) probe(trace_dist=0.0508, hit=False, normal_y=None, fraction=None) post(grounded=False, vel=(0.000,-0.082,0.000), horiz_speed=0.000, pos=(-23.787,-0.065,0.111))
[movedbg #2517] pre(grounded=False, jumping=False, normal=(0.000,1.000,0.000), vel=(0.000,-0.082,0.000)) probe(trace_dist=0.0508, hit=False, normal_y=None, fraction=None) post(grounded=True, vel=(0.000,0.000,0.000), horiz_speed=0.000, pos=(-23.788,-0.065,0.111))
[movedbg #2518] pre(grounded=False, jumping=False, normal=(0.000,1.000,0.000), vel=(0.000,0.000,0.000)) probe(trace_dist=0.0508, hit=False, normal_y=None, fraction=None) post(grounded=False, vel=(0.000,-0.082,0.000), horiz_speed=0.000, pos=(-23.788,-0.066,0.111))
[movedbg #2519] pre(grounded=False, jumping=False, normal=(0.000,1.000,0.000), vel=(0.000,-0.082,0.000)) probe(trace_dist=0.0508, hit=False, normal_y=None, fraction=None) post(grounded=True, vel=(0.000,0.000,0.000), horiz_speed=0.000, pos=(-23.788,-0.065,0.111))
[movedbg #2520] pre(grounded=False, jumping=False, normal=(0.000,1.000,0.000), vel=(0.000,0.000,0.000)) probe(trace_dist=0.0508, hit=False, normal_y=None, fraction=None) post(grounded=False, vel=(0.000,-0.082,0.000), horiz_speed=0.000, pos=(-23.788,-0.065,0.111))
[movedbg #2521] pre(grounded=False, jumping=False, normal=(0.000,1.000,0.000), vel=(0.000,-0.082,0.000)) probe(trace_dist=0.0508, hit=False, normal_y=None, fraction=None) post(grounded=True, vel=(0.000,0.000,0.000), horiz_speed=0.000, pos=(-23.788,-0.064,0.111))
[movedbg #2522] pre(grounded=False, jumping=False, normal=(0.000,1.000,0.000), vel=(0.000,0.000,0.000)) probe(trace_dist=0.0508, hit=False, normal_y=None, fraction=None) post(grounded=False, vel=(0.000,-0.082,0.000), horiz_speed=0.000, pos=(-23.788,-0.065,0.111))
[movedbg #2523] pre(grounded=False, jumping=False, normal=(0.000,1.000,0.000), vel=(0.000,-0.082,0.000)) probe(trace_dist=0.0508, hit=False, normal_y=None, fraction=None) post(grounded=True, vel=(0.000,0.000,0.000), horiz_speed=0.000, pos=(-23.789,-0.065,0.111))
[movedbg #2524] pre(grounded=False, jumping=False, normal=(0.000,1.000,0.000), vel=(0.000,0.000,0.000)) probe(trace_dist=0.0508, hit=False, normal_y=None, fraction=None) post(grounded=False, vel=(0.000,-0.082,0.000), horiz_speed=0.000, pos=(-23.789,-0.066,0.111))
[movedbg #2525] pre(grounded=False, jumping=False, normal=(0.000,1.000,0.000), vel=(0.000,-0.082,0.000)) probe(trace_dist=0.0508, hit=False, normal_y=None, fraction=None) post(grounded=True, vel=(0.000,0.000,0.000), horiz_speed=0.000, pos=(-23.789,-0.065,0.111))
[movedbg #2526] pre(grounded=False, jumping=False, normal=(0.000,1.000,0.000), vel=(0.000,0.000,0.000)) probe(trace_dist=0.0508, hit=False, normal_y=None, fraction=None) post(grounded=False, vel=(0.000,-0.082,0.000), horiz_speed=0.000, pos=(-23.789,-0.066,0.111))
[movedbg #2527] pre(grounded=False, jumping=False, normal=(0.000,1.000,0.000), vel=(0.000,-0.082,0.000)) probe(trace_dist=0.0508, hit=False, normal_y=None, fraction=None) post(grounded=True, vel=(0.000,0.000,0.000), horiz_speed=0.000, pos=(-23.790,-0.065,0.111))
[movedbg #2528] pre(grounded=False, jumping=False, normal=(0.000,1.000,0.000), vel=(0.000,0.000,0.000)) probe(trace_dist=0.0508, hit=False, normal_y=None, fraction=None) post(grounded=False, vel=(0.000,-0.082,0.000), horiz_speed=0.000, pos=(-23.790,-0.066,0.111))
[movedbg #2529] pre(grounded=False, jumping=False, normal=(0.000,1.000,0.000), vel=(0.000,-0.082,0.000)) probe(trace_dist=0.0508, hit=False, normal_y=None, fraction=None) post(grounded=True, vel=(0.000,0.000,0.000), horiz_speed=0.000, pos=(-23.790,-0.066,0.111))
[movedbg #2530] pre(grounded=False, jumping=False, normal=(0.000,1.000,0.000), vel=(0.000,0.000,0.000)) probe(trace_dist=0.0508, hit=False, normal_y=None, fraction=None) post(grounded=False, vel=(0.000,-0.082,0.000), horiz_speed=0.000, pos=(-23.790,-0.067,0.111))
[movedbg #2531] pre(grounded=False, jumping=False, normal=(0.000,1.000,0.000), vel=(0.000,-0.082,0.000)) probe(trace_dist=0.0508, hit=False, normal_y=None, fraction=None) post(grounded=True, vel=(0.000,0.000,0.000), horiz_speed=0.000, pos=(-23.790,-0.066,0.111))
[movedbg #2532] pre(grounded=False, jumping=False, normal=(0.000,1.000,0.000), vel=(0.000,0.000,0.000)) probe(trace_dist=0.0508, hit=False, normal_y=None, fraction=None) post(grounded=False, vel=(0.000,-0.082,0.000), horiz_speed=0.000, pos=(-23.790,-0.066,0.111))
[movedbg #2533] pre(grounded=False, jumping=False, normal=(0.000,1.000,0.000), vel=(0.000,-0.082,0.000)) probe(trace_dist=0.0508, hit=False, normal_y=None, fraction=None) post(grounded=True, vel=(0.000,0.000,0.000), horiz_speed=0.000, pos=(-23.791,-0.065,0.111))
[movedbg #2534] pre(grounded=False, jumping=False, normal=(0.000,1.000,0.000), vel=(0.000,0.000,0.000)) probe(trace_dist=0.0508, hit=False, normal_y=None, fraction=None) post(grounded=False, vel=(0.000,-0.082,0.000), horiz_speed=0.000, pos=(-23.791,-0.066,0.111))
[movedbg #2535] pre(grounded=False, jumping=False, normal=(0.000,1.000,0.000), vel=(0.000,-0.082,0.000)) probe(trace_dist=0.0508, hit=False, normal_y=None, fraction=None) post(grounded=True, vel=(0.000,0.000,0.000), horiz_speed=0.000, pos=(-23.791,-0.066,0.111))
[movedbg #2536] pre(grounded=False, jumping=False, normal=(0.000,1.000,0.000), vel=(0.000,0.000,0.000)) probe(trace_dist=0.0508, hit=False, normal_y=None, fraction=None) post(grounded=False, vel=(0.000,-0.082,0.000), horiz_speed=0.000, pos=(-23.791,-0.067,0.111))
[movedbg #2537] pre(grounded=False, jumping=False, normal=(0.000,1.000,0.000), vel=(0.000,-0.082,0.000)) probe(trace_dist=0.0508, hit=False, normal_y=None, fraction=None) post(grounded=True, vel=(0.000,0.000,0.000), horiz_speed=0.000, pos=(-23.791,-0.066,0.111))
[movedbg #2538] pre(grounded=False, jumping=False, normal=(0.000,1.000,0.000), vel=(0.000,0.000,0.000)) probe(trace_dist=0.0508, hit=False, normal_y=None, fraction=None) post(grounded=False, vel=(0.000,-0.082,0.000), horiz_speed=0.000, pos=(-23.791,-0.067,0.111))
[movedbg #2539] pre(grounded=False, jumping=False, normal=(0.000,1.000,0.000), vel=(0.000,-0.082,0.000)) probe(trace_dist=0.0508, hit=False, normal_y=None, fraction=None) post(grounded=True, vel=(0.000,0.000,0.000), horiz_speed=0.000, pos=(-23.792,-0.066,0.111))
[movedbg #2540] pre(grounded=False, jumping=False, normal=(0.000,1.000,0.000), vel=(0.000,0.000,0.000)) probe(trace_dist=0.0508, hit=False, normal_y=None, fraction=None) post(grounded=False, vel=(0.000,-0.082,0.000), horiz_speed=0.000, pos=(-23.792,-0.066,0.111))
[movedbg #2541] pre(grounded=False, jumping=False, normal=(0.000,1.000,0.000), vel=(0.000,-0.082,0.000)) probe(trace_dist=0.0508, hit=False, normal_y=None, fraction=None) post(grounded=True, vel=(0.000,0.000,0.000), horiz_speed=0.000, pos=(-23.792,-0.067,0.111))
[movedbg #2542] pre(grounded=False, jumping=False, normal=(0.000,1.000,0.000), vel=(0.000,0.000,0.000)) probe(trace_dist=0.0508, hit=False, normal_y=None, fraction=None) post(grounded=False, vel=(0.000,-0.082,0.000), horiz_speed=0.000, pos=(-23.792,-0.067,0.111))
[movedbg #2543] pre(grounded=False, jumping=False, normal=(0.000,1.000,0.000), vel=(0.000,-0.082,0.000)) probe(trace_dist=0.0508, hit=False, normal_y=None, fraction=None) post(grounded=True, vel=(0.000,0.000,0.000), horiz_speed=0.000, pos=(-23.793,-0.067,0.111))
[movedbg #2544] pre(grounded=False, jumping=False, normal=(0.000,1.000,0.000), vel=(0.000,0.000,0.000)) probe(trace_dist=0.0508, hit=False, normal_y=None, fraction=None) post(grounded=False, vel=(0.000,-0.082,0.000), horiz_speed=0.000, pos=(-23.793,-0.067,0.111))
[movedbg #2545] pre(grounded=False, jumping=False, normal=(0.000,1.000,0.000), vel=(0.000,-0.082,0.000)) probe(trace_dist=0.0508, hit=False, normal_y=None, fraction=None) post(grounded=True, vel=(0.000,0.000,0.000), horiz_speed=0.000, pos=(-23.793,-0.066,0.111))
[movedbg #2546] pre(grounded=False, jumping=False, normal=(0.000,1.000,0.000), vel=(0.000,0.000,0.000)) probe(trace_dist=0.0508, hit=False, normal_y=None, fraction=None) post(grounded=False, vel=(0.000,-0.082,0.000), horiz_speed=0.000, pos=(-23.793,-0.067,0.111))
[movedbg #2547] pre(grounded=False, jumping=False, normal=(0.000,1.000,0.000), vel=(0.000,-0.082,0.000)) probe(trace_dist=0.0508, hit=False, normal_y=None, fraction=None) post(grounded=True, vel=(0.000,0.000,0.000), horiz_speed=0.000, pos=(-23.793,-0.067,0.111))
[movedbg #2548] pre(grounded=False, jumping=False, normal=(0.000,1.000,0.000), vel=(0.000,0.000,0.000)) probe(trace_dist=0.0508, hit=False, normal_y=None, fraction=None) post(grounded=False, vel=(0.000,-0.082,0.000), horiz_speed=0.000, pos=(-23.793,-0.068,0.111))
[movedbg #2549] pre(grounded=False, jumping=False, normal=(0.000,1.000,0.000), vel=(0.000,-0.082,0.000)) probe(trace_dist=0.0508, hit=False, normal_y=None, fraction=None) post(grounded=True, vel=(0.000,0.000,0.000), horiz_speed=0.000, pos=(-23.794,-0.067,0.111))
[movedbg #2550] pre(grounded=False, jumping=False, normal=(0.000,1.000,0.000), vel=(0.000,0.000,0.000)) probe(trace_dist=0.0508, hit=False, normal_y=None, fraction=None) post(grounded=False, vel=(0.000,-0.082,0.000), horiz_speed=0.000, pos=(-23.794,-0.068,0.111))
[movedbg #2551] pre(grounded=False, jumping=False, normal=(0.000,1.000,0.000), vel=(0.000,-0.082,0.000)) probe(trace_dist=0.0508, hit=False, normal_y=None, fraction=None) post(grounded=True, vel=(0.000,0.000,0.000), horiz_speed=0.000, pos=(-23.794,-0.067,0.111))
[movedbg #2552] pre(grounded=False, jumping=False, normal=(0.000,1.000,0.000), vel=(0.000,0.000,0.000)) probe(trace_dist=0.0508, hit=False, normal_y=None, fraction=None) post(grounded=False, vel=(0.000,-0.082,0.000), horiz_speed=0.000, pos=(-23.794,-0.067,0.111))
[movedbg #2553] pre(grounded=False, jumping=False, normal=(0.000,1.000,0.000), vel=(0.000,-0.082,0.000)) probe(trace_dist=0.0508, hit=False, normal_y=None, fraction=None) post(grounded=True, vel=(0.000,0.000,0.000), horiz_speed=0.000, pos=(-23.794,-0.068,0.111))
[movedbg #2554] pre(grounded=False, jumping=False, normal=(0.000,1.000,0.000), vel=(0.000,0.000,0.000)) probe(trace_dist=0.0508, hit=False, normal_y=None, fraction=None) post(grounded=False, vel=(0.000,-0.082,0.000), horiz_speed=0.000, pos=(-23.794,-0.068,0.111))
[movedbg #2555] pre(grounded=False, jumping=False, normal=(0.000,1.000,0.000), vel=(0.000,-0.082,0.000)) probe(trace_dist=0.0508, hit=False, normal_y=None, fraction=None) post(grounded=True, vel=(0.000,0.000,0.000), horiz_speed=0.000, pos=(-23.795,-0.067,0.111))
[movedbg #2556] pre(grounded=False, jumping=False, normal=(0.000,1.000,0.000), vel=(0.000,0.000,0.000)) probe(trace_dist=0.0508, hit=False, normal_y=None, fraction=None) post(grounded=False, vel=(0.000,-0.082,0.000), horiz_speed=0.000, pos=(-23.795,-0.068,0.111))
[movedbg #2557] pre(grounded=False, jumping=False, normal=(0.000,1.000,0.000), vel=(0.000,-0.082,0.000)) probe(trace_dist=0.0508, hit=False, normal_y=None, fraction=None) post(grounded=True, vel=(0.000,0.000,0.000), horiz_speed=0.000, pos=(-23.795,-0.067,0.111))
[movedbg #2558] pre(grounded=False, jumping=False, normal=(0.000,1.000,0.000), vel=(0.000,0.000,0.000)) probe(trace_dist=0.0508, hit=False, normal_y=None, fraction=None) post(grounded=False, vel=(0.000,-0.082,0.000), horiz_speed=0.000, pos=(-23.795,-0.068,0.111))
[movedbg #2559] pre(grounded=False, jumping=False, normal=(0.000,1.000,0.000), vel=(0.000,-0.082,0.000)) probe(trace_dist=0.0508, hit=False, normal_y=None, fraction=None) post(grounded=True, vel=(0.000,0.000,0.000), horiz_speed=0.000, pos=(-23.796,-0.068,0.111))
[movedbg #2560] pre(grounded=False, jumping=False, normal=(0.000,1.000,0.000), vel=(0.000,0.000,0.000)) probe(trace_dist=0.0508, hit=False, normal_y=None, fraction=None) post(grounded=False, vel=(0.000,-0.082,0.000), horiz_speed=0.000, pos=(-23.796,-0.069,0.111))
[movedbg #2561] pre(grounded=False, jumping=False, normal=(0.000,1.000,0.000), vel=(0.000,-0.082,0.000)) probe(trace_dist=0.0508, hit=False, normal_y=None, fraction=None) post(grounded=True, vel=(0.000,0.000,0.000), horiz_speed=0.000, pos=(-23.796,-0.068,0.111))
[movedbg #2562] pre(grounded=False, jumping=False, normal=(0.000,1.000,0.000), vel=(0.000,0.000,0.000)) probe(trace_dist=0.0508, hit=False, normal_y=None, fraction=None) post(grounded=False, vel=(0.000,-0.082,0.000), horiz_speed=0.000, pos=(-23.796,-0.069,0.111))
[movedbg #2563] pre(grounded=False, jumping=False, normal=(0.000,1.000,0.000), vel=(0.000,-0.082,0.000)) probe(trace_dist=0.0508, hit=False, normal_y=None, fraction=None) post(grounded=True, vel=(0.000,0.000,0.000), horiz_speed=0.000, pos=(-23.796,-0.068,0.111))
[movedbg #2564] pre(grounded=False, jumping=False, normal=(0.000,1.000,0.000), vel=(0.000,0.000,0.000)) probe(trace_dist=0.0508, hit=False, normal_y=None, fraction=None) post(grounded=False, vel=(0.000,-0.082,0.000), horiz_speed=0.000, pos=(-23.796,-0.068,0.111))
[movedbg #2565] pre(grounded=False, jumping=False, normal=(0.000,1.000,0.000), vel=(0.000,-0.082,0.000)) probe(trace_dist=0.0508, hit=False, normal_y=None, fraction=None) post(grounded=True, vel=(0.000,0.000,0.000), horiz_speed=0.000, pos=(-23.797,-0.069,0.111))
[movedbg #2566] pre(grounded=False, jumping=False, normal=(0.000,1.000,0.000), vel=(0.000,0.000,0.000)) probe(trace_dist=0.0508, hit=False, normal_y=None, fraction=None) post(grounded=False, vel=(0.000,-0.082,0.000), horiz_speed=0.000, pos=(-23.797,-0.069,0.111))
[movedbg #2567] pre(grounded=False, jumping=False, normal=(0.000,1.000,0.000), vel=(0.000,-0.082,0.000)) probe(trace_dist=0.0508, hit=False, normal_y=None, fraction=None) post(grounded=True, vel=(0.000,0.000,0.000), horiz_speed=0.000, pos=(-23.797,-0.068,0.111))
[movedbg #2568] pre(grounded=False, jumping=False, normal=(0.000,1.000,0.000), vel=(0.000,0.000,0.000)) probe(trace_dist=0.0508, hit=False, normal_y=None, fraction=None) post(grounded=False, vel=(0.000,-0.082,0.000), horiz_speed=0.000, pos=(-23.797,-0.069,0.111))
[movedbg #2569] pre(grounded=False, jumping=False, normal=(0.000,1.000,0.000), vel=(0.000,-0.082,0.000)) probe(trace_dist=0.0508, hit=False, normal_y=None, fraction=None) post(grounded=True, vel=(0.000,0.000,0.000), horiz_speed=0.000, pos=(-23.797,-0.068,0.111))
[movedbg #2570] pre(grounded=False, jumping=False, normal=(0.000,1.000,0.000), vel=(0.000,0.000,0.000)) probe(trace_dist=0.0508, hit=False, normal_y=None, fraction=None) post(grounded=False, vel=(0.000,-0.082,0.000), horiz_speed=0.000, pos=(-23.797,-0.069,0.111))
[movedbg #2571] pre(grounded=False, jumping=False, normal=(0.000,1.000,0.000), vel=(0.000,-0.082,0.000)) probe(trace_dist=0.0508, hit=False, normal_y=None, fraction=None) post(grounded=True, vel=(0.000,0.000,0.000), horiz_speed=0.000, pos=(-23.798,-0.069,0.111))
[movedbg #2572] pre(grounded=False, jumping=False, normal=(0.000,1.000,0.000), vel=(0.000,0.000,0.000)) probe(trace_dist=0.0508, hit=False, normal_y=None, fraction=None) post(grounded=False, vel=(0.000,-0.082,0.000), horiz_speed=0.000, pos=(-23.798,-0.070,0.111))
[movedbg #2573] pre(grounded=False, jumping=False, normal=(0.000,1.000,0.000), vel=(0.000,-0.082,0.000)) probe(trace_dist=0.0508, hit=False, normal_y=None, fraction=None) post(grounded=True, vel=(0.000,0.000,0.000), horiz_speed=0.000, pos=(-23.798,-0.069,0.111))
[movedbg #2574] pre(grounded=False, jumping=False, normal=(0.000,1.000,0.000), vel=(0.000,0.000,0.000)) probe(trace_dist=0.0508, hit=False, normal_y=None, fraction=None) post(grounded=False, vel=(0.000,-0.082,0.000), horiz_speed=0.000, pos=(-23.798,-0.069,0.111))
[movedbg #2575] pre(grounded=False, jumping=False, normal=(0.000,1.000,0.000), vel=(0.000,-0.082,0.000)) probe(trace_dist=0.0508, hit=False, normal_y=None, fraction=None) post(grounded=True, vel=(0.000,0.000,0.000), horiz_speed=0.000, pos=(-23.798,-0.068,0.111))
[movedbg #2576] pre(grounded=False, jumping=False, normal=(0.000,1.000,0.000), vel=(0.000,0.000,0.000)) probe(trace_dist=0.0508, hit=False, normal_y=None, fraction=None) post(grounded=False, vel=(0.000,-0.082,0.000), horiz_speed=0.000, pos=(-23.798,-0.069,0.111))
[movedbg #2577] pre(grounded=False, jumping=False, normal=(0.000,1.000,0.000), vel=(0.000,-0.082,0.000)) probe(trace_dist=0.0508, hit=False, normal_y=None, fraction=None) post(grounded=True, vel=(0.000,0.000,0.000), horiz_speed=0.000, pos=(-23.799,-0.069,0.111))
[movedbg #2578] pre(grounded=False, jumping=False, normal=(0.000,1.000,0.000), vel=(0.000,0.000,0.000)) probe(trace_dist=0.0508, hit=False, normal_y=None, fraction=None) post(grounded=False, vel=(0.000,-0.082,0.000), horiz_speed=0.000, pos=(-23.799,-0.070,0.111))
[movedbg #2579] pre(grounded=False, jumping=False, normal=(0.000,1.000,0.000), vel=(0.000,-0.082,0.000)) probe(trace_dist=0.0508, hit=False, normal_y=None, fraction=None) post(grounded=True, vel=(0.000,0.000,0.000), horiz_speed=0.000, pos=(-23.799,-0.069,0.111))
[movedbg #2580] pre(grounded=False, jumping=False, normal=(0.000,1.000,0.000), vel=(0.000,0.000,0.000)) probe(trace_dist=0.0508, hit=False, normal_y=None, fraction=None) post(grounded=False, vel=(0.000,-0.082,0.000), horiz_speed=0.000, pos=(-23.799,-0.070,0.111))
[movedbg #2581] pre(grounded=False, jumping=False, normal=(0.000,1.000,0.000), vel=(0.000,-0.082,0.000)) probe(trace_dist=0.0508, hit=False, normal_y=None, fraction=None) post(grounded=True, vel=(0.000,0.000,0.000), horiz_speed=0.000, pos=(-23.800,-0.069,0.111))
[movedbg #2582] pre(grounded=False, jumping=False, normal=(0.000,1.000,0.000), vel=(0.000,0.000,0.000)) probe(trace_dist=0.0508, hit=False, normal_y=None, fraction=None) post(grounded=False, vel=(0.000,-0.082,0.000), horiz_speed=0.000, pos=(-23.800,-0.070,0.111))
[movedbg #2583] pre(grounded=False, jumping=False, normal=(0.000,1.000,0.000), vel=(0.000,-0.082,0.000)) probe(trace_dist=0.0508, hit=False, normal_y=None, fraction=None) post(grounded=True, vel=(0.000,0.000,0.000), horiz_speed=0.000, pos=(-23.800,-0.070,0.111))
[movedbg #2584] pre(grounded=False, jumping=False, normal=(0.000,1.000,0.000), vel=(0.000,0.000,0.000)) probe(trace_dist=0.0508, hit=False, normal_y=None, fraction=None) post(grounded=False, vel=(0.000,-0.082,0.000), horiz_speed=0.000, pos=(-23.800,-0.071,0.111))
[movedbg #2585] pre(grounded=False, jumping=False, normal=(0.000,1.000,0.000), vel=(0.000,-0.082,0.000)) probe(trace_dist=0.0508, hit=False, normal_y=None, fraction=None) post(grounded=True, vel=(0.000,0.000,0.000), horiz_speed=0.000, pos=(-23.800,-0.070,0.111))
[movedbg #2586] pre(grounded=False, jumping=False, normal=(0.000,1.000,0.000), vel=(0.000,0.000,0.000)) probe(trace_dist=0.0508, hit=False, normal_y=None, fraction=None) post(grounded=False, vel=(0.000,-0.082,0.000), horiz_speed=0.000, pos=(-23.800,-0.070,0.111))
[movedbg #2587] pre(grounded=False, jumping=False, normal=(0.000,1.000,0.000), vel=(0.000,-0.082,0.000)) probe(trace_dist=0.0508, hit=False, normal_y=None, fraction=None) post(grounded=True, vel=(0.000,0.000,0.000), horiz_speed=0.000, pos=(-23.801,-0.069,0.111))
[movedbg #2588] pre(grounded=False, jumping=False, normal=(0.000,1.000,0.000), vel=(0.000,0.000,0.000)) probe(trace_dist=0.0508, hit=False, normal_y=None, fraction=None) post(grounded=False, vel=(0.000,-0.082,0.000), horiz_speed=0.000, pos=(-23.801,-0.070,0.111))
[movedbg #2589] pre(grounded=False, jumping=False, normal=(0.000,1.000,0.000), vel=(0.000,-0.082,0.000)) probe(trace_dist=0.0508, hit=False, normal_y=None, fraction=None) post(grounded=True, vel=(0.000,0.000,0.000), horiz_speed=0.000, pos=(-23.801,-0.070,0.111))
[movedbg #2590] pre(grounded=False, jumping=False, normal=(0.000,1.000,0.000), vel=(0.000,0.000,0.000)) probe(trace_dist=0.0508, hit=False, normal_y=None, fraction=None) post(grounded=False, vel=(0.000,-0.082,0.000), horiz_speed=0.000, pos=(-23.801,-0.071,0.111))
[movedbg #2591] pre(grounded=False, jumping=False, normal=(0.000,1.000,0.000), vel=(0.000,-0.082,0.000)) probe(trace_dist=0.0508, hit=False, normal_y=None, fraction=None) post(grounded=True, vel=(0.000,0.000,0.000), horiz_speed=0.000, pos=(-23.801,-0.070,0.111))
[movedbg #2592] pre(grounded=False, jumping=False, normal=(0.000,1.000,0.000), vel=(0.000,0.000,0.000)) probe(trace_dist=0.0508, hit=False, normal_y=None, fraction=None) post(grounded=False, vel=(0.000,-0.082,0.000), horiz_speed=0.000, pos=(-23.801,-0.071,0.111))
[movedbg #2593] pre(grounded=False, jumping=False, normal=(0.000,1.000,0.000), vel=(0.000,-0.082,0.000)) probe(trace_dist=0.0508, hit=False, normal_y=None, fraction=None) post(grounded=True, vel=(0.000,0.000,0.000), horiz_speed=0.000, pos=(-23.802,-0.070,0.111))
[movedbg #2594] pre(grounded=False, jumping=False, normal=(0.000,1.000,0.000), vel=(0.000,0.000,0.000)) probe(trace_dist=0.0508, hit=False, normal_y=None, fraction=None) post(grounded=False, vel=(0.000,-0.082,0.000), horiz_speed=0.000, pos=(-23.802,-0.070,0.111))
[movedbg #2595] pre(grounded=False, jumping=False, normal=(0.000,1.000,0.000), vel=(0.000,-0.082,0.000)) probe(trace_dist=0.0508, hit=False, normal_y=None, fraction=None) post(grounded=True, vel=(0.000,0.000,0.000), horiz_speed=0.000, pos=(-23.802,-0.071,0.111))
[movedbg #2596] pre(grounded=False, jumping=False, normal=(0.000,1.000,0.000), vel=(0.000,0.000,0.000)) probe(trace_dist=0.0508, hit=False, normal_y=None, fraction=None) post(grounded=False, vel=(0.000,-0.082,0.000), horiz_speed=0.000, pos=(-23.802,-0.071,0.111))
[movedbg #2597] pre(grounded=False, jumping=False, normal=(0.000,1.000,0.000), vel=(0.000,-0.082,0.000)) probe(trace_dist=0.0508, hit=False, normal_y=None, fraction=None) post(grounded=True, vel=(0.000,0.000,0.000), horiz_speed=0.000, pos=(-23.803,-0.070,0.111))
[movedbg #2598] pre(grounded=False, jumping=False, normal=(0.000,1.000,0.000), vel=(0.000,0.000,0.000)) probe(trace_dist=0.0508, hit=False, normal_y=None, fraction=None) post(grounded=False, vel=(0.000,-0.082,0.000), horiz_speed=0.000, pos=(-23.803,-0.071,0.111))
[movedbg #2599] pre(grounded=False, jumping=False, normal=(0.000,1.000,0.000), vel=(0.000,-0.082,0.000)) probe(trace_dist=0.0508, hit=False, normal_y=None, fraction=None) post(grounded=True, vel=(0.000,0.000,0.000), horiz_speed=0.000, pos=(-23.803,-0.070,0.111))
[movedbg #2600] pre(grounded=False, jumping=False, normal=(0.000,1.000,0.000), vel=(0.000,0.000,0.000)) probe(trace_dist=0.0508, hit=False, normal_y=None, fraction=None) post(grounded=False, vel=(0.000,-0.082,0.000), horiz_speed=0.000, pos=(-23.803,-0.071,0.111))
[movedbg #2601] pre(grounded=False, jumping=False, normal=(0.000,1.000,0.000), vel=(0.000,-0.082,0.000)) probe(trace_dist=0.0508, hit=False, normal_y=None, fraction=None) post(grounded=True, vel=(0.000,0.000,0.000), horiz_speed=0.000, pos=(-23.803,-0.071,0.111))
[movedbg #2602] pre(grounded=False, jumping=False, normal=(0.000,1.000,0.000), vel=(0.000,0.000,0.000)) probe(trace_dist=0.0508, hit=False, normal_y=None, fraction=None) post(grounded=False, vel=(0.000,-0.082,0.000), horiz_speed=0.000, pos=(-23.803,-0.072,0.111))
[movedbg #2603] pre(grounded=False, jumping=False, normal=(0.000,1.000,0.000), vel=(0.000,-0.082,0.000)) probe(trace_dist=0.0508, hit=False, normal_y=None, fraction=None) post(grounded=True, vel=(0.000,0.000,0.000), horiz_speed=0.000, pos=(-23.804,-0.071,0.111))
[movedbg #2604] pre(grounded=False, jumping=False, normal=(0.000,1.000,0.000), vel=(0.000,0.000,0.000)) probe(trace_dist=0.0508, hit=False, normal_y=None, fraction=None) post(grounded=False, vel=(0.000,-0.082,0.000), horiz_speed=0.000, pos=(-23.804,-0.072,0.111))
[movedbg #2605] pre(grounded=False, jumping=False, normal=(0.000,1.000,0.000), vel=(0.000,-0.082,0.000)) probe(trace_dist=0.0508, hit=False, normal_y=None, fraction=None) post(grounded=True, vel=(0.000,0.000,0.000), horiz_speed=0.000, pos=(-23.804,-0.071,0.111))
[movedbg #2606] pre(grounded=False, jumping=False, normal=(0.000,1.000,0.000), vel=(0.000,0.000,0.000)) probe(trace_dist=0.0508, hit=False, normal_y=None, fraction=None) post(grounded=False, vel=(0.000,-0.082,0.000), horiz_speed=0.000, pos=(-23.804,-0.071,0.111))
[movedbg #2607] pre(grounded=False, jumping=False, normal=(0.000,1.000,0.000), vel=(0.000,-0.082,0.000)) probe(trace_dist=0.0508, hit=False, normal_y=None, fraction=None) post(grounded=True, vel=(0.000,0.000,0.000), horiz_speed=0.000, pos=(-23.804,-0.072,0.111))
[movedbg #2608] pre(grounded=False, jumping=False, normal=(0.000,1.000,0.000), vel=(0.000,0.000,0.000)) probe(trace_dist=0.0508, hit=False, normal_y=None, fraction=None) post(grounded=False, vel=(0.000,-0.082,0.000), horiz_speed=0.000, pos=(-23.804,-0.072,0.111))
[movedbg #2609] pre(grounded=False, jumping=False, normal=(0.000,1.000,0.000), vel=(0.000,-0.082,0.000)) probe(trace_dist=0.0508, hit=False, normal_y=None, fraction=None) post(grounded=True, vel=(0.000,0.000,0.000), horiz_speed=0.000, pos=(-23.805,-0.071,0.111))
[movedbg #2610] pre(grounded=False, jumping=False, normal=(0.000,1.000,0.000), vel=(0.000,0.000,0.000)) probe(trace_dist=0.0508, hit=False, normal_y=None, fraction=None) post(grounded=False, vel=(0.000,-0.082,0.000), horiz_speed=0.000, pos=(-23.805,-0.072,0.111))
[movedbg #2611] pre(grounded=False, jumping=False, normal=(0.000,1.000,0.000), vel=(0.000,-0.082,0.000)) probe(trace_dist=0.0508, hit=False, normal_y=None, fraction=None) post(grounded=True, vel=(0.000,0.000,0.000), horiz_speed=0.000, pos=(-23.805,-0.071,0.111))
[movedbg #2612] pre(grounded=False, jumping=False, normal=(0.000,1.000,0.000), vel=(0.000,0.000,0.000)) probe(trace_dist=0.0508, hit=False, normal_y=None, fraction=None) post(grounded=False, vel=(0.000,-0.082,0.000), horiz_speed=0.000, pos=(-23.805,-0.072,0.111))
[movedbg #2613] pre(grounded=False, jumping=False, normal=(0.000,1.000,0.000), vel=(0.000,-0.082,0.000)) probe(trace_dist=0.0508, hit=False, normal_y=None, fraction=None) post(grounded=True, vel=(0.000,0.000,0.000), horiz_speed=0.000, pos=(-23.806,-0.072,0.111))
[movedbg #2614] pre(grounded=False, jumping=False, normal=(0.000,1.000,0.000), vel=(0.000,0.000,0.000)) probe(trace_dist=0.0508, hit=False, normal_y=None, fraction=None) post(grounded=False, vel=(0.000,-0.082,0.000), horiz_speed=0.000, pos=(-23.806,-0.073,0.111))
[movedbg #2615] pre(grounded=False, jumping=False, normal=(0.000,1.000,0.000), vel=(0.000,-0.082,0.000)) probe(trace_dist=0.0508, hit=False, normal_y=None, fraction=None) post(grounded=True, vel=(0.000,0.000,0.000), horiz_speed=0.000, pos=(-23.806,-0.072,0.111))
[movedbg #2616] pre(grounded=False, jumping=False, normal=(0.000,1.000,0.000), vel=(0.000,0.000,0.000)) probe(trace_dist=0.0508, hit=False, normal_y=None, fraction=None) post(grounded=False, vel=(0.000,-0.082,0.000), horiz_speed=0.000, pos=(-23.806,-0.072,0.111))
[movedbg #2617] pre(grounded=False, jumping=False, normal=(0.000,1.000,0.000), vel=(0.000,-0.082,0.000)) probe(trace_dist=0.0508, hit=False, normal_y=None, fraction=None) post(grounded=True, vel=(0.000,0.000,0.000), horiz_speed=0.000, pos=(-23.806,-0.072,0.111))
[movedbg #2618] pre(grounded=False, jumping=False, normal=(0.000,1.000,0.000), vel=(0.000,0.000,0.000)) probe(trace_dist=0.0508, hit=False, normal_y=None, fraction=None) post(grounded=False, vel=(0.000,-0.082,0.000), horiz_speed=0.000, pos=(-23.806,-0.072,0.111))
[movedbg #2619] pre(grounded=False, jumping=False, normal=(0.000,1.000,0.000), vel=(0.000,-0.082,0.000)) probe(trace_dist=0.0508, hit=False, normal_y=None, fraction=None) post(grounded=True, vel=(0.000,0.000,0.000), horiz_speed=0.000, pos=(-23.807,-0.072,0.111))
[movedbg #2620] pre(grounded=False, jumping=False, normal=(0.000,1.000,0.000), vel=(0.000,0.000,0.000)) probe(trace_dist=0.0508, hit=False, normal_y=None, fraction=None) post(grounded=False, vel=(0.000,-0.082,0.000), horiz_speed=0.000, pos=(-23.807,-0.073,0.111))
[movedbg #2621] pre(grounded=False, jumping=False, normal=(0.000,1.000,0.000), vel=(0.000,-0.082,0.000)) probe(trace_dist=0.0508, hit=False, normal_y=None, fraction=None) post(grounded=True, vel=(0.000,0.000,0.000), horiz_speed=0.000, pos=(-23.807,-0.072,0.111))
[movedbg #2622] pre(grounded=False, jumping=False, normal=(0.000,1.000,0.000), vel=(0.000,0.000,0.000)) probe(trace_dist=0.0508, hit=False, normal_y=None, fraction=None) post(grounded=False, vel=(0.000,-0.082,0.000), horiz_speed=0.000, pos=(-23.807,-0.073,0.111))
[movedbg #2623] pre(grounded=False, jumping=False, normal=(0.000,1.000,0.000), vel=(0.000,-0.082,0.000)) probe(trace_dist=0.0508, hit=False, normal_y=None, fraction=None) post(grounded=True, vel=(0.000,0.000,0.000), horiz_speed=0.000, pos=(-23.807,-0.072,0.111))
[movedbg #2624] pre(grounded=False, jumping=False, normal=(0.000,1.000,0.000), vel=(0.000,0.000,0.000)) probe(trace_dist=0.0508, hit=False, normal_y=None, fraction=None) post(grounded=False, vel=(0.000,-0.082,0.000), horiz_speed=0.000, pos=(-23.807,-0.073,0.111))
[movedbg #2625] pre(grounded=False, jumping=False, normal=(0.000,1.000,0.000), vel=(0.000,-0.082,0.000)) probe(trace_dist=0.0508, hit=False, normal_y=None, fraction=None) post(grounded=True, vel=(0.000,0.000,0.000), horiz_speed=0.000, pos=(-23.808,-0.073,0.111))
[movedbg #2626] pre(grounded=False, jumping=False, normal=(0.000,1.000,0.000), vel=(0.000,0.000,0.000)) probe(trace_dist=0.0508, hit=False, normal_y=None, fraction=None) post(grounded=False, vel=(0.000,-0.082,0.000), horiz_speed=0.000, pos=(-23.808,-0.074,0.111))
[movedbg #2627] pre(grounded=False, jumping=False, normal=(0.000,1.000,0.000), vel=(0.000,-0.082,0.000)) probe(trace_dist=0.0508, hit=False, normal_y=None, fraction=None) post(grounded=True, vel=(0.000,0.000,0.000), horiz_speed=0.000, pos=(-23.808,-0.073,0.111))
[movedbg #2628] pre(grounded=False, jumping=False, normal=(0.000,1.000,0.000), vel=(0.000,0.000,0.000)) probe(trace_dist=0.0508, hit=False, normal_y=None, fraction=None) post(grounded=False, vel=(0.000,-0.082,0.000), horiz_speed=0.000, pos=(-23.808,-0.073,0.111))
[movedbg #2629] pre(grounded=False, jumping=False, normal=(0.000,1.000,0.000), vel=(0.000,-0.082,0.000)) probe(trace_dist=0.0508, hit=False, normal_y=None, fraction=None) post(grounded=True, vel=(0.000,0.000,0.000), horiz_speed=0.000, pos=(-23.808,-0.072,0.111))
[movedbg #2630] pre(grounded=False, jumping=False, normal=(0.000,1.000,0.000), vel=(0.000,0.000,0.000)) probe(trace_dist=0.0508, hit=False, normal_y=None, fraction=None) post(grounded=False, vel=(0.000,-0.082,0.000), horiz_speed=0.000, pos=(-23.808,-0.073,0.111))
[movedbg #2631] pre(grounded=False, jumping=False, normal=(0.000,1.000,0.000), vel=(0.000,-0.082,0.000)) probe(trace_dist=0.0508, hit=False, normal_y=None, fraction=None) post(grounded=True, vel=(0.000,0.000,0.000), horiz_speed=0.000, pos=(-23.809,-0.073,0.111))
[movedbg #2632] pre(grounded=False, jumping=False, normal=(0.000,1.000,0.000), vel=(0.000,0.000,0.000)) probe(trace_dist=0.0508, hit=False, normal_y=None, fraction=None) post(grounded=False, vel=(0.000,-0.082,0.000), horiz_speed=0.000, pos=(-23.809,-0.074,0.111))
[movedbg #2633] pre(grounded=False, jumping=False, normal=(0.000,1.000,0.000), vel=(0.000,-0.082,0.000)) probe(trace_dist=0.0508, hit=False, normal_y=None, fraction=None) post(grounded=True, vel=(0.000,0.000,0.000), horiz_speed=0.000, pos=(-23.809,-0.073,0.111))
[movedbg #2634] pre(grounded=False, jumping=False, normal=(0.000,1.000,0.000), vel=(0.000,0.000,0.000)) probe(trace_dist=0.0508, hit=False, normal_y=None, fraction=None) post(grounded=False, vel=(0.000,-0.082,0.000), horiz_speed=0.000, pos=(-23.809,-0.074,0.111))
[movedbg #2635] pre(grounded=False, jumping=False, normal=(0.000,1.000,0.000), vel=(0.000,-0.082,0.000)) probe(trace_dist=0.0508, hit=False, normal_y=None, fraction=None) post(grounded=True, vel=(0.000,0.000,0.000), horiz_speed=0.000, pos=(-23.810,-0.073,0.111))
[movedbg #2636] pre(grounded=False, jumping=False, normal=(0.000,1.000,0.000), vel=(0.000,0.000,0.000)) probe(trace_dist=0.0508, hit=False, normal_y=None, fraction=None) post(grounded=False, vel=(0.000,-0.082,0.000), horiz_speed=0.000, pos=(-23.810,-0.074,0.111))
[movedbg #2637] pre(grounded=False, jumping=False, normal=(0.000,1.000,0.000), vel=(0.000,-0.082,0.000)) probe(trace_dist=0.0508, hit=False, normal_y=None, fraction=None) post(grounded=True, vel=(0.000,0.000,0.000), horiz_speed=0.000, pos=(-23.810,-0.074,0.111))
[movedbg #2638] pre(grounded=False, jumping=False, normal=(0.000,1.000,0.000), vel=(0.000,0.000,0.000)) probe(trace_dist=0.0508, hit=False, normal_y=None, fraction=None) post(grounded=False, vel=(0.000,-0.082,0.000), horiz_speed=0.000, pos=(-23.810,-0.074,0.111))
[movedbg #2639] pre(grounded=False, jumping=False, normal=(0.000,1.000,0.000), vel=(0.000,-0.082,0.000)) probe(trace_dist=0.0508, hit=False, normal_y=None, fraction=None) post(grounded=True, vel=(0.000,0.000,0.000), horiz_speed=0.000, pos=(-23.810,-0.074,0.111))
[movedbg #2640] pre(grounded=False, jumping=False, normal=(0.000,1.000,0.000), vel=(0.000,0.000,0.000)) probe(trace_dist=0.0508, hit=False, normal_y=None, fraction=None) post(grounded=False, vel=(0.000,-0.082,0.000), horiz_speed=0.000, pos=(-23.810,-0.074,0.111))
[movedbg #2641] pre(grounded=False, jumping=False, normal=(0.000,1.000,0.000), vel=(0.000,-0.082,0.000)) probe(trace_dist=0.0508, hit=False, normal_y=None, fraction=None) post(grounded=True, vel=(0.000,0.000,0.000), horiz_speed=0.000, pos=(-23.811,-0.073,0.111))
[movedbg #2642] pre(grounded=False, jumping=False, normal=(0.000,1.000,0.000), vel=(0.000,0.000,0.000)) probe(trace_dist=0.0508, hit=False, normal_y=None, fraction=None) post(grounded=False, vel=(0.000,-0.082,0.000), horiz_speed=0.000, pos=(-23.811,-0.074,0.111))
[movedbg #2643] pre(grounded=False, jumping=False, normal=(0.000,1.000,0.000), vel=(0.000,-0.082,0.000)) probe(trace_dist=0.0508, hit=False, normal_y=None, fraction=None) post(grounded=True, vel=(0.000,0.000,0.000), horiz_speed=0.000, pos=(-23.811,-0.074,0.111))
[movedbg #2644] pre(grounded=False, jumping=False, normal=(0.000,1.000,0.000), vel=(0.000,0.000,0.000)) probe(trace_dist=0.0508, hit=False, normal_y=None, fraction=None) post(grounded=False, vel=(0.000,-0.082,0.000), horiz_speed=0.000, pos=(-23.811,-0.075,0.111))
[movedbg #2645] pre(grounded=False, jumping=False, normal=(0.000,1.000,0.000), vel=(0.000,-0.082,0.000)) probe(trace_dist=0.0508, hit=False, normal_y=None, fraction=None) post(grounded=True, vel=(0.000,0.000,0.000), horiz_speed=0.000, pos=(-23.811,-0.074,0.111))
[movedbg #2646] pre(grounded=False, jumping=False, normal=(0.000,1.000,0.000), vel=(0.000,0.000,0.000)) probe(trace_dist=0.0508, hit=False, normal_y=None, fraction=None) post(grounded=False, vel=(0.000,-0.082,0.000), horiz_speed=0.000, pos=(-23.811,-0.075,0.111))
[movedbg #2647] pre(grounded=False, jumping=False, normal=(0.000,1.000,0.000), vel=(0.000,-0.082,0.000)) probe(trace_dist=0.0508, hit=False, normal_y=None, fraction=None) post(grounded=True, vel=(0.000,0.000,0.000), horiz_speed=0.000, pos=(-23.812,-0.074,0.111))
[movedbg #2648] pre(grounded=False, jumping=False, normal=(0.000,1.000,0.000), vel=(0.000,0.000,0.000)) probe(trace_dist=0.0508, hit=False, normal_y=None, fraction=None) post(grounded=False, vel=(0.000,-0.082,0.000), horiz_speed=0.000, pos=(-23.812,-0.074,0.111))
[movedbg #2649] pre(grounded=False, jumping=False, normal=(0.000,1.000,0.000), vel=(0.000,-0.082,0.000)) probe(trace_dist=0.0508, hit=False, normal_y=None, fraction=None) post(grounded=True, vel=(0.000,0.000,0.000), horiz_speed=0.000, pos=(-23.812,-0.075,0.111))
[movedbg #2650] pre(grounded=False, jumping=False, normal=(0.000,1.000,0.000), vel=(0.000,0.000,0.000)) probe(trace_dist=0.0508, hit=False, normal_y=None, fraction=None) post(grounded=False, vel=(0.000,-0.082,0.000), horiz_speed=0.000, pos=(-23.812,-0.075,0.111))
[movedbg #2651] pre(grounded=False, jumping=False, normal=(0.000,1.000,0.000), vel=(0.000,-0.082,0.000)) probe(trace_dist=0.0508, hit=False, normal_y=None, fraction=None) post(grounded=True, vel=(0.000,0.000,0.000), horiz_speed=0.000, pos=(-23.813,-0.074,0.111))
[movedbg #2652] pre(grounded=False, jumping=False, normal=(0.000,1.000,0.000), vel=(0.000,0.000,0.000)) probe(trace_dist=0.0508, hit=False, normal_y=None, fraction=None) post(grounded=False, vel=(0.000,-0.082,0.000), horiz_speed=0.000, pos=(-23.813,-0.075,0.111))
[movedbg #2653] pre(grounded=False, jumping=False, normal=(0.000,1.000,0.000), vel=(0.000,-0.082,0.000)) probe(trace_dist=0.0508, hit=False, normal_y=None, fraction=None) post(grounded=True, vel=(0.000,0.000,0.000), horiz_speed=0.000, pos=(-23.813,-0.074,0.111))
[movedbg #2654] pre(grounded=False, jumping=False, normal=(0.000,1.000,0.000), vel=(0.000,0.000,0.000)) probe(trace_dist=0.0508, hit=False, normal_y=None, fraction=None) post(grounded=False, vel=(0.000,-0.082,0.000), horiz_speed=0.000, pos=(-23.813,-0.075,0.111))
[movedbg #2655] pre(grounded=False, jumping=False, normal=(0.000,1.000,0.000), vel=(0.000,-0.082,0.000)) probe(trace_dist=0.0508, hit=False, normal_y=None, fraction=None) post(grounded=True, vel=(0.000,0.000,0.000), horiz_speed=0.000, pos=(-23.813,-0.075,0.111))
[movedbg #2656] pre(grounded=False, jumping=False, normal=(0.000,1.000,0.000), vel=(0.000,0.000,0.000)) probe(trace_dist=0.0508, hit=False, normal_y=None, fraction=None) post(grounded=False, vel=(0.000,-0.082,0.000), horiz_speed=0.000, pos=(-23.813,-0.076,0.111))
[movedbg #2657] pre(grounded=False, jumping=False, normal=(0.000,1.000,0.000), vel=(0.000,-0.082,0.000)) probe(trace_dist=0.0508, hit=False, normal_y=None, fraction=None) post(grounded=True, vel=(0.000,0.000,0.000), horiz_speed=0.000, pos=(-23.814,-0.075,0.111))
[movedbg #2658] pre(grounded=False, jumping=False, normal=(0.000,1.000,0.000), vel=(0.000,0.000,0.000)) probe(trace_dist=0.0508, hit=False, normal_y=None, fraction=None) post(grounded=False, vel=(0.000,-0.082,0.000), horiz_speed=0.000, pos=(-23.814,-0.076,0.111))
[movedbg #2659] pre(grounded=False, jumping=False, normal=(0.000,1.000,0.000), vel=(0.000,-0.082,0.000)) probe(trace_dist=0.0508, hit=False, normal_y=None, fraction=None) post(grounded=True, vel=(0.000,0.000,0.000), horiz_speed=0.000, pos=(-23.814,-0.075,0.111))
[movedbg #2660] pre(grounded=False, jumping=False, normal=(0.000,1.000,0.000), vel=(0.000,0.000,0.000)) probe(trace_dist=0.0508, hit=False, normal_y=None, fraction=None) post(grounded=False, vel=(0.000,-0.082,0.000), horiz_speed=0.000, pos=(-23.814,-0.075,0.111))
[movedbg #2661] pre(grounded=False, jumping=False, normal=(0.000,1.000,0.000), vel=(0.000,-0.082,0.000)) probe(trace_dist=0.0508, hit=False, normal_y=None, fraction=None) post(grounded=True, vel=(0.000,0.000,0.000), horiz_speed=0.000, pos=(-23.814,-0.076,0.111))
[movedbg #2662] pre(grounded=False, jumping=False, normal=(0.000,1.000,0.000), vel=(0.000,0.000,0.000)) probe(trace_dist=0.0508, hit=False, normal_y=None, fraction=None) post(grounded=False, vel=(0.000,-0.082,0.000), horiz_speed=0.000, pos=(-23.814,-0.076,0.111))
[movedbg #2663] pre(grounded=False, jumping=False, normal=(0.000,1.000,0.000), vel=(0.000,-0.082,0.000)) probe(trace_dist=0.0508, hit=False, normal_y=None, fraction=None) post(grounded=True, vel=(0.000,0.000,0.000), horiz_speed=0.000, pos=(-23.815,-0.075,0.111))
[movedbg #2664] pre(grounded=False, jumping=False, normal=(0.000,1.000,0.000), vel=(0.000,0.000,0.000)) probe(trace_dist=0.0508, hit=False, normal_y=None, fraction=None) post(grounded=False, vel=(0.000,-0.082,0.000), horiz_speed=0.000, pos=(-23.815,-0.076,0.111))
[movedbg #2665] pre(grounded=False, jumping=False, normal=(0.000,1.000,0.000), vel=(0.000,-0.082,0.000)) probe(trace_dist=0.0508, hit=False, normal_y=None, fraction=None) post(grounded=True, vel=(0.000,0.000,0.000), horiz_speed=0.000, pos=(-23.815,-0.075,0.111))
[movedbg #2666] pre(grounded=False, jumping=False, normal=(0.000,1.000,0.000), vel=(0.000,0.000,0.000)) probe(trace_dist=0.0508, hit=False, normal_y=None, fraction=None) post(grounded=False, vel=(0.000,-0.082,0.000), horiz_speed=0.000, pos=(-23.815,-0.076,0.111))
[movedbg #2667] pre(grounded=False, jumping=False, normal=(0.000,1.000,0.000), vel=(0.000,-0.082,0.000)) probe(trace_dist=0.0508, hit=False, normal_y=None, fraction=None) post(grounded=True, vel=(0.000,0.000,0.000), horiz_speed=0.000, pos=(-23.816,-0.076,0.111))
[movedbg #2668] pre(grounded=False, jumping=False, normal=(0.000,1.000,0.000), vel=(0.000,0.000,0.000)) probe(trace_dist=0.0508, hit=False, normal_y=None, fraction=None) post(grounded=False, vel=(0.000,-0.082,0.000), horiz_speed=0.000, pos=(-23.816,-0.077,0.111))
[movedbg #2669] pre(grounded=False, jumping=False, normal=(0.000,1.000,0.000), vel=(0.000,-0.082,0.000)) probe(trace_dist=0.0508, hit=False, normal_y=None, fraction=None) post(grounded=True, vel=(0.000,0.000,0.000), horiz_speed=0.000, pos=(-23.816,-0.076,0.111))
[movedbg #2670] pre(grounded=False, jumping=False, normal=(0.000,1.000,0.000), vel=(0.000,0.000,0.000)) probe(trace_dist=0.0508, hit=False, normal_y=None, fraction=None) post(grounded=False, vel=(0.000,-0.082,0.000), horiz_speed=0.000, pos=(-23.816,-0.076,0.111))
[movedbg #2671] pre(grounded=False, jumping=False, normal=(0.000,1.000,0.000), vel=(0.000,-0.082,0.000)) probe(trace_dist=0.0508, hit=False, normal_y=None, fraction=None) post(grounded=True, vel=(0.000,0.000,0.000), horiz_speed=0.000, pos=(-23.816,-0.076,0.111))
[movedbg #2672] pre(grounded=False, jumping=False, normal=(0.000,1.000,0.000), vel=(0.000,0.000,0.000)) probe(trace_dist=0.0508, hit=False, normal_y=None, fraction=None) post(grounded=False, vel=(0.000,-0.082,0.000), horiz_speed=0.000, pos=(-23.816,-0.076,0.111))
[movedbg #2673] pre(grounded=False, jumping=False, normal=(0.000,1.000,0.000), vel=(0.000,-0.082,0.000)) probe(trace_dist=0.0508, hit=False, normal_y=None, fraction=None) post(grounded=True, vel=(0.000,0.000,0.000), horiz_speed=0.000, pos=(-23.817,-0.076,0.111))
[movedbg #2674] pre(grounded=False, jumping=False, normal=(0.000,1.000,0.000), vel=(0.000,0.000,0.000)) probe(trace_dist=0.0508, hit=False, normal_y=None, fraction=None) post(grounded=False, vel=(0.000,-0.082,0.000), horiz_speed=0.000, pos=(-23.817,-0.077,0.111))
[movedbg #2675] pre(grounded=False, jumping=False, normal=(0.000,1.000,0.000), vel=(0.000,-0.082,0.000)) probe(trace_dist=0.0508, hit=False, normal_y=None, fraction=None) post(grounded=True, vel=(0.000,0.000,0.000), horiz_speed=0.000, pos=(-23.817,-0.076,0.111))
[movedbg #2676] pre(grounded=False, jumping=False, normal=(0.000,1.000,0.000), vel=(0.000,0.000,0.000)) probe(trace_dist=0.0508, hit=False, normal_y=None, fraction=None) post(grounded=False, vel=(0.000,-0.082,0.000), horiz_speed=0.000, pos=(-23.817,-0.077,0.111))
[movedbg #2677] pre(grounded=False, jumping=False, normal=(0.000,1.000,0.000), vel=(0.000,-0.082,0.000)) probe(trace_dist=0.0508, hit=False, normal_y=None, fraction=None) post(grounded=True, vel=(0.000,0.000,0.000), horiz_speed=0.000, pos=(-23.817,-0.076,0.111))
[movedbg #2678] pre(grounded=False, jumping=False, normal=(0.000,1.000,0.000), vel=(0.000,0.000,0.000)) probe(trace_dist=0.0508, hit=False, normal_y=None, fraction=None) post(grounded=False, vel=(0.000,-0.082,0.000), horiz_speed=0.000, pos=(-23.817,-0.077,0.111))
[movedbg #2679] pre(grounded=False, jumping=False, normal=(0.000,1.000,0.000), vel=(0.000,-0.082,0.000)) probe(trace_dist=0.0508, hit=False, normal_y=None, fraction=None) post(grounded=True, vel=(0.000,0.000,0.000), horiz_speed=0.000, pos=(-23.818,-0.077,0.111))
[movedbg #2680] pre(grounded=False, jumping=False, normal=(0.000,1.000,0.000), vel=(0.000,0.000,0.000)) probe(trace_dist=0.0508, hit=False, normal_y=None, fraction=None) post(grounded=False, vel=(0.000,-0.082,0.000), horiz_speed=0.000, pos=(-23.818,-0.078,0.111))
[movedbg #2681] pre(grounded=False, jumping=False, normal=(0.000,1.000,0.000), vel=(0.000,-0.082,0.000)) probe(trace_dist=0.0508, hit=False, normal_y=None, fraction=None) post(grounded=True, vel=(0.000,0.000,0.000), horiz_speed=0.000, pos=(-23.818,-0.077,0.111))
[movedbg #2682] pre(grounded=False, jumping=False, normal=(0.000,1.000,0.000), vel=(0.000,0.000,0.000)) probe(trace_dist=0.0508, hit=False, normal_y=None, fraction=None) post(grounded=False, vel=(0.000,-0.082,0.000), horiz_speed=0.000, pos=(-23.818,-0.077,0.111))
[movedbg #2683] pre(grounded=False, jumping=False, normal=(0.000,1.000,0.000), vel=(0.000,-0.082,0.000)) probe(trace_dist=0.0508, hit=False, normal_y=None, fraction=None) post(grounded=True, vel=(0.000,0.000,0.000), horiz_speed=0.000, pos=(-23.818,-0.076,0.111))
[movedbg #2684] pre(grounded=False, jumping=False, normal=(0.000,1.000,0.000), vel=(0.000,0.000,0.000)) probe(trace_dist=0.0508, hit=False, normal_y=None, fraction=None) post(grounded=False, vel=(0.000,-0.082,0.000), horiz_speed=0.000, pos=(-23.818,-0.077,0.111))
[movedbg #2685] pre(grounded=False, jumping=False, normal=(0.000,1.000,0.000), vel=(0.000,-0.082,0.000)) probe(trace_dist=0.0508, hit=False, normal_y=None, fraction=None) post(grounded=True, vel=(0.000,0.000,0.000), horiz_speed=0.000, pos=(-23.819,-0.077,0.111))
[movedbg #2686] pre(grounded=False, jumping=False, normal=(0.000,1.000,0.000), vel=(0.000,0.000,0.000)) probe(trace_dist=0.0508, hit=False, normal_y=None, fraction=None) post(grounded=False, vel=(0.000,-0.082,0.000), horiz_speed=0.000, pos=(-23.819,-0.078,0.111))
[movedbg #2687] pre(grounded=False, jumping=False, normal=(0.000,1.000,0.000), vel=(0.000,-0.082,0.000)) probe(trace_dist=0.0508, hit=False, normal_y=None, fraction=None) post(grounded=True, vel=(0.000,0.000,0.000), horiz_speed=0.000, pos=(-23.819,-0.077,0.111))
[movedbg #2688] pre(grounded=False, jumping=False, normal=(0.000,1.000,0.000), vel=(0.000,0.000,0.000)) probe(trace_dist=0.0508, hit=False, normal_y=None, fraction=None) post(grounded=False, vel=(0.000,-0.082,0.000), horiz_speed=0.000, pos=(-23.819,-0.078,0.111))
[movedbg #2689] pre(grounded=False, jumping=False, normal=(0.000,1.000,0.000), vel=(0.000,-0.082,0.000)) probe(trace_dist=0.0508, hit=False, normal_y=None, fraction=None) post(grounded=True, vel=(0.000,0.000,0.000), horiz_speed=0.000, pos=(-23.820,-0.077,0.111))
[movedbg #2690] pre(grounded=False, jumping=False, normal=(0.000,1.000,0.000), vel=(0.000,0.000,0.000)) probe(trace_dist=0.0508, hit=False, normal_y=None, fraction=None) post(grounded=False, vel=(0.000,-0.082,0.000), horiz_speed=0.000, pos=(-23.820,-0.078,0.111))
[movedbg #2691] pre(grounded=False, jumping=False, normal=(0.000,1.000,0.000), vel=(0.000,-0.082,0.000)) probe(trace_dist=0.0508, hit=False, normal_y=None, fraction=None) post(grounded=True, vel=(0.000,0.000,0.000), horiz_speed=0.000, pos=(-23.820,-0.078,0.111))
[movedbg #2692] pre(grounded=False, jumping=False, normal=(0.000,1.000,0.000), vel=(0.000,0.000,0.000)) probe(trace_dist=0.0508, hit=False, normal_y=None, fraction=None) post(grounded=True, vel=(0.000,0.000,0.000), horiz_speed=0.000, pos=(-23.820,-0.077,0.111))
[movedbg #2693] pre(grounded=False, jumping=False, normal=(0.000,1.000,0.000), vel=(0.000,0.000,0.000)) probe(trace_dist=0.0508, hit=False, normal_y=None, fraction=None) post(grounded=False, vel=(0.000,-0.082,0.000), horiz_speed=0.000, pos=(-23.820,-0.078,0.111))
[movedbg #2694] pre(grounded=False, jumping=False, normal=(0.000,1.000,0.000), vel=(0.000,-0.082,0.000)) probe(trace_dist=0.0508, hit=False, normal_y=None, fraction=None) post(grounded=False, vel=(0.000,-0.164,0.000), horiz_speed=0.000, pos=(-23.820,-0.079,0.111))
[movedbg #2695] pre(grounded=False, jumping=False, normal=(0.000,1.000,0.000), vel=(0.000,-0.164,0.000)) probe(trace_dist=0.0508, hit=False, normal_y=None, fraction=None) post(grounded=True, vel=(0.000,0.000,0.000), horiz_speed=0.000, pos=(-23.821,-0.078,0.111))
[movedbg #2696] pre(grounded=False, jumping=False, normal=(0.000,1.000,0.000), vel=(0.000,0.000,0.000)) probe(trace_dist=0.0508, hit=False, normal_y=None, fraction=None) post(grounded=False, vel=(0.000,-0.082,0.000), horiz_speed=0.000, pos=(-23.821,-0.079,0.111))
[movedbg #2697] pre(grounded=False, jumping=False, normal=(0.000,1.000,0.000), vel=(0.000,-0.082,0.000)) probe(trace_dist=0.0508, hit=False, normal_y=None, fraction=None) post(grounded=True, vel=(0.000,0.000,0.000), horiz_speed=0.000, pos=(-23.821,-0.078,0.111))
[movedbg #2698] pre(grounded=False, jumping=False, normal=(0.000,1.000,0.000), vel=(0.000,0.000,0.000)) probe(trace_dist=0.0508, hit=False, normal_y=None, fraction=None) post(grounded=False, vel=(0.000,-0.082,0.000), horiz_speed=0.000, pos=(-23.821,-0.078,0.111))
[movedbg #2699] pre(grounded=False, jumping=False, normal=(0.000,1.000,0.000), vel=(0.000,-0.082,0.000)) probe(trace_dist=0.0508, hit=False, normal_y=None, fraction=None) post(grounded=True, vel=(0.000,0.000,0.000), horiz_speed=0.000, pos=(-23.821,-0.077,0.111))
[movedbg #2700] pre(grounded=False, jumping=False, normal=(0.000,1.000,0.000), vel=(0.000,0.000,0.000)) probe(trace_dist=0.0508, hit=False, normal_y=None, fraction=None) post(grounded=False, vel=(0.000,-0.082,0.000), horiz_speed=0.000, pos=(-23.821,-0.078,0.111))
[movedbg #2701] pre(grounded=False, jumping=False, normal=(0.000,1.000,0.000), vel=(0.000,-0.082,0.000)) probe(trace_dist=0.0508, hit=False, normal_y=None, fraction=None) post(grounded=True, vel=(0.000,0.000,0.000), horiz_speed=0.000, pos=(-23.822,-0.079,0.111))
[movedbg #2702] pre(grounded=False, jumping=False, normal=(0.000,1.000,0.000), vel=(0.000,0.000,0.000)) probe(trace_dist=0.0508, hit=False, normal_y=None, fraction=None) post(grounded=False, vel=(0.000,-0.082,0.000), horiz_speed=0.000, pos=(-23.822,-0.079,0.111))
[movedbg #2703] pre(grounded=False, jumping=False, normal=(0.000,1.000,0.000), vel=(0.000,-0.082,0.000)) probe(trace_dist=0.0508, hit=False, normal_y=None, fraction=None) post(grounded=True, vel=(0.000,0.000,0.000), horiz_speed=0.000, pos=(-23.822,-0.078,0.111))
[movedbg #2704] pre(grounded=False, jumping=False, normal=(0.000,1.000,0.000), vel=(0.000,0.000,0.000)) probe(trace_dist=0.0508, hit=False, normal_y=None, fraction=None) post(grounded=False, vel=(0.000,-0.082,0.000), horiz_speed=0.000, pos=(-23.822,-0.079,0.111))
[movedbg #2705] pre(grounded=False, jumping=False, normal=(0.000,1.000,0.000), vel=(0.000,-0.082,0.000)) probe(trace_dist=0.0508, hit=False, normal_y=None, fraction=None) post(grounded=True, vel=(0.000,0.000,0.000), horiz_speed=0.000, pos=(-23.823,-0.078,0.111))
[movedbg #2706] pre(grounded=False, jumping=False, normal=(0.000,1.000,0.000), vel=(0.000,0.000,0.000)) probe(trace_dist=0.0508, hit=False, normal_y=None, fraction=None) post(grounded=False, vel=(0.000,-0.082,0.000), horiz_speed=0.000, pos=(-23.823,-0.079,0.111))
[movedbg #2707] pre(grounded=False, jumping=False, normal=(0.000,1.000,0.000), vel=(0.000,-0.082,0.000)) probe(trace_dist=0.0508, hit=False, normal_y=None, fraction=None) post(grounded=True, vel=(0.000,0.000,0.000), horiz_speed=0.000, pos=(-23.823,-0.079,0.111))
[movedbg #2708] pre(grounded=False, jumping=False, normal=(0.000,1.000,0.000), vel=(0.000,0.000,0.000)) probe(trace_dist=0.0508, hit=False, normal_y=None, fraction=None) post(grounded=False, vel=(0.000,-0.082,0.000), horiz_speed=0.000, pos=(-23.823,-0.080,0.111))
[movedbg #2709] pre(grounded=False, jumping=False, normal=(0.000,1.000,0.000), vel=(0.000,-0.082,0.000)) probe(trace_dist=0.0508, hit=False, normal_y=None, fraction=None) post(grounded=True, vel=(0.000,0.000,0.000), horiz_speed=0.000, pos=(-23.823,-0.079,0.111))
[movedbg #2710] pre(grounded=False, jumping=False, normal=(0.000,1.000,0.000), vel=(0.000,0.000,0.000)) probe(trace_dist=0.0508, hit=False, normal_y=None, fraction=None) post(grounded=False, vel=(0.000,-0.082,0.000), horiz_speed=0.000, pos=(-23.823,-0.079,0.111))
[movedbg #2711] pre(grounded=False, jumping=False, normal=(0.000,1.000,0.000), vel=(0.000,-0.082,0.000)) probe(trace_dist=0.0508, hit=False, normal_y=None, fraction=None) post(grounded=True, vel=(0.000,0.000,0.000), horiz_speed=0.000, pos=(-23.824,-0.078,0.111))
[movedbg #2712] pre(grounded=False, jumping=False, normal=(0.000,1.000,0.000), vel=(0.000,0.000,0.000)) probe(trace_dist=0.0508, hit=False, normal_y=None, fraction=None) post(grounded=False, vel=(0.000,-0.082,0.000), horiz_speed=0.000, pos=(-23.824,-0.079,0.111))
[movedbg #2713] pre(grounded=False, jumping=False, normal=(0.000,1.000,0.000), vel=(0.000,-0.082,0.000)) probe(trace_dist=0.0508, hit=False, normal_y=None, fraction=None) post(grounded=True, vel=(0.000,0.000,0.000), horiz_speed=0.000, pos=(-23.824,-0.079,0.111))
[movedbg #2714] pre(grounded=False, jumping=False, normal=(0.000,1.000,0.000), vel=(0.000,0.000,0.000)) probe(trace_dist=0.0508, hit=False, normal_y=None, fraction=None) post(grounded=False, vel=(0.000,-0.082,0.000), horiz_speed=0.000, pos=(-23.824,-0.080,0.111))
[movedbg #2715] pre(grounded=False, jumping=False, normal=(0.000,1.000,0.000), vel=(0.000,-0.082,0.000)) probe(trace_dist=0.0508, hit=False, normal_y=None, fraction=None) post(grounded=True, vel=(0.000,0.000,0.000), horiz_speed=0.000, pos=(-23.824,-0.079,0.111))
[movedbg #2716] pre(grounded=False, jumping=False, normal=(0.000,1.000,0.000), vel=(0.000,0.000,0.000)) probe(trace_dist=0.0508, hit=False, normal_y=None, fraction=None) post(grounded=False, vel=(0.000,-0.082,0.000), horiz_speed=0.000, pos=(-23.824,-0.080,0.111))
[movedbg #2717] pre(grounded=False, jumping=False, normal=(0.000,1.000,0.000), vel=(0.000,-0.082,0.000)) probe(trace_dist=0.0508, hit=False, normal_y=None, fraction=None) post(grounded=True, vel=(0.000,0.000,0.000), horiz_speed=0.000, pos=(-23.825,-0.079,0.111))
[movedbg #2718] pre(grounded=False, jumping=False, normal=(0.000,1.000,0.000), vel=(0.000,0.000,0.000)) probe(trace_dist=0.0508, hit=False, normal_y=None, fraction=None) post(grounded=False, vel=(0.000,-0.082,0.000), horiz_speed=0.000, pos=(-23.825,-0.080,0.111))
[movedbg #2719] pre(grounded=False, jumping=False, normal=(0.000,1.000,0.000), vel=(0.000,-0.082,0.000)) probe(trace_dist=0.0508, hit=False, normal_y=None, fraction=None) post(grounded=True, vel=(0.000,0.000,0.000), horiz_speed=0.000, pos=(-23.825,-0.080,0.111))
[movedbg #2720] pre(grounded=False, jumping=False, normal=(0.000,1.000,0.000), vel=(0.000,0.000,0.000)) probe(trace_dist=0.0508, hit=False, normal_y=None, fraction=None) post(grounded=False, vel=(0.000,-0.082,0.000), horiz_speed=0.000, pos=(-23.825,-0.081,0.111))
[movedbg #2721] pre(grounded=False, jumping=False, normal=(0.000,1.000,0.000), vel=(0.000,-0.082,0.000)) probe(trace_dist=0.0508, hit=False, normal_y=None, fraction=None) post(grounded=True, vel=(0.000,0.000,0.000), horiz_speed=0.000, pos=(-23.825,-0.080,0.111))
[movedbg #2722] pre(grounded=False, jumping=False, normal=(0.000,1.000,0.000), vel=(0.000,0.000,0.000)) probe(trace_dist=0.0508, hit=False, normal_y=None, fraction=None) post(grounded=False, vel=(0.000,-0.082,0.000), horiz_speed=0.000, pos=(-23.825,-0.080,0.111))
[movedbg #2723] pre(grounded=False, jumping=False, normal=(0.000,1.000,0.000), vel=(0.000,-0.082,0.000)) probe(trace_dist=0.0508, hit=False, normal_y=None, fraction=None) post(grounded=True, vel=(0.000,0.000,0.000), horiz_speed=0.000, pos=(-23.826,-0.079,0.111))
[movedbg #2724] pre(grounded=False, jumping=False, normal=(0.000,1.000,0.000), vel=(0.000,0.000,0.000)) probe(trace_dist=0.0508, hit=False, normal_y=None, fraction=None) post(grounded=False, vel=(0.000,-0.082,0.000), horiz_speed=0.000, pos=(-23.826,-0.080,0.111))
[movedbg #2725] pre(grounded=False, jumping=False, normal=(0.000,1.000,0.000), vel=(0.000,-0.082,0.000)) probe(trace_dist=0.0508, hit=False, normal_y=None, fraction=None) post(grounded=True, vel=(0.000,0.000,0.000), horiz_speed=0.000, pos=(-23.826,-0.080,0.111))
[movedbg #2726] pre(grounded=False, jumping=False, normal=(0.000,1.000,0.000), vel=(0.000,0.000,0.000)) probe(trace_dist=0.0508, hit=False, normal_y=None, fraction=None) post(grounded=False, vel=(0.000,-0.082,0.000), horiz_speed=0.000, pos=(-23.826,-0.081,0.111))
[movedbg #2727] pre(grounded=False, jumping=False, normal=(0.000,1.000,0.000), vel=(0.000,-0.082,0.000)) probe(trace_dist=0.0508, hit=False, normal_y=None, fraction=None) post(grounded=True, vel=(0.000,0.000,0.000), horiz_speed=0.000, pos=(-23.827,-0.080,0.111))
[movedbg #2728] pre(grounded=False, jumping=False, normal=(0.000,1.000,0.000), vel=(0.000,0.000,0.000)) probe(trace_dist=0.0508, hit=False, normal_y=None, fraction=None) post(grounded=False, vel=(0.000,-0.082,0.000), horiz_speed=0.000, pos=(-23.827,-0.081,0.111))
[movedbg #2729] pre(grounded=False, jumping=False, normal=(0.000,1.000,0.000), vel=(0.000,-0.082,0.000)) probe(trace_dist=0.0508, hit=False, normal_y=None, fraction=None) post(grounded=True, vel=(0.000,0.000,0.000), horiz_speed=0.000, pos=(-23.827,-0.080,0.111))
[movedbg #2730] pre(grounded=False, jumping=False, normal=(0.000,1.000,0.000), vel=(0.000,0.000,0.000)) probe(trace_dist=0.0508, hit=False, normal_y=None, fraction=None) post(grounded=False, vel=(0.000,-0.082,0.000), horiz_speed=0.000, pos=(-23.827,-0.080,0.111))
[movedbg #2731] pre(grounded=False, jumping=False, normal=(0.000,1.000,0.000), vel=(0.000,-0.082,0.000)) probe(trace_dist=0.0508, hit=False, normal_y=None, fraction=None) post(grounded=True, vel=(0.000,0.000,0.000), horiz_speed=0.000, pos=(-23.827,-0.081,0.111))
[movedbg #2732] pre(grounded=False, jumping=False, normal=(0.000,1.000,0.000), vel=(0.000,0.000,0.000)) probe(trace_dist=0.0508, hit=False, normal_y=None, fraction=None) post(grounded=False, vel=(0.000,-0.082,0.000), horiz_speed=0.000, pos=(-23.827,-0.081,0.111))
[movedbg #2733] pre(grounded=False, jumping=False, normal=(0.000,1.000,0.000), vel=(0.000,-0.082,0.000)) probe(trace_dist=0.0508, hit=False, normal_y=None, fraction=None) post(grounded=True, vel=(0.000,0.000,0.000), horiz_speed=0.000, pos=(-23.828,-0.080,0.111))
[movedbg #2734] pre(grounded=False, jumping=False, normal=(0.000,1.000,0.000), vel=(0.000,0.000,0.000)) probe(trace_dist=0.0508, hit=False, normal_y=None, fraction=None) post(grounded=False, vel=(0.000,-0.082,0.000), horiz_speed=0.000, pos=(-23.828,-0.081,0.111))
[movedbg #2735] pre(grounded=False, jumping=False, normal=(0.000,1.000,0.000), vel=(0.000,-0.082,0.000)) probe(trace_dist=0.0508, hit=False, normal_y=None, fraction=None) post(grounded=True, vel=(0.000,0.000,0.000), horiz_speed=0.000, pos=(-23.828,-0.080,0.111))
[movedbg #2736] pre(grounded=False, jumping=False, normal=(0.000,1.000,0.000), vel=(0.000,0.000,0.000)) probe(trace_dist=0.0508, hit=False, normal_y=None, fraction=None) post(grounded=False, vel=(0.000,-0.082,0.000), horiz_speed=0.000, pos=(-23.828,-0.081,0.111))
[movedbg #2737] pre(grounded=False, jumping=False, normal=(0.000,1.000,0.000), vel=(0.000,-0.082,0.000)) probe(trace_dist=0.0508, hit=False, normal_y=None, fraction=None) post(grounded=True, vel=(0.000,0.000,0.000), horiz_speed=0.000, pos=(-23.828,-0.081,0.111))
[movedbg #2738] pre(grounded=False, jumping=False, normal=(0.000,1.000,0.000), vel=(0.000,0.000,0.000)) probe(trace_dist=0.0508, hit=False, normal_y=None, fraction=None) post(grounded=False, vel=(0.000,-0.082,0.000), horiz_speed=0.000, pos=(-23.828,-0.082,0.111))
[movedbg #2739] pre(grounded=False, jumping=False, normal=(0.000,1.000,0.000), vel=(0.000,-0.082,0.000)) probe(trace_dist=0.0508, hit=False, normal_y=None, fraction=None) post(grounded=True, vel=(0.000,0.000,0.000), horiz_speed=0.000, pos=(-23.829,-0.081,0.111))
[movedbg #2740] pre(grounded=False, jumping=False, normal=(0.000,1.000,0.000), vel=(0.000,0.000,0.000)) probe(trace_dist=0.0508, hit=False, normal_y=None, fraction=None) post(grounded=False, vel=(0.000,-0.082,0.000), horiz_speed=0.000, pos=(-23.829,-0.082,0.111))
[movedbg #2741] pre(grounded=False, jumping=False, normal=(0.000,1.000,0.000), vel=(0.000,-0.082,0.000)) probe(trace_dist=0.0508, hit=False, normal_y=None, fraction=None) post(grounded=True, vel=(0.000,0.000,0.000), horiz_speed=0.000, pos=(-23.829,-0.081,0.111))
[movedbg #2742] pre(grounded=False, jumping=False, normal=(0.000,1.000,0.000), vel=(0.000,0.000,0.000)) probe(trace_dist=0.0508, hit=False, normal_y=None, fraction=None) post(grounded=False, vel=(0.000,-0.082,0.000), horiz_speed=0.000, pos=(-23.829,-0.081,0.111))
[movedbg #2743] pre(grounded=False, jumping=False, normal=(0.000,1.000,0.000), vel=(0.000,-0.082,0.000)) probe(trace_dist=0.0508, hit=False, normal_y=None, fraction=None) post(grounded=True, vel=(0.000,0.000,0.000), horiz_speed=0.000, pos=(-23.830,-0.082,0.111))
[movedbg #2744] pre(grounded=False, jumping=False, normal=(0.000,1.000,0.000), vel=(0.000,0.000,0.000)) probe(trace_dist=0.0508, hit=False, normal_y=None, fraction=None) post(grounded=False, vel=(0.000,-0.082,0.000), horiz_speed=0.000, pos=(-23.830,-0.082,0.111))
[movedbg #2745] pre(grounded=False, jumping=False, normal=(0.000,1.000,0.000), vel=(0.000,-0.082,0.000)) probe(trace_dist=0.0508, hit=False, normal_y=None, fraction=None) post(grounded=True, vel=(0.000,0.000,0.000), horiz_speed=0.000, pos=(-23.830,-0.081,0.111))
[movedbg #2746] pre(grounded=False, jumping=False, normal=(0.000,1.000,0.000), vel=(0.000,0.000,0.000)) probe(trace_dist=0.0508, hit=False, normal_y=None, fraction=None) post(grounded=False, vel=(0.000,-0.082,0.000), horiz_speed=0.000, pos=(-23.830,-0.082,0.111))
[movedbg #2747] pre(grounded=False, jumping=False, normal=(0.000,1.000,0.000), vel=(0.000,-0.082,0.000)) probe(trace_dist=0.0508, hit=False, normal_y=None, fraction=None) post(grounded=True, vel=(0.000,0.000,0.000), horiz_speed=0.000, pos=(-23.830,-0.081,0.111))
[movedbg #2748] pre(grounded=False, jumping=False, normal=(0.000,1.000,0.000), vel=(0.000,0.000,0.000)) probe(trace_dist=0.0508, hit=False, normal_y=None, fraction=None) post(grounded=False, vel=(0.000,-0.082,0.000), horiz_speed=0.000, pos=(-23.830,-0.082,0.111))
[movedbg #2749] pre(grounded=False, jumping=False, normal=(0.000,1.000,0.000), vel=(0.000,-0.082,0.000)) probe(trace_dist=0.0508, hit=False, normal_y=None, fraction=None) post(grounded=True, vel=(0.000,0.000,0.000), horiz_speed=0.000, pos=(-23.831,-0.082,0.111))
[movedbg #2750] pre(grounded=False, jumping=False, normal=(0.000,1.000,0.000), vel=(0.000,0.000,0.000)) probe(trace_dist=0.0508, hit=False, normal_y=None, fraction=None) post(grounded=True, vel=(0.000,0.000,0.000), horiz_speed=0.000, pos=(-23.831,-0.081,0.111))
[movedbg #2751] pre(grounded=False, jumping=False, normal=(0.000,1.000,0.000), vel=(0.000,0.000,0.000)) probe(trace_dist=0.0508, hit=False, normal_y=None, fraction=None) post(grounded=False, vel=(0.000,-0.082,0.000), horiz_speed=0.000, pos=(-23.831,-0.082,0.111))
[movedbg #2752] pre(grounded=False, jumping=False, normal=(0.000,1.000,0.000), vel=(0.000,-0.082,0.000)) probe(trace_dist=0.0508, hit=False, normal_y=None, fraction=None) post(grounded=False, vel=(0.000,-0.164,0.000), horiz_speed=0.000, pos=(-23.831,-0.083,0.111))
[movedbg #2753] pre(grounded=False, jumping=False, normal=(0.000,1.000,0.000), vel=(0.000,-0.164,0.000)) probe(trace_dist=0.0508, hit=False, normal_y=None, fraction=None) post(grounded=True, vel=(0.000,0.000,0.000), horiz_speed=0.000, pos=(-23.831,-0.082,0.111))
[movedbg #2754] pre(grounded=False, jumping=False, normal=(0.000,1.000,0.000), vel=(0.000,0.000,0.000)) probe(trace_dist=0.0508, hit=False, normal_y=None, fraction=None) post(grounded=False, vel=(0.000,-0.082,0.000), horiz_speed=0.000, pos=(-23.831,-0.083,0.111))
[movedbg #2755] pre(grounded=False, jumping=False, normal=(0.000,1.000,0.000), vel=(0.000,-0.082,0.000)) probe(trace_dist=0.0508, hit=False, normal_y=None, fraction=None) post(grounded=True, vel=(0.000,0.000,0.000), horiz_speed=0.000, pos=(-23.832,-0.082,0.111))
[movedbg #2756] pre(grounded=False, jumping=False, normal=(0.000,1.000,0.000), vel=(0.000,0.000,0.000)) probe(trace_dist=0.0508, hit=False, normal_y=None, fraction=None) post(grounded=False, vel=(0.000,-0.082,0.000), horiz_speed=0.000, pos=(-23.832,-0.083,0.111))
[movedbg #2757] pre(grounded=False, jumping=False, normal=(0.000,1.000,0.000), vel=(0.000,-0.082,0.000)) probe(trace_dist=0.0508, hit=False, normal_y=None, fraction=None) post(grounded=True, vel=(0.000,0.000,0.000), horiz_speed=0.000, pos=(-23.832,-0.082,0.111))
[movedbg #2758] pre(grounded=False, jumping=False, normal=(0.000,1.000,0.000), vel=(0.000,0.000,0.000)) probe(trace_dist=0.0508, hit=False, normal_y=None, fraction=None) post(grounded=False, vel=(0.000,-0.082,0.000), horiz_speed=0.000, pos=(-23.832,-0.082,0.111))
[movedbg #2759] pre(grounded=False, jumping=False, normal=(0.000,1.000,0.000), vel=(0.000,-0.082,0.000)) probe(trace_dist=0.0508, hit=False, normal_y=None, fraction=None) post(grounded=True, vel=(0.000,0.000,0.000), horiz_speed=0.000, pos=(-23.833,-0.083,0.111))
[movedbg #2760] pre(grounded=False, jumping=False, normal=(0.000,1.000,0.000), vel=(0.000,0.000,0.000)) probe(trace_dist=0.0508, hit=False, normal_y=None, fraction=None) post(grounded=True, vel=(0.000,0.000,0.000), horiz_speed=0.000, pos=(-23.833,-0.082,0.111))
[movedbg #2761] pre(grounded=False, jumping=False, normal=(0.000,1.000,0.000), vel=(0.000,0.000,0.000)) probe(trace_dist=0.0508, hit=False, normal_y=None, fraction=None) post(grounded=False, vel=(0.000,-0.082,0.000), horiz_speed=0.000, pos=(-23.833,-0.083,0.111))
[movedbg #2762] pre(grounded=False, jumping=False, normal=(0.000,1.000,0.000), vel=(0.000,-0.082,0.000)) probe(trace_dist=0.0508, hit=False, normal_y=None, fraction=None) post(grounded=False, vel=(0.000,-0.164,0.000), horiz_speed=0.000, pos=(-23.833,-0.084,0.111))
[movedbg #2763] pre(grounded=False, jumping=False, normal=(0.000,1.000,0.000), vel=(0.000,-0.164,0.000)) probe(trace_dist=0.0508, hit=False, normal_y=None, fraction=None) post(grounded=True, vel=(0.000,0.000,0.000), horiz_speed=0.000, pos=(-23.833,-0.083,0.111))
[movedbg #2764] pre(grounded=False, jumping=False, normal=(0.000,1.000,0.000), vel=(0.000,0.000,0.000)) probe(trace_dist=0.0508, hit=False, normal_y=None, fraction=None) post(grounded=False, vel=(0.000,-0.082,0.000), horiz_speed=0.000, pos=(-23.833,-0.084,0.111))
[movedbg #2765] pre(grounded=False, jumping=False, normal=(0.000,1.000,0.000), vel=(0.000,-0.082,0.000)) probe(trace_dist=0.0508, hit=False, normal_y=None, fraction=None) post(grounded=True, vel=(0.000,0.000,0.000), horiz_speed=0.000, pos=(-23.834,-0.083,0.111))
[movedbg #2766] pre(grounded=False, jumping=False, normal=(0.000,1.000,0.000), vel=(0.000,0.000,0.000)) probe(trace_dist=0.0508, hit=False, normal_y=None, fraction=None) post(grounded=False, vel=(0.000,-0.082,0.000), horiz_speed=0.000, pos=(-23.834,-0.083,0.111))
[movedbg #2767] pre(grounded=False, jumping=False, normal=(0.000,1.000,0.000), vel=(0.000,-0.082,0.000)) probe(trace_dist=0.0508, hit=False, normal_y=None, fraction=None) post(grounded=True, vel=(0.000,0.000,0.000), horiz_speed=0.000, pos=(-23.834,-0.082,0.111))
[movedbg #2768] pre(grounded=False, jumping=False, normal=(0.000,1.000,0.000), vel=(0.000,0.000,0.000)) probe(trace_dist=0.0508, hit=False, normal_y=None, fraction=None) post(grounded=False, vel=(0.000,-0.082,0.000), horiz_speed=0.000, pos=(-23.834,-0.083,0.111))
[movedbg #2769] pre(grounded=False, jumping=False, normal=(0.000,1.000,0.000), vel=(0.000,-0.082,0.000)) probe(trace_dist=0.0508, hit=False, normal_y=None, fraction=None) post(grounded=True, vel=(0.000,0.000,0.000), horiz_speed=0.000, pos=(-23.834,-0.084,0.111))
[movedbg #2770] pre(grounded=False, jumping=False, normal=(0.000,1.000,0.000), vel=(0.000,0.000,0.000)) probe(trace_dist=0.0508, hit=False, normal_y=None, fraction=None) post(grounded=True, vel=(0.000,0.000,0.000), horiz_speed=0.000, pos=(-23.835,-0.083,0.111))
[movedbg #2771] pre(grounded=False, jumping=False, normal=(0.000,1.000,0.000), vel=(0.000,0.000,0.000)) probe(trace_dist=0.0508, hit=False, normal_y=None, fraction=None) post(grounded=False, vel=(0.000,-0.082,0.000), horiz_speed=0.000, pos=(-23.835,-0.083,0.111))
[movedbg #2772] pre(grounded=False, jumping=False, normal=(0.000,1.000,0.000), vel=(0.000,-0.082,0.000)) probe(trace_dist=0.0508, hit=False, normal_y=None, fraction=None) post(grounded=False, vel=(0.000,-0.164,0.000), horiz_speed=0.000, pos=(-23.835,-0.085,0.111))
[movedbg #2773] pre(grounded=False, jumping=False, normal=(0.000,1.000,0.000), vel=(0.000,-0.164,0.000)) probe(trace_dist=0.0508, hit=False, normal_y=None, fraction=None) post(grounded=True, vel=(0.000,0.000,0.000), horiz_speed=0.000, pos=(-23.835,-0.084,0.111))
[movedbg #2774] pre(grounded=False, jumping=False, normal=(0.000,1.000,0.000), vel=(0.000,0.000,0.000)) probe(trace_dist=0.0508, hit=False, normal_y=None, fraction=None) post(grounded=False, vel=(0.000,-0.082,0.000), horiz_speed=0.000, pos=(-23.835,-0.084,0.111))
[movedbg #2775] pre(grounded=False, jumping=False, normal=(0.000,1.000,0.000), vel=(0.000,-0.082,0.000)) probe(trace_dist=0.0508, hit=False, normal_y=None, fraction=None) post(grounded=True, vel=(0.000,0.000,0.000), horiz_speed=0.000, pos=(-23.835,-0.083,0.111))
[movedbg #2776] pre(grounded=False, jumping=False, normal=(0.000,1.000,0.000), vel=(0.000,0.000,0.000)) probe(trace_dist=0.0508, hit=False, normal_y=None, fraction=None) post(grounded=False, vel=(0.000,-0.082,0.000), horiz_speed=0.000, pos=(-23.835,-0.084,0.111))
[movedbg #2777] pre(grounded=False, jumping=False, normal=(0.000,1.000,0.000), vel=(0.000,-0.082,0.000)) probe(trace_dist=0.0508, hit=False, normal_y=None, fraction=None) post(grounded=True, vel=(0.000,0.000,0.000), horiz_speed=0.000, pos=(-23.836,-0.083,0.111))
[movedbg #2778] pre(grounded=False, jumping=False, normal=(0.000,1.000,0.000), vel=(0.000,0.000,0.000)) probe(trace_dist=0.0508, hit=False, normal_y=None, fraction=None) post(grounded=False, vel=(0.000,-0.082,0.000), horiz_speed=0.000, pos=(-23.836,-0.084,0.111))
[movedbg #2779] pre(grounded=False, jumping=False, normal=(0.000,1.000,0.000), vel=(0.000,-0.082,0.000)) probe(trace_dist=0.0508, hit=False, normal_y=None, fraction=None) post(grounded=True, vel=(0.000,0.000,0.000), horiz_speed=0.000, pos=(-23.836,-0.084,0.111))
[movedbg #2780] pre(grounded=False, jumping=False, normal=(0.000,1.000,0.000), vel=(0.000,0.000,0.000)) probe(trace_dist=0.0508, hit=False, normal_y=None, fraction=None) post(grounded=False, vel=(0.000,-0.082,0.000), horiz_speed=0.000, pos=(-23.836,-0.085,0.111))
[movedbg #2781] pre(grounded=False, jumping=False, normal=(0.000,1.000,0.000), vel=(0.000,-0.082,0.000)) probe(trace_dist=0.0508, hit=False, normal_y=None, fraction=None) post(grounded=True, vel=(0.000,0.000,0.000), horiz_speed=0.000, pos=(-23.837,-0.084,0.111))
[movedbg #2782] pre(grounded=False, jumping=False, normal=(0.000,1.000,0.000), vel=(0.000,0.000,0.000)) probe(trace_dist=0.0508, hit=False, normal_y=None, fraction=None) post(grounded=False, vel=(0.000,-0.082,0.000), horiz_speed=0.000, pos=(-23.837,-0.085,0.111))
[movedbg #2783] pre(grounded=False, jumping=False, normal=(0.000,1.000,0.000), vel=(0.000,-0.082,0.000)) probe(trace_dist=0.0508, hit=False, normal_y=None, fraction=None) post(grounded=True, vel=(0.000,0.000,0.000), horiz_speed=0.000, pos=(-23.837,-0.084,0.111))
[movedbg #2784] pre(grounded=False, jumping=False, normal=(0.000,1.000,0.000), vel=(0.000,0.000,0.000)) probe(trace_dist=0.0508, hit=False, normal_y=None, fraction=None) post(grounded=False, vel=(0.000,-0.082,0.000), horiz_speed=0.000, pos=(-23.837,-0.084,0.111))
[movedbg #2785] pre(grounded=False, jumping=False, normal=(0.000,1.000,0.000), vel=(0.000,-0.082,0.000)) probe(trace_dist=0.0508, hit=False, normal_y=None, fraction=None) post(grounded=True, vel=(0.000,0.000,0.000), horiz_speed=0.000, pos=(-23.837,-0.085,0.111))
[movedbg #2786] pre(grounded=False, jumping=False, normal=(0.000,1.000,0.000), vel=(0.000,0.000,0.000)) probe(trace_dist=0.0508, hit=False, normal_y=None, fraction=None) post(grounded=False, vel=(0.000,-0.082,0.000), horiz_speed=0.000, pos=(-23.837,-0.085,0.111))
[movedbg #2787] pre(grounded=False, jumping=False, normal=(0.000,1.000,0.000), vel=(0.000,-0.082,0.000)) probe(trace_dist=0.0508, hit=False, normal_y=None, fraction=None) post(grounded=True, vel=(0.000,0.000,0.000), horiz_speed=0.000, pos=(-23.838,-0.084,0.111))
[movedbg #2788] pre(grounded=False, jumping=False, normal=(0.000,1.000,0.000), vel=(0.000,0.000,0.000)) probe(trace_dist=0.0508, hit=False, normal_y=None, fraction=None) post(grounded=False, vel=(0.000,-0.082,0.000), horiz_speed=0.000, pos=(-23.838,-0.085,0.111))
[movedbg #2789] pre(grounded=False, jumping=False, normal=(0.000,1.000,0.000), vel=(0.000,-0.082,0.000)) probe(trace_dist=0.0508, hit=False, normal_y=None, fraction=None) post(grounded=True, vel=(0.000,0.000,0.000), horiz_speed=0.000, pos=(-23.838,-0.084,0.111))
[movedbg #2790] pre(grounded=False, jumping=False, normal=(0.000,1.000,0.000), vel=(0.000,0.000,0.000)) probe(trace_dist=0.0508, hit=False, normal_y=None, fraction=None) post(grounded=False, vel=(0.000,-0.082,0.000), horiz_speed=0.000, pos=(-23.838,-0.085,0.111))
[movedbg #2791] pre(grounded=False, jumping=False, normal=(0.000,1.000,0.000), vel=(0.000,-0.082,0.000)) probe(trace_dist=0.0508, hit=False, normal_y=None, fraction=None) post(grounded=True, vel=(0.000,0.000,0.000), horiz_speed=0.000, pos=(-23.838,-0.085,0.111))
[movedbg #2792] pre(grounded=False, jumping=False, normal=(0.000,1.000,0.000), vel=(0.000,0.000,0.000)) probe(trace_dist=0.0508, hit=False, normal_y=None, fraction=None) post(grounded=True, vel=(0.000,0.000,0.000), horiz_speed=0.000, pos=(-23.839,-0.084,0.111))
[movedbg #2793] pre(grounded=False, jumping=False, normal=(0.000,1.000,0.000), vel=(0.000,0.000,0.000)) probe(trace_dist=0.0508, hit=False, normal_y=None, fraction=None) post(grounded=False, vel=(0.000,-0.082,0.000), horiz_speed=0.000, pos=(-23.839,-0.085,0.111))
[movedbg #2794] pre(grounded=False, jumping=False, normal=(0.000,1.000,0.000), vel=(0.000,-0.082,0.000)) probe(trace_dist=0.0508, hit=False, normal_y=None, fraction=None) post(grounded=False, vel=(0.000,-0.164,0.000), horiz_speed=0.000, pos=(-23.839,-0.086,0.111))
[movedbg #2795] pre(grounded=False, jumping=False, normal=(0.000,1.000,0.000), vel=(0.000,-0.164,0.000)) probe(trace_dist=0.0508, hit=False, normal_y=None, fraction=None) post(grounded=True, vel=(0.000,0.000,0.000), horiz_speed=0.000, pos=(-23.839,-0.085,0.111))
[movedbg #2796] pre(grounded=False, jumping=False, normal=(0.000,1.000,0.000), vel=(0.000,0.000,0.000)) probe(trace_dist=0.0508, hit=False, normal_y=None, fraction=None) post(grounded=False, vel=(0.000,-0.082,0.000), horiz_speed=0.000, pos=(-23.839,-0.086,0.111))
[movedbg #2797] pre(grounded=False, jumping=False, normal=(0.000,1.000,0.000), vel=(0.000,-0.082,0.000)) probe(trace_dist=0.0508, hit=False, normal_y=None, fraction=None) post(grounded=True, vel=(0.000,0.000,0.000), horiz_speed=0.000, pos=(-23.840,-0.085,0.111))
[movedbg #2798] pre(grounded=False, jumping=False, normal=(0.000,1.000,0.000), vel=(0.000,0.000,0.000)) probe(trace_dist=0.0508, hit=False, normal_y=None, fraction=None) post(grounded=False, vel=(0.000,-0.082,0.000), horiz_speed=0.000, pos=(-23.840,-0.086,0.111))
[movedbg #2799] pre(grounded=False, jumping=False, normal=(0.000,1.000,0.000), vel=(0.000,-0.082,0.000)) probe(trace_dist=0.0508, hit=False, normal_y=None, fraction=None) post(grounded=True, vel=(0.000,0.000,0.000), horiz_speed=0.000, pos=(-23.840,-0.085,0.111))
[movedbg #2800] pre(grounded=False, jumping=False, normal=(0.000,1.000,0.000), vel=(0.000,0.000,0.000)) probe(trace_dist=0.0508, hit=False, normal_y=None, fraction=None) post(grounded=False, vel=(0.000,-0.082,0.000), horiz_speed=0.000, pos=(-23.840,-0.085,0.111))
[movedbg #2801] pre(grounded=False, jumping=False, normal=(0.000,1.000,0.000), vel=(0.000,-0.082,0.000)) probe(trace_dist=0.0508, hit=False, normal_y=None, fraction=None) post(grounded=True, vel=(0.000,0.000,0.000), horiz_speed=0.000, pos=(-23.840,-0.086,0.111))
[movedbg #2802] pre(grounded=False, jumping=False, normal=(0.000,1.000,0.000), vel=(0.000,0.000,0.000)) probe(trace_dist=0.0508, hit=False, normal_y=None, fraction=None) post(grounded=False, vel=(0.000,-0.082,0.000), horiz_speed=0.000, pos=(-23.840,-0.087,0.111))
[movedbg #2803] pre(grounded=False, jumping=False, normal=(0.000,1.000,0.000), vel=(0.000,-0.082,0.000)) probe(trace_dist=0.0508, hit=False, normal_y=None, fraction=None) post(grounded=True, vel=(0.000,0.000,0.000), horiz_speed=0.000, pos=(-23.841,-0.086,0.111))
[movedbg #2804] pre(grounded=False, jumping=False, normal=(0.000,1.000,0.000), vel=(0.000,0.000,0.000)) probe(trace_dist=0.0508, hit=False, normal_y=None, fraction=None) post(grounded=False, vel=(0.000,-0.082,0.000), horiz_speed=0.000, pos=(-23.841,-0.086,0.111))
[movedbg #2805] pre(grounded=False, jumping=False, normal=(0.000,1.000,0.000), vel=(0.000,-0.082,0.000)) probe(trace_dist=0.0508, hit=False, normal_y=None, fraction=None) post(grounded=True, vel=(0.000,0.000,0.000), horiz_speed=0.000, pos=(-23.841,-0.085,0.111))
[movedbg #2806] pre(grounded=False, jumping=False, normal=(0.000,1.000,0.000), vel=(0.000,0.000,0.000)) probe(trace_dist=0.0508, hit=False, normal_y=None, fraction=None) post(grounded=False, vel=(0.000,-0.082,0.000), horiz_speed=0.000, pos=(-23.841,-0.086,0.111))
[movedbg #2807] pre(grounded=False, jumping=False, normal=(0.000,1.000,0.000), vel=(0.000,-0.082,0.000)) probe(trace_dist=0.0508, hit=False, normal_y=None, fraction=None) post(grounded=True, vel=(0.000,0.000,0.000), horiz_speed=0.000, pos=(-23.841,-0.086,0.111))
[movedbg #2808] pre(grounded=False, jumping=False, normal=(0.000,1.000,0.000), vel=(0.000,0.000,0.000)) probe(trace_dist=0.0508, hit=False, normal_y=None, fraction=None) post(grounded=False, vel=(0.000,-0.082,0.000), horiz_speed=0.000, pos=(-23.841,-0.087,0.111))
[movedbg #2809] pre(grounded=False, jumping=False, normal=(0.000,1.000,0.000), vel=(0.000,-0.082,0.000)) probe(trace_dist=0.0508, hit=False, normal_y=None, fraction=None) post(grounded=True, vel=(0.000,0.000,0.000), horiz_speed=0.000, pos=(-23.842,-0.086,0.111))
[movedbg #2810] pre(grounded=False, jumping=False, normal=(0.000,1.000,0.000), vel=(0.000,0.000,0.000)) probe(trace_dist=0.0508, hit=False, normal_y=None, fraction=None) post(grounded=False, vel=(0.000,-0.082,0.000), horiz_speed=0.000, pos=(-23.842,-0.087,0.111))
[movedbg #2811] pre(grounded=False, jumping=False, normal=(0.000,1.000,0.000), vel=(0.000,-0.082,0.000)) probe(trace_dist=0.0508, hit=False, normal_y=None, fraction=None) post(grounded=True, vel=(0.000,0.000,0.000), horiz_speed=0.000, pos=(-23.842,-0.086,0.111))
[movedbg #2812] pre(grounded=False, jumping=False, normal=(0.000,1.000,0.000), vel=(0.000,0.000,0.000)) probe(trace_dist=0.0508, hit=False, normal_y=None, fraction=None) post(grounded=False, vel=(0.000,-0.082,0.000), horiz_speed=0.000, pos=(-23.842,-0.086,0.111))
[movedbg #2813] pre(grounded=False, jumping=False, normal=(0.000,1.000,0.000), vel=(0.000,-0.082,0.000)) probe(trace_dist=0.0508, hit=False, normal_y=None, fraction=None) post(grounded=True, vel=(0.000,0.000,0.000), horiz_speed=0.000, pos=(-23.843,-0.087,0.111))
[movedbg #2814] pre(grounded=False, jumping=False, normal=(0.000,1.000,0.000), vel=(0.000,0.000,0.000)) probe(trace_dist=0.0508, hit=False, normal_y=None, fraction=None) post(grounded=False, vel=(0.000,-0.082,0.000), horiz_speed=0.000, pos=(-23.843,-0.087,0.111))
[movedbg #2815] pre(grounded=False, jumping=False, normal=(0.000,1.000,0.000), vel=(0.000,-0.082,0.000)) probe(trace_dist=0.0508, hit=False, normal_y=None, fraction=None) post(grounded=True, vel=(0.000,0.000,0.000), horiz_speed=0.000, pos=(-23.843,-0.086,0.111))
[movedbg #2816] pre(grounded=False, jumping=False, normal=(0.000,1.000,0.000), vel=(0.000,0.000,0.000)) probe(trace_dist=0.0508, hit=False, normal_y=None, fraction=None) post(grounded=False, vel=(0.000,-0.082,0.000), horiz_speed=0.000, pos=(-23.843,-0.087,0.111))
[movedbg #2817] pre(grounded=False, jumping=False, normal=(0.000,1.000,0.000), vel=(0.000,-0.082,0.000)) probe(trace_dist=0.0508, hit=False, normal_y=None, fraction=None) post(grounded=True, vel=(0.000,0.000,0.000), horiz_speed=0.000, pos=(-23.843,-0.086,0.111))
[movedbg #2818] pre(grounded=False, jumping=False, normal=(0.000,1.000,0.000), vel=(0.000,0.000,0.000)) probe(trace_dist=0.0508, hit=False, normal_y=None, fraction=None) post(grounded=False, vel=(0.000,-0.082,0.000), horiz_speed=0.000, pos=(-23.843,-0.087,0.111))
[movedbg #2819] pre(grounded=False, jumping=False, normal=(0.000,1.000,0.000), vel=(0.000,-0.082,0.000)) probe(trace_dist=0.0508, hit=False, normal_y=None, fraction=None) post(grounded=True, vel=(0.000,0.000,0.000), horiz_speed=0.000, pos=(-23.844,-0.087,0.111))
[movedbg #2820] pre(grounded=False, jumping=False, normal=(0.000,1.000,0.000), vel=(0.000,0.000,0.000)) probe(trace_dist=0.0508, hit=False, normal_y=None, fraction=None) post(grounded=False, vel=(0.000,-0.082,0.000), horiz_speed=0.000, pos=(-23.844,-0.088,0.111))
[movedbg #2821] pre(grounded=False, jumping=False, normal=(0.000,1.000,0.000), vel=(0.000,-0.082,0.000)) probe(trace_dist=0.0508, hit=False, normal_y=None, fraction=None) post(grounded=True, vel=(0.000,0.000,0.000), horiz_speed=0.000, pos=(-23.844,-0.087,0.111))
[movedbg #2822] pre(grounded=False, jumping=False, normal=(0.000,1.000,0.000), vel=(0.000,0.000,0.000)) probe(trace_dist=0.0508, hit=False, normal_y=None, fraction=None) post(grounded=False, vel=(0.000,-0.082,0.000), horiz_speed=0.000, pos=(-23.844,-0.088,0.111))
[movedbg #2823] pre(grounded=False, jumping=False, normal=(0.000,1.000,0.000), vel=(0.000,-0.082,0.000)) probe(trace_dist=0.0508, hit=False, normal_y=None, fraction=None) post(grounded=True, vel=(0.000,0.000,0.000), horiz_speed=0.000, pos=(-23.844,-0.087,0.111))
[movedbg #2824] pre(grounded=False, jumping=False, normal=(0.000,1.000,0.000), vel=(0.000,0.000,0.000)) probe(trace_dist=0.0508, hit=False, normal_y=None, fraction=None) post(grounded=False, vel=(0.000,-0.082,0.000), horiz_speed=0.000, pos=(-23.844,-0.087,0.111))
[movedbg #2825] pre(grounded=False, jumping=False, normal=(0.000,1.000,0.000), vel=(0.000,-0.082,0.000)) probe(trace_dist=0.0508, hit=False, normal_y=None, fraction=None) post(grounded=True, vel=(0.000,0.000,0.000), horiz_speed=0.000, pos=(-23.845,-0.088,0.111))
[movedbg #2826] pre(grounded=False, jumping=False, normal=(0.000,1.000,0.000), vel=(0.000,0.000,0.000)) probe(trace_dist=0.0508, hit=False, normal_y=None, fraction=None) post(grounded=False, vel=(0.000,-0.082,0.000), horiz_speed=0.000, pos=(-23.845,-0.088,0.111))
[movedbg #2827] pre(grounded=False, jumping=False, normal=(0.000,1.000,0.000), vel=(0.000,-0.082,0.000)) probe(trace_dist=0.0508, hit=False, normal_y=None, fraction=None) post(grounded=True, vel=(0.000,0.000,0.000), horiz_speed=0.000, pos=(-23.845,-0.087,0.111))
[movedbg #2828] pre(grounded=False, jumping=False, normal=(0.000,1.000,0.000), vel=(0.000,0.000,0.000)) probe(trace_dist=0.0508, hit=False, normal_y=None, fraction=None) post(grounded=False, vel=(0.000,-0.082,0.000), horiz_speed=0.000, pos=(-23.845,-0.088,0.111))
[movedbg #2829] pre(grounded=False, jumping=False, normal=(0.000,1.000,0.000), vel=(0.000,-0.082,0.000)) probe(trace_dist=0.0508, hit=False, normal_y=None, fraction=None) post(grounded=True, vel=(0.000,0.000,0.000), horiz_speed=0.000, pos=(-23.845,-0.087,0.111))
[movedbg #2830] pre(grounded=False, jumping=False, normal=(0.000,1.000,0.000), vel=(0.000,0.000,0.000)) probe(trace_dist=0.0508, hit=False, normal_y=None, fraction=None) post(grounded=False, vel=(0.000,-0.082,0.000), horiz_speed=0.000, pos=(-23.845,-0.088,0.111))
[movedbg #2831] pre(grounded=False, jumping=False, normal=(0.000,1.000,0.000), vel=(0.000,-0.082,0.000)) probe(trace_dist=0.0508, hit=False, normal_y=None, fraction=None) post(grounded=True, vel=(0.000,0.000,0.000), horiz_speed=0.000, pos=(-23.846,-0.088,0.111))
[movedbg #2832] pre(grounded=False, jumping=False, normal=(0.000,1.000,0.000), vel=(0.000,0.000,0.000)) probe(trace_dist=0.0508, hit=False, normal_y=None, fraction=None) post(grounded=False, vel=(0.000,-0.082,0.000), horiz_speed=0.000, pos=(-23.846,-0.089,0.111))
[movedbg #2833] pre(grounded=False, jumping=False, normal=(0.000,1.000,0.000), vel=(0.000,-0.082,0.000)) probe(trace_dist=0.0508, hit=False, normal_y=None, fraction=None) post(grounded=True, vel=(0.000,0.000,0.000), horiz_speed=0.000, pos=(-23.846,-0.088,0.111))
[movedbg #2834] pre(grounded=False, jumping=False, normal=(0.000,1.000,0.000), vel=(0.000,0.000,0.000)) probe(trace_dist=0.0508, hit=False, normal_y=None, fraction=None) post(grounded=False, vel=(0.000,-0.082,0.000), horiz_speed=0.000, pos=(-23.846,-0.089,0.111))
[movedbg #2835] pre(grounded=False, jumping=False, normal=(0.000,1.000,0.000), vel=(0.000,-0.082,0.000)) probe(trace_dist=0.0508, hit=False, normal_y=None, fraction=None) post(grounded=True, vel=(0.000,0.000,0.000), horiz_speed=0.000, pos=(-23.847,-0.088,0.111))
[movedbg #2836] pre(grounded=False, jumping=False, normal=(0.000,1.000,0.000), vel=(0.000,0.000,0.000)) probe(trace_dist=0.0508, hit=False, normal_y=None, fraction=None) post(grounded=False, vel=(0.000,-0.082,0.000), horiz_speed=0.000, pos=(-23.847,-0.088,0.111))
[movedbg #2837] pre(grounded=False, jumping=False, normal=(0.000,1.000,0.000), vel=(0.000,-0.082,0.000)) probe(trace_dist=0.0508, hit=False, normal_y=None, fraction=None) post(grounded=True, vel=(0.000,0.000,0.000), horiz_speed=0.000, pos=(-23.847,-0.089,0.111))
[movedbg #2838] pre(grounded=False, jumping=False, normal=(0.000,1.000,0.000), vel=(0.000,0.000,0.000)) probe(trace_dist=0.0508, hit=False, normal_y=None, fraction=None) post(grounded=False, vel=(0.000,-0.082,0.000), horiz_speed=0.000, pos=(-23.847,-0.089,0.111))
[movedbg #2839] pre(grounded=False, jumping=False, normal=(0.000,1.000,0.000), vel=(0.000,-0.082,0.000)) probe(trace_dist=0.0508, hit=False, normal_y=None, fraction=None) post(grounded=True, vel=(0.000,0.000,0.000), horiz_speed=0.000, pos=(-23.847,-0.088,0.111))
[movedbg #2840] pre(grounded=False, jumping=False, normal=(0.000,1.000,0.000), vel=(0.000,0.000,0.000)) probe(trace_dist=0.0508, hit=False, normal_y=None, fraction=None) post(grounded=False, vel=(0.000,-0.082,0.000), horiz_speed=0.000, pos=(-23.847,-0.089,0.111))
[movedbg #2841] pre(grounded=False, jumping=False, normal=(0.000,1.000,0.000), vel=(0.000,-0.082,0.000)) probe(trace_dist=0.0508, hit=False, normal_y=None, fraction=None) post(grounded=True, vel=(0.000,0.000,0.000), horiz_speed=0.000, pos=(-23.848,-0.088,0.111))
[movedbg #2842] pre(grounded=False, jumping=False, normal=(0.000,1.000,0.000), vel=(0.000,0.000,0.000)) probe(trace_dist=0.0508, hit=False, normal_y=None, fraction=None) post(grounded=False, vel=(0.000,-0.082,0.000), horiz_speed=0.000, pos=(-23.848,-0.089,0.111))
[movedbg #2843] pre(grounded=False, jumping=False, normal=(0.000,1.000,0.000), vel=(0.000,-0.082,0.000)) probe(trace_dist=0.0508, hit=False, normal_y=None, fraction=None) post(grounded=True, vel=(0.000,0.000,0.000), horiz_speed=0.000, pos=(-23.848,-0.089,0.111))
[movedbg #2844] pre(grounded=False, jumping=False, normal=(0.000,1.000,0.000), vel=(0.000,0.000,0.000)) probe(trace_dist=0.0508, hit=False, normal_y=None, fraction=None) post(grounded=False, vel=(0.000,-0.082,0.000), horiz_speed=0.000, pos=(-23.848,-0.090,0.111))
[movedbg #2845] pre(grounded=False, jumping=False, normal=(0.000,1.000,0.000), vel=(0.000,-0.082,0.000)) probe(trace_dist=0.0508, hit=False, normal_y=None, fraction=None) post(grounded=True, vel=(0.000,0.000,0.000), horiz_speed=0.000, pos=(-23.848,-0.089,0.111))
[movedbg #2846] pre(grounded=False, jumping=False, normal=(0.000,1.000,0.000), vel=(0.000,0.000,0.000)) probe(trace_dist=0.0508, hit=False, normal_y=None, fraction=None) post(grounded=False, vel=(0.000,-0.082,0.000), horiz_speed=0.000, pos=(-23.848,-0.089,0.111))
[movedbg #2847] pre(grounded=False, jumping=False, normal=(0.000,1.000,0.000), vel=(0.000,-0.082,0.000)) probe(trace_dist=0.0508, hit=False, normal_y=None, fraction=None) post(grounded=True, vel=(0.000,0.000,0.000), horiz_speed=0.000, pos=(-23.849,-0.088,0.111))
[movedbg #2848] pre(grounded=False, jumping=False, normal=(0.000,1.000,0.000), vel=(0.000,0.000,0.000)) probe(trace_dist=0.0508, hit=False, normal_y=None, fraction=None) post(grounded=False, vel=(0.000,-0.082,0.000), horiz_speed=0.000, pos=(-23.849,-0.089,0.111))
[movedbg #2849] pre(grounded=False, jumping=False, normal=(0.000,1.000,0.000), vel=(0.000,-0.082,0.000)) probe(trace_dist=0.0508, hit=False, normal_y=None, fraction=None) post(grounded=True, vel=(0.000,0.000,0.000), horiz_speed=0.000, pos=(-23.849,-0.089,0.111))
[movedbg #2850] pre(grounded=False, jumping=False, normal=(0.000,1.000,0.000), vel=(0.000,0.000,0.000)) probe(trace_dist=0.0508, hit=False, normal_y=None, fraction=None) post(grounded=False, vel=(0.000,-0.082,0.000), horiz_speed=0.000, pos=(-23.849,-0.090,0.111))
[movedbg #2851] pre(grounded=False, jumping=False, normal=(0.000,1.000,0.000), vel=(0.000,-0.082,0.000)) probe(trace_dist=0.0508, hit=False, normal_y=None, fraction=None) post(grounded=True, vel=(0.000,0.000,0.000), horiz_speed=0.000, pos=(-23.850,-0.089,0.111))
[movedbg #2852] pre(grounded=False, jumping=False, normal=(0.000,1.000,0.000), vel=(0.000,0.000,0.000)) probe(trace_dist=0.0508, hit=False, normal_y=None, fraction=None) post(grounded=False, vel=(0.000,-0.082,0.000), horiz_speed=0.000, pos=(-23.850,-0.090,0.111))
[movedbg #2853] pre(grounded=False, jumping=False, normal=(0.000,1.000,0.000), vel=(0.000,-0.082,0.000)) probe(trace_dist=0.0508, hit=False, normal_y=None, fraction=None) post(grounded=True, vel=(0.000,0.000,0.000), horiz_speed=0.000, pos=(-23.850,-0.089,0.111))
[movedbg #2854] pre(grounded=False, jumping=False, normal=(0.000,1.000,0.000), vel=(0.000,0.000,0.000)) probe(trace_dist=0.0508, hit=False, normal_y=None, fraction=None) post(grounded=False, vel=(0.000,-0.082,0.000), horiz_speed=0.000, pos=(-23.850,-0.090,0.111))
[movedbg #2855] pre(grounded=False, jumping=False, normal=(0.000,1.000,0.000), vel=(0.000,-0.082,0.000)) probe(trace_dist=0.0508, hit=False, normal_y=None, fraction=None) post(grounded=True, vel=(0.000,0.000,0.000), horiz_speed=0.000, pos=(-23.850,-0.090,0.111))
[movedbg #2856] pre(grounded=False, jumping=False, normal=(0.000,1.000,0.000), vel=(0.000,0.000,0.000)) probe(trace_dist=0.0508, hit=False, normal_y=None, fraction=None) post(grounded=False, vel=(0.000,-0.082,0.000), horiz_speed=0.000, pos=(-23.850,-0.091,0.111))
[movedbg #2857] pre(grounded=False, jumping=False, normal=(0.000,1.000,0.000), vel=(0.000,-0.082,0.000)) probe(trace_dist=0.0508, hit=False, normal_y=None, fraction=None) post(grounded=True, vel=(0.000,0.000,0.000), horiz_speed=0.000, pos=(-23.851,-0.090,0.111))
[movedbg #2858] pre(grounded=False, jumping=False, normal=(0.000,1.000,0.000), vel=(0.000,0.000,0.000)) probe(trace_dist=0.0508, hit=False, normal_y=None, fraction=None) post(grounded=False, vel=(0.000,-0.082,0.000), horiz_speed=0.000, pos=(-23.851,-0.090,0.111))
[movedbg #2859] pre(grounded=False, jumping=False, normal=(0.000,1.000,0.000), vel=(0.000,-0.082,0.000)) probe(trace_dist=0.0508, hit=False, normal_y=None, fraction=None) post(grounded=True, vel=(0.000,0.000,0.000), horiz_speed=0.000, pos=(-23.851,-0.089,0.111))
[movedbg #2860] pre(grounded=False, jumping=False, normal=(0.000,1.000,0.000), vel=(0.000,0.000,0.000)) probe(trace_dist=0.0508, hit=False, normal_y=None, fraction=None) post(grounded=False, vel=(0.000,-0.082,0.000), horiz_speed=0.000, pos=(-23.851,-0.090,0.111))
[movedbg #2861] pre(grounded=False, jumping=False, normal=(0.000,1.000,0.000), vel=(0.000,-0.082,0.000)) probe(trace_dist=0.0508, hit=False, normal_y=None, fraction=None) post(grounded=True, vel=(0.000,0.000,0.000), horiz_speed=0.000, pos=(-23.851,-0.090,0.111))
[movedbg #2862] pre(grounded=False, jumping=False, normal=(0.000,1.000,0.000), vel=(0.000,0.000,0.000)) probe(trace_dist=0.0508, hit=False, normal_y=None, fraction=None) post(grounded=False, vel=(0.000,-0.082,0.000), horiz_speed=0.000, pos=(-23.851,-0.091,0.111))
[movedbg #2863] pre(grounded=False, jumping=False, normal=(0.000,1.000,0.000), vel=(0.000,-0.082,0.000)) probe(trace_dist=0.0508, hit=False, normal_y=None, fraction=None) post(grounded=True, vel=(0.000,0.000,0.000), horiz_speed=0.000, pos=(-23.852,-0.090,0.111))
[movedbg #2864] pre(grounded=False, jumping=False, normal=(0.000,1.000,0.000), vel=(0.000,0.000,0.000)) probe(trace_dist=0.0508, hit=False, normal_y=None, fraction=None) post(grounded=False, vel=(0.000,-0.082,0.000), horiz_speed=0.000, pos=(-23.852,-0.091,0.111))
[movedbg #2865] pre(grounded=False, jumping=False, normal=(0.000,1.000,0.000), vel=(0.000,-0.082,0.000)) probe(trace_dist=0.0508, hit=False, normal_y=None, fraction=None) post(grounded=True, vel=(0.000,0.000,0.000), horiz_speed=0.000, pos=(-23.852,-0.090,0.111))
[movedbg #2866] pre(grounded=False, jumping=False, normal=(0.000,1.000,0.000), vel=(0.000,0.000,0.000)) probe(trace_dist=0.0508, hit=False, normal_y=None, fraction=None) post(grounded=False, vel=(0.000,-0.082,0.000), horiz_speed=0.000, pos=(-23.852,-0.090,0.111))
[movedbg #2867] pre(grounded=False, jumping=False, normal=(0.000,1.000,0.000), vel=(0.000,-0.082,0.000)) probe(trace_dist=0.0508, hit=False, normal_y=None, fraction=None) post(grounded=True, vel=(0.000,0.000,0.000), horiz_speed=0.000, pos=(-23.853,-0.091,0.111))
[movedbg #2868] pre(grounded=False, jumping=False, normal=(0.000,1.000,0.000), vel=(0.000,0.000,0.000)) probe(trace_dist=0.0508, hit=False, normal_y=None, fraction=None) post(grounded=False, vel=(0.000,-0.082,0.000), horiz_speed=0.000, pos=(-23.853,-0.091,0.111))
[movedbg #2869] pre(grounded=False, jumping=False, normal=(0.000,1.000,0.000), vel=(0.000,-0.082,0.000)) probe(trace_dist=0.0508, hit=False, normal_y=None, fraction=None) post(grounded=True, vel=(0.000,0.000,0.000), horiz_speed=0.000, pos=(-23.853,-0.090,0.111))
[movedbg #2870] pre(grounded=False, jumping=False, normal=(0.000,1.000,0.000), vel=(0.000,0.000,0.000)) probe(trace_dist=0.0508, hit=False, normal_y=None, fraction=None) post(grounded=False, vel=(0.000,-0.082,0.000), horiz_speed=0.000, pos=(-23.853,-0.091,0.111))
[movedbg #2871] pre(grounded=False, jumping=False, normal=(0.000,1.000,0.000), vel=(0.000,-0.082,0.000)) probe(trace_dist=0.0508, hit=False, normal_y=None, fraction=None) post(grounded=True, vel=(0.000,0.000,0.000), horiz_speed=0.000, pos=(-23.853,-0.090,0.111))
[movedbg #2872] pre(grounded=False, jumping=False, normal=(0.000,1.000,0.000), vel=(0.000,0.000,0.000)) probe(trace_dist=0.0508, hit=False, normal_y=None, fraction=None) post(grounded=False, vel=(0.000,-0.082,0.000), horiz_speed=0.000, pos=(-23.853,-0.091,0.111))
[movedbg #2873] pre(grounded=False, jumping=False, normal=(0.000,1.000,0.000), vel=(0.000,-0.082,0.000)) probe(trace_dist=0.0508, hit=False, normal_y=None, fraction=None) post(grounded=True, vel=(0.000,0.000,0.000), horiz_speed=0.000, pos=(-23.854,-0.091,0.111))
[movedbg #2874] pre(grounded=False, jumping=False, normal=(0.000,1.000,0.000), vel=(0.000,0.000,0.000)) probe(trace_dist=0.0508, hit=False, normal_y=None, fraction=None) post(grounded=False, vel=(0.000,-0.082,0.000), horiz_speed=0.000, pos=(-23.854,-0.092,0.111))
[movedbg #2875] pre(grounded=False, jumping=False, normal=(0.000,1.000,0.000), vel=(0.000,-0.082,0.000)) probe(trace_dist=0.0508, hit=False, normal_y=None, fraction=None) post(grounded=True, vel=(0.000,0.000,0.000), horiz_speed=0.000, pos=(-23.854,-0.091,0.111))
[movedbg #2876] pre(grounded=False, jumping=False, normal=(0.000,1.000,0.000), vel=(0.000,0.000,0.000)) probe(trace_dist=0.0508, hit=False, normal_y=None, fraction=None) post(grounded=False, vel=(0.000,-0.082,0.000), horiz_speed=0.000, pos=(-23.854,-0.092,0.111))
[movedbg #2877] pre(grounded=False, jumping=False, normal=(0.000,1.000,0.000), vel=(0.000,-0.082,0.000)) probe(trace_dist=0.0508, hit=False, normal_y=None, fraction=None) post(grounded=True, vel=(0.000,0.000,0.000), horiz_speed=0.000, pos=(-23.854,-0.091,0.111))
[movedbg #2878] pre(grounded=False, jumping=False, normal=(0.000,1.000,0.000), vel=(0.000,0.000,0.000)) probe(trace_dist=0.0508, hit=False, normal_y=None, fraction=None) post(grounded=False, vel=(0.000,-0.082,0.000), horiz_speed=0.000, pos=(-23.854,-0.091,0.111))
[movedbg #2879] pre(grounded=False, jumping=False, normal=(0.000,1.000,0.000), vel=(0.000,-0.082,0.000)) probe(trace_dist=0.0508, hit=False, normal_y=None, fraction=None) post(grounded=True, vel=(0.000,0.000,0.000), horiz_speed=0.000, pos=(-23.855,-0.092,0.111))
[movedbg #2880] pre(grounded=False, jumping=False, normal=(0.000,1.000,0.000), vel=(0.000,0.000,0.000)) probe(trace_dist=0.0508, hit=False, normal_y=None, fraction=None) post(grounded=False, vel=(0.000,-0.082,0.000), horiz_speed=0.000, pos=(-23.855,-0.092,0.111))
[movedbg #2881] pre(grounded=False, jumping=False, normal=(0.000,1.000,0.000), vel=(0.000,-0.082,0.000)) probe(trace_dist=0.0508, hit=False, normal_y=None, fraction=None) post(grounded=True, vel=(0.000,0.000,0.000), horiz_speed=0.000, pos=(-23.855,-0.091,0.111))
[movedbg #2882] pre(grounded=False, jumping=False, normal=(0.000,1.000,0.000), vel=(0.000,0.000,0.000)) probe(trace_dist=0.0508, hit=False, normal_y=None, fraction=None) post(grounded=False, vel=(0.000,-0.082,0.000), horiz_speed=0.000, pos=(-23.855,-0.092,0.111))
[movedbg #2883] pre(grounded=False, jumping=False, normal=(0.000,1.000,0.000), vel=(0.000,-0.082,0.000)) probe(trace_dist=0.0508, hit=False, normal_y=None, fraction=None) post(grounded=True, vel=(0.000,0.000,0.000), horiz_speed=0.000, pos=(-23.855,-0.091,0.111))
[movedbg #2884] pre(grounded=False, jumping=False, normal=(0.000,1.000,0.000), vel=(0.000,0.000,0.000)) probe(trace_dist=0.0508, hit=False, normal_y=None, fraction=None) post(grounded=False, vel=(0.000,-0.082,0.000), horiz_speed=0.000, pos=(-23.855,-0.092,0.111))
[movedbg #2885] pre(grounded=False, jumping=False, normal=(0.000,1.000,0.000), vel=(0.000,-0.082,0.000)) probe(trace_dist=0.0508, hit=False, normal_y=None, fraction=None) post(grounded=True, vel=(0.000,0.000,0.000), horiz_speed=0.000, pos=(-23.856,-0.092,0.111))
[movedbg #2886] pre(grounded=False, jumping=False, normal=(0.000,1.000,0.000), vel=(0.000,0.000,0.000)) probe(trace_dist=0.0508, hit=False, normal_y=None, fraction=None) post(grounded=False, vel=(0.000,-0.082,0.000), horiz_speed=0.000, pos=(-23.856,-0.093,0.111))
[movedbg #2887] pre(grounded=False, jumping=False, normal=(0.000,1.000,0.000), vel=(0.000,-0.082,0.000)) probe(trace_dist=0.0508, hit=False, normal_y=None, fraction=None) post(grounded=True, vel=(0.000,0.000,0.000), horiz_speed=0.000, pos=(-23.856,-0.092,0.111))
[movedbg #2888] pre(grounded=False, jumping=False, normal=(0.000,1.000,0.000), vel=(0.000,0.000,0.000)) probe(trace_dist=0.0508, hit=False, normal_y=None, fraction=None) post(grounded=False, vel=(0.000,-0.082,0.000), horiz_speed=0.000, pos=(-23.856,-0.092,0.111))
[movedbg #2889] pre(grounded=False, jumping=False, normal=(0.000,1.000,0.000), vel=(0.000,-0.082,0.000)) probe(trace_dist=0.0508, hit=False, normal_y=None, fraction=None) post(grounded=True, vel=(0.000,0.000,0.000), horiz_speed=0.000, pos=(-23.857,-0.092,0.111))
[movedbg #2890] pre(grounded=False, jumping=False, normal=(0.000,1.000,0.000), vel=(0.000,0.000,0.000)) probe(trace_dist=0.0508, hit=False, normal_y=None, fraction=None) post(grounded=False, vel=(0.000,-0.082,0.000), horiz_speed=0.000, pos=(-23.857,-0.092,0.111))
[movedbg #2891] pre(grounded=False, jumping=False, normal=(0.000,1.000,0.000), vel=(0.000,-0.082,0.000)) probe(trace_dist=0.0508, hit=False, normal_y=None, fraction=None) post(grounded=True, vel=(0.000,0.000,0.000), horiz_speed=0.000, pos=(-23.857,-0.092,0.111))
[movedbg #2892] pre(grounded=False, jumping=False, normal=(0.000,1.000,0.000), vel=(0.000,0.000,0.000)) probe(trace_dist=0.0508, hit=False, normal_y=None, fraction=None) post(grounded=False, vel=(0.000,-0.082,0.000), horiz_speed=0.000, pos=(-23.857,-0.093,0.111))
[movedbg #2893] pre(grounded=False, jumping=False, normal=(0.000,1.000,0.000), vel=(0.000,-0.082,0.000)) probe(trace_dist=0.0508, hit=False, normal_y=None, fraction=None) post(grounded=True, vel=(0.000,0.000,0.000), horiz_speed=0.000, pos=(-23.857,-0.092,0.111))
[movedbg #2894] pre(grounded=False, jumping=False, normal=(0.000,1.000,0.000), vel=(0.000,0.000,0.000)) probe(trace_dist=0.0508, hit=False, normal_y=None, fraction=None) post(grounded=False, vel=(0.000,-0.082,0.000), horiz_speed=0.000, pos=(-23.857,-0.093,0.111))
[movedbg #2895] pre(grounded=False, jumping=False, normal=(0.000,1.000,0.000), vel=(0.000,-0.082,0.000)) probe(trace_dist=0.0508, hit=False, normal_y=None, fraction=None) post(grounded=True, vel=(0.000,0.000,0.000), horiz_speed=0.000, pos=(-23.858,-0.092,0.111))
[movedbg #2896] pre(grounded=False, jumping=False, normal=(0.000,1.000,0.000), vel=(0.000,0.000,0.000)) probe(trace_dist=0.0508, hit=False, normal_y=None, fraction=None) post(grounded=False, vel=(0.000,-0.082,0.000), horiz_speed=0.000, pos=(-23.858,-0.093,0.111))
[movedbg #2897] pre(grounded=False, jumping=False, normal=(0.000,1.000,0.000), vel=(0.000,-0.082,0.000)) probe(trace_dist=0.0508, hit=False, normal_y=None, fraction=None) post(grounded=True, vel=(0.000,0.000,0.000), horiz_speed=0.000, pos=(-23.858,-0.093,0.111))
[movedbg #2898] pre(grounded=False, jumping=False, normal=(0.000,1.000,0.000), vel=(0.000,0.000,0.000)) probe(trace_dist=0.0508, hit=False, normal_y=None, fraction=None) post(grounded=False, vel=(0.000,-0.082,0.000), horiz_speed=0.000, pos=(-23.858,-0.094,0.111))
[movedbg #2899] pre(grounded=False, jumping=False, normal=(0.000,1.000,0.000), vel=(0.000,-0.082,0.000)) probe(trace_dist=0.0508, hit=False, normal_y=None, fraction=None) post(grounded=True, vel=(0.000,0.000,0.000), horiz_speed=0.000, pos=(-23.858,-0.093,0.111))
[movedbg #2900] pre(grounded=False, jumping=False, normal=(0.000,1.000,0.000), vel=(0.000,0.000,0.000)) probe(trace_dist=0.0508, hit=False, normal_y=None, fraction=None) post(grounded=False, vel=(0.000,-0.082,0.000), horiz_speed=0.000, pos=(-23.858,-0.093,0.111))
[movedbg #2901] pre(grounded=False, jumping=False, normal=(0.000,1.000,0.000), vel=(0.000,-0.082,0.000)) probe(trace_dist=0.0508, hit=False, normal_y=None, fraction=None) post(grounded=True, vel=(0.000,0.000,0.000), horiz_speed=0.000, pos=(-23.859,-0.092,0.111))
[movedbg #2902] pre(grounded=False, jumping=False, normal=(0.000,1.000,0.000), vel=(0.000,0.000,0.000)) probe(trace_dist=0.0508, hit=False, normal_y=None, fraction=None) post(grounded=False, vel=(0.000,-0.082,0.000), horiz_speed=0.000, pos=(-23.859,-0.093,0.111))
[movedbg #2903] pre(grounded=False, jumping=False, normal=(0.000,1.000,0.000), vel=(0.000,-0.082,0.000)) probe(trace_dist=0.0508, hit=False, normal_y=None, fraction=None) post(grounded=True, vel=(0.000,0.000,0.000), horiz_speed=0.000, pos=(-23.859,-0.093,0.111))
[movedbg #2904] pre(grounded=False, jumping=False, normal=(0.000,1.000,0.000), vel=(0.000,0.000,0.000)) probe(trace_dist=0.0508, hit=False, normal_y=None, fraction=None) post(grounded=False, vel=(0.000,-0.082,0.000), horiz_speed=0.000, pos=(-23.859,-0.094,0.111))
[movedbg #2905] pre(grounded=False, jumping=False, normal=(0.000,1.000,0.000), vel=(0.000,-0.082,0.000)) probe(trace_dist=0.0508, hit=False, normal_y=None, fraction=None) post(grounded=True, vel=(0.000,0.000,0.000), horiz_speed=0.000, pos=(-23.860,-0.093,0.111))
[movedbg #2906] pre(grounded=False, jumping=False, normal=(0.000,1.000,0.000), vel=(0.000,0.000,0.000)) probe(trace_dist=0.0508, hit=False, normal_y=None, fraction=None) post(grounded=False, vel=(0.000,-0.082,0.000), horiz_speed=0.000, pos=(-23.860,-0.094,0.111))
[movedbg #2907] pre(grounded=False, jumping=False, normal=(0.000,1.000,0.000), vel=(0.000,-0.082,0.000)) probe(trace_dist=0.0508, hit=False, normal_y=None, fraction=None) post(grounded=True, vel=(0.000,0.000,0.000), horiz_speed=0.000, pos=(-23.860,-0.093,0.111))
[movedbg #2908] pre(grounded=False, jumping=False, normal=(0.000,1.000,0.000), vel=(0.000,0.000,0.000)) probe(trace_dist=0.0508, hit=False, normal_y=None, fraction=None) post(grounded=False, vel=(0.000,-0.082,0.000), horiz_speed=0.000, pos=(-23.860,-0.094,0.111))
[movedbg #2909] pre(grounded=False, jumping=False, normal=(0.000,1.000,0.000), vel=(0.000,-0.082,0.000)) probe(trace_dist=0.0508, hit=False, normal_y=None, fraction=None) post(grounded=True, vel=(0.000,0.000,0.000), horiz_speed=0.000, pos=(-23.860,-0.094,0.111))
[movedbg #2910] pre(grounded=False, jumping=False, normal=(0.000,1.000,0.000), vel=(0.000,0.000,0.000)) probe(trace_dist=0.0508, hit=False, normal_y=None, fraction=None) post(grounded=False, vel=(0.000,-0.082,0.000), horiz_speed=0.000, pos=(-23.860,-0.094,0.111))
[movedbg #2911] pre(grounded=False, jumping=False, normal=(0.000,1.000,0.000), vel=(0.000,-0.082,0.000)) probe(trace_dist=0.0508, hit=False, normal_y=None, fraction=None) post(grounded=True, vel=(0.000,0.000,0.000), horiz_speed=0.000, pos=(-23.861,-0.094,0.111))
[movedbg #2912] pre(grounded=False, jumping=False, normal=(0.000,1.000,0.000), vel=(0.000,0.000,0.000)) probe(trace_dist=0.0508, hit=False, normal_y=None, fraction=None) post(grounded=False, vel=(0.000,-0.082,0.000), horiz_speed=0.000, pos=(-23.861,-0.094,0.111))
[movedbg #2913] pre(grounded=False, jumping=False, normal=(0.000,1.000,0.000), vel=(0.000,-0.082,0.000)) probe(trace_dist=0.0508, hit=False, normal_y=None, fraction=None) post(grounded=True, vel=(0.000,0.000,0.000), horiz_speed=0.000, pos=(-23.861,-0.093,0.111))
[movedbg #2914] pre(grounded=False, jumping=False, normal=(0.000,1.000,0.000), vel=(0.000,0.000,0.000)) probe(trace_dist=0.0508, hit=False, normal_y=None, fraction=None) post(grounded=False, vel=(0.000,-0.082,0.000), horiz_speed=0.000, pos=(-23.861,-0.094,0.111))
[movedbg #2915] pre(grounded=False, jumping=False, normal=(0.000,1.000,0.000), vel=(0.000,-0.082,0.000)) probe(trace_dist=0.0508, hit=False, normal_y=None, fraction=None) post(grounded=True, vel=(0.000,0.000,0.000), horiz_speed=0.000, pos=(-23.861,-0.094,0.111))
[movedbg #2916] pre(grounded=False, jumping=False, normal=(0.000,1.000,0.000), vel=(0.000,0.000,0.000)) probe(trace_dist=0.0508, hit=False, normal_y=None, fraction=None) post(grounded=False, vel=(0.000,-0.082,0.000), horiz_speed=0.000, pos=(-23.861,-0.095,0.111))
[movedbg #2917] pre(grounded=False, jumping=False, normal=(0.000,1.000,0.000), vel=(0.000,-0.082,0.000)) probe(trace_dist=0.0508, hit=False, normal_y=None, fraction=None) post(grounded=True, vel=(0.000,0.000,0.000), horiz_speed=0.000, pos=(-23.862,-0.094,0.111))
[movedbg #2918] pre(grounded=False, jumping=False, normal=(0.000,1.000,0.000), vel=(0.000,0.000,0.000)) probe(trace_dist=0.0508, hit=False, normal_y=None, fraction=None) post(grounded=False, vel=(0.000,-0.082,0.000), horiz_speed=0.000, pos=(-23.862,-0.095,0.111))
[movedbg #2919] pre(grounded=False, jumping=False, normal=(0.000,1.000,0.000), vel=(0.000,-0.082,0.000)) probe(trace_dist=0.0508, hit=False, normal_y=None, fraction=None) post(grounded=True, vel=(0.000,0.000,0.000), horiz_speed=0.000, pos=(-23.862,-0.094,0.111))
[movedbg #2920] pre(grounded=False, jumping=False, normal=(0.000,1.000,0.000), vel=(0.000,0.000,0.000)) probe(trace_dist=0.0508, hit=False, normal_y=None, fraction=None) post(grounded=False, vel=(0.000,-0.082,0.000), horiz_speed=0.000, pos=(-23.862,-0.094,0.111))
[movedbg #2921] pre(grounded=False, jumping=False, normal=(0.000,1.000,0.000), vel=(0.000,-0.082,0.000)) probe(trace_dist=0.0508, hit=False, normal_y=None, fraction=None) post(grounded=True, vel=(0.000,0.000,0.000), horiz_speed=0.000, pos=(-23.862,-0.095,0.111))
[movedbg #2922] pre(grounded=False, jumping=False, normal=(0.000,1.000,0.000), vel=(0.000,0.000,0.000)) probe(trace_dist=0.0508, hit=False, normal_y=None, fraction=None) post(grounded=False, vel=(0.000,-0.082,0.000), horiz_speed=0.000, pos=(-23.862,-0.095,0.111))
[movedbg #2923] pre(grounded=False, jumping=False, normal=(0.000,1.000,0.000), vel=(0.000,-0.082,0.000)) probe(trace_dist=0.0508, hit=False, normal_y=None, fraction=None) post(grounded=True, vel=(0.000,0.000,0.000), horiz_speed=0.000, pos=(-23.863,-0.094,0.111))
[movedbg #2924] pre(grounded=False, jumping=False, normal=(0.000,1.000,0.000), vel=(0.000,0.000,0.000)) probe(trace_dist=0.0508, hit=False, normal_y=None, fraction=None) post(grounded=False, vel=(0.000,-0.082,0.000), horiz_speed=0.000, pos=(-23.863,-0.095,0.111))
[movedbg #2925] pre(grounded=False, jumping=False, normal=(0.000,1.000,0.000), vel=(0.000,-0.082,0.000)) probe(trace_dist=0.0508, hit=False, normal_y=None, fraction=None) post(grounded=True, vel=(0.000,0.000,0.000), horiz_speed=0.000, pos=(-23.863,-0.094,0.111))
[movedbg #2926] pre(grounded=False, jumping=False, normal=(0.000,1.000,0.000), vel=(0.000,0.000,0.000)) probe(trace_dist=0.0508, hit=False, normal_y=None, fraction=None) post(grounded=False, vel=(0.000,-0.082,0.000), horiz_speed=0.000, pos=(-23.863,-0.095,0.111))
[movedbg #2927] pre(grounded=False, jumping=False, normal=(0.000,1.000,0.000), vel=(0.000,-0.082,0.000)) probe(trace_dist=0.0508, hit=False, normal_y=None, fraction=None) post(grounded=True, vel=(0.000,0.000,0.000), horiz_speed=0.000, pos=(-23.864,-0.095,0.111))
[movedbg #2928] pre(grounded=False, jumping=False, normal=(0.000,1.000,0.000), vel=(0.000,0.000,0.000)) probe(trace_dist=0.0508, hit=False, normal_y=None, fraction=None) post(grounded=False, vel=(0.000,-0.082,0.000), horiz_speed=0.000, pos=(-23.864,-0.096,0.111))
[movedbg #2929] pre(grounded=False, jumping=False, normal=(0.000,1.000,0.000), vel=(0.000,-0.082,0.000)) probe(trace_dist=0.0508, hit=False, normal_y=None, fraction=None) post(grounded=True, vel=(0.000,0.000,0.000), horiz_speed=0.000, pos=(-23.864,-0.095,0.111))
[movedbg #2930] pre(grounded=False, jumping=False, normal=(0.000,1.000,0.000), vel=(0.000,0.000,0.000)) probe(trace_dist=0.0508, hit=False, normal_y=None, fraction=None) post(grounded=False, vel=(0.000,-0.082,0.000), horiz_speed=0.000, pos=(-23.864,-0.096,0.111))
[movedbg #2931] pre(grounded=False, jumping=False, normal=(0.000,1.000,0.000), vel=(0.000,-0.082,0.000)) probe(trace_dist=0.0508, hit=False, normal_y=None, fraction=None) post(grounded=True, vel=(0.000,0.000,0.000), horiz_speed=0.000, pos=(-23.864,-0.095,0.111))
[movedbg #2932] pre(grounded=False, jumping=False, normal=(0.000,1.000,0.000), vel=(0.000,0.000,0.000)) probe(trace_dist=0.0508, hit=False, normal_y=None, fraction=None) post(grounded=False, vel=(0.000,-0.082,0.000), horiz_speed=0.000, pos=(-23.864,-0.095,0.111))
[movedbg #2933] pre(grounded=False, jumping=False, normal=(0.000,1.000,0.000), vel=(0.000,-0.082,0.000)) probe(trace_dist=0.0508, hit=False, normal_y=None, fraction=None) post(grounded=True, vel=(0.000,0.000,0.000), horiz_speed=0.000, pos=(-23.865,-0.096,0.111))
[movedbg #2934] pre(grounded=False, jumping=False, normal=(0.000,1.000,0.000), vel=(0.000,0.000,0.000)) probe(trace_dist=0.0508, hit=False, normal_y=None, fraction=None) post(grounded=True, vel=(0.000,0.000,0.000), horiz_speed=0.000, pos=(-23.865,-0.095,0.111))
[movedbg #2935] pre(grounded=False, jumping=False, normal=(0.000,1.000,0.000), vel=(0.000,0.000,0.000)) probe(trace_dist=0.0508, hit=False, normal_y=None, fraction=None) post(grounded=False, vel=(0.000,-0.082,0.000), horiz_speed=0.000, pos=(-23.865,-0.095,0.111))
[movedbg #2936] pre(grounded=False, jumping=False, normal=(0.000,1.000,0.000), vel=(0.000,-0.082,0.000)) probe(trace_dist=0.0508, hit=False, normal_y=None, fraction=None) post(grounded=False, vel=(0.000,-0.164,0.000), horiz_speed=0.000, pos=(-23.865,-0.097,0.111))
[movedbg #2937] pre(grounded=False, jumping=False, normal=(0.000,1.000,0.000), vel=(0.000,-0.164,0.000)) probe(trace_dist=0.0508, hit=False, normal_y=None, fraction=None) post(grounded=True, vel=(0.000,0.000,0.000), horiz_speed=0.000, pos=(-23.865,-0.096,0.111))
[movedbg #2938] pre(grounded=False, jumping=False, normal=(0.000,1.000,0.000), vel=(0.000,0.000,0.000)) probe(trace_dist=0.0508, hit=False, normal_y=None, fraction=None) post(grounded=False, vel=(0.000,-0.082,0.000), horiz_speed=0.000, pos=(-23.865,-0.096,0.111))
[movedbg #2939] pre(grounded=False, jumping=False, normal=(0.000,1.000,0.000), vel=(0.000,-0.082,0.000)) probe(trace_dist=0.0508, hit=False, normal_y=None, fraction=None) post(grounded=True, vel=(0.000,0.000,0.000), horiz_speed=0.000, pos=(-23.866,-0.096,0.111))
[movedbg #2940] pre(grounded=False, jumping=False, normal=(0.000,1.000,0.000), vel=(0.000,0.000,0.000)) probe(trace_dist=0.0508, hit=False, normal_y=None, fraction=None) post(grounded=False, vel=(0.000,-0.082,0.000), horiz_speed=0.000, pos=(-23.866,-0.096,0.111))
[movedbg #2941] pre(grounded=False, jumping=False, normal=(0.000,1.000,0.000), vel=(0.000,-0.082,0.000)) probe(trace_dist=0.0508, hit=False, normal_y=None, fraction=None) post(grounded=True, vel=(0.000,0.000,0.000), horiz_speed=0.000, pos=(-23.866,-0.095,0.111))
[movedbg #2942] pre(grounded=False, jumping=False, normal=(0.000,1.000,0.000), vel=(0.000,0.000,0.000)) probe(trace_dist=0.0508, hit=False, normal_y=None, fraction=None) post(grounded=False, vel=(0.000,-0.082,0.000), horiz_speed=0.000, pos=(-23.866,-0.096,0.111))
[movedbg #2943] pre(grounded=False, jumping=False, normal=(0.000,1.000,0.000), vel=(0.000,-0.082,0.000)) probe(trace_dist=0.0508, hit=False, normal_y=None, fraction=None) post(grounded=True, vel=(0.000,0.000,0.000), horiz_speed=0.000, pos=(-23.867,-0.096,0.111))
[movedbg #2944] pre(grounded=False, jumping=False, normal=(0.000,1.000,0.000), vel=(0.000,0.000,0.000)) probe(trace_dist=0.0508, hit=False, normal_y=None, fraction=None) post(grounded=True, vel=(0.000,0.000,0.000), horiz_speed=0.000, pos=(-23.867,-0.095,0.111))
[movedbg #2945] pre(grounded=False, jumping=False, normal=(0.000,1.000,0.000), vel=(0.000,0.000,0.000)) probe(trace_dist=0.0508, hit=False, normal_y=None, fraction=None) post(grounded=False, vel=(0.000,-0.082,0.000), horiz_speed=0.000, pos=(-23.867,-0.096,0.111))
[movedbg #2946] pre(grounded=False, jumping=False, normal=(0.000,1.000,0.000), vel=(0.000,-0.082,0.000)) probe(trace_dist=0.0508, hit=False, normal_y=None, fraction=None) post(grounded=False, vel=(0.000,-0.164,0.000), horiz_speed=0.000, pos=(-23.867,-0.097,0.111))
[movedbg #2947] pre(grounded=False, jumping=False, normal=(0.000,1.000,0.000), vel=(0.000,-0.164,0.000)) probe(trace_dist=0.0508, hit=False, normal_y=None, fraction=None) post(grounded=True, vel=(0.000,0.000,0.000), horiz_speed=0.000, pos=(-23.867,-0.096,0.111))
[movedbg #2948] pre(grounded=False, jumping=False, normal=(0.000,1.000,0.000), vel=(0.000,0.000,0.000)) probe(trace_dist=0.0508, hit=False, normal_y=None, fraction=None) post(grounded=False, vel=(0.000,-0.082,0.000), horiz_speed=0.000, pos=(-23.867,-0.097,0.111))
[movedbg #2949] pre(grounded=False, jumping=False, normal=(0.000,1.000,0.000), vel=(0.000,-0.082,0.000)) probe(trace_dist=0.0508, hit=False, normal_y=None, fraction=None) post(grounded=True, vel=(0.000,0.000,0.000), horiz_speed=0.000, pos=(-23.868,-0.096,0.111))
[movedbg #2950] pre(grounded=False, jumping=False, normal=(0.000,1.000,0.000), vel=(0.000,0.000,0.000)) probe(trace_dist=0.0508, hit=False, normal_y=None, fraction=None) post(grounded=False, vel=(0.000,-0.082,0.000), horiz_speed=0.000, pos=(-23.868,-0.097,0.111))
[movedbg #2951] pre(grounded=False, jumping=False, normal=(0.000,1.000,0.000), vel=(0.000,-0.082,0.000)) probe(trace_dist=0.0508, hit=False, normal_y=None, fraction=None) post(grounded=True, vel=(0.000,0.000,0.000), horiz_speed=0.000, pos=(-23.868,-0.096,0.111))
[movedbg #2952] pre(grounded=False, jumping=False, normal=(0.000,1.000,0.000), vel=(0.000,0.000,0.000)) probe(trace_dist=0.0508, hit=False, normal_y=None, fraction=None) post(grounded=False, vel=(0.000,-0.082,0.000), horiz_speed=0.000, pos=(-23.868,-0.097,0.111))
[movedbg #2953] pre(grounded=False, jumping=False, normal=(0.000,1.000,0.000), vel=(0.000,-0.082,0.000)) probe(trace_dist=0.0508, hit=False, normal_y=None, fraction=None) post(grounded=True, vel=(0.000,0.000,0.000), horiz_speed=0.000, pos=(-23.868,-0.097,0.111))
[movedbg #2954] pre(grounded=False, jumping=False, normal=(0.000,1.000,0.000), vel=(0.000,0.000,0.000)) probe(trace_dist=0.0508, hit=False, normal_y=None, fraction=None) post(grounded=False, vel=(0.000,-0.082,0.000), horiz_speed=0.000, pos=(-23.868,-0.098,0.111))
[movedbg #2955] pre(grounded=False, jumping=False, normal=(0.000,1.000,0.000), vel=(0.000,-0.082,0.000)) probe(trace_dist=0.0508, hit=False, normal_y=None, fraction=None) post(grounded=True, vel=(0.000,0.000,0.000), horiz_speed=0.000, pos=(-23.869,-0.097,0.111))
[movedbg #2956] pre(grounded=False, jumping=False, normal=(0.000,1.000,0.000), vel=(0.000,0.000,0.000)) probe(trace_dist=0.0508, hit=False, normal_y=None, fraction=None) post(grounded=False, vel=(0.000,-0.082,0.000), horiz_speed=0.000, pos=(-23.869,-0.097,0.111))
[movedbg #2957] pre(grounded=False, jumping=False, normal=(0.000,1.000,0.000), vel=(0.000,-0.082,0.000)) probe(trace_dist=0.0508, hit=False, normal_y=None, fraction=None) post(grounded=True, vel=(0.000,0.000,0.000), horiz_speed=0.000, pos=(-23.869,-0.097,0.111))
[movedbg #2958] pre(grounded=False, jumping=False, normal=(0.000,1.000,0.000), vel=(0.000,0.000,0.000)) probe(trace_dist=0.0508, hit=False, normal_y=None, fraction=None) post(grounded=False, vel=(0.000,-0.082,0.000), horiz_speed=0.000, pos=(-23.869,-0.097,0.111))
[movedbg #2959] pre(grounded=False, jumping=False, normal=(0.000,1.000,0.000), vel=(0.000,-0.082,0.000)) probe(trace_dist=0.0508, hit=False, normal_y=None, fraction=None) post(grounded=True, vel=(0.000,0.000,0.000), horiz_speed=0.000, pos=(-23.870,-0.097,0.111))
[movedbg #2960] pre(grounded=False, jumping=False, normal=(0.000,1.000,0.000), vel=(0.000,0.000,0.000)) probe(trace_dist=0.0508, hit=False, normal_y=None, fraction=None) post(grounded=False, vel=(0.000,-0.082,0.000), horiz_speed=0.000, pos=(-23.870,-0.098,0.111))
[movedbg #2961] pre(grounded=False, jumping=False, normal=(0.000,1.000,0.000), vel=(0.000,-0.082,0.000)) probe(trace_dist=0.0508, hit=False, normal_y=None, fraction=None) post(grounded=True, vel=(0.000,0.000,0.000), horiz_speed=0.000, pos=(-23.870,-0.097,0.111))
[movedbg #2962] pre(grounded=False, jumping=False, normal=(0.000,1.000,0.000), vel=(0.000,0.000,0.000)) probe(trace_dist=0.0508, hit=False, normal_y=None, fraction=None) post(grounded=False, vel=(0.000,-0.082,0.000), horiz_speed=0.000, pos=(-23.870,-0.098,0.111))
[movedbg #2963] pre(grounded=False, jumping=False, normal=(0.000,1.000,0.000), vel=(0.000,-0.082,0.000)) probe(trace_dist=0.0508, hit=False, normal_y=None, fraction=None) post(grounded=True, vel=(0.000,0.000,0.000), horiz_speed=0.000, pos=(-23.870,-0.097,0.111))
[movedbg #2964] pre(grounded=False, jumping=False, normal=(0.000,1.000,0.000), vel=(0.000,0.000,0.000)) probe(trace_dist=0.0508, hit=False, normal_y=None, fraction=None) post(grounded=False, vel=(0.000,-0.082,0.000), horiz_speed=0.000, pos=(-23.870,-0.098,0.111))
[movedbg #2965] pre(grounded=False, jumping=False, normal=(0.000,1.000,0.000), vel=(0.000,-0.082,0.000)) probe(trace_dist=0.0508, hit=False, normal_y=None, fraction=None) post(grounded=True, vel=(0.000,0.000,0.000), horiz_speed=0.000, pos=(-23.871,-0.098,0.111))
[movedbg #2966] pre(grounded=False, jumping=False, normal=(0.000,1.000,0.000), vel=(0.000,0.000,0.000)) probe(trace_dist=0.0508, hit=False, normal_y=None, fraction=None) post(grounded=False, vel=(0.000,-0.082,0.000), horiz_speed=0.000, pos=(-23.871,-0.099,0.111))
[movedbg #2967] pre(grounded=False, jumping=False, normal=(0.000,1.000,0.000), vel=(0.000,-0.082,0.000)) probe(trace_dist=0.0508, hit=False, normal_y=None, fraction=None) post(grounded=True, vel=(0.000,0.000,0.000), horiz_speed=0.000, pos=(-23.871,-0.098,0.111))
[movedbg #2968] pre(grounded=False, jumping=False, normal=(0.000,1.000,0.000), vel=(0.000,0.000,0.000)) probe(trace_dist=0.0508, hit=False, normal_y=None, fraction=None) post(grounded=False, vel=(0.000,-0.082,0.000), horiz_speed=0.000, pos=(-23.871,-0.098,0.111))
[movedbg #2969] pre(grounded=False, jumping=False, normal=(0.000,1.000,0.000), vel=(0.000,-0.082,0.000)) probe(trace_dist=0.0508, hit=False, normal_y=None, fraction=None) post(grounded=True, vel=(0.000,0.000,0.000), horiz_speed=0.000, pos=(-23.871,-0.097,0.111))
[movedbg #2970] pre(grounded=False, jumping=False, normal=(0.000,1.000,0.000), vel=(0.000,0.000,0.000)) probe(trace_dist=0.0508, hit=False, normal_y=None, fraction=None) post(grounded=False, vel=(0.000,-0.082,0.000), horiz_speed=0.000, pos=(-23.871,-0.098,0.111))
[movedbg #2971] pre(grounded=False, jumping=False, normal=(0.000,1.000,0.000), vel=(0.000,-0.082,0.000)) probe(trace_dist=0.0508, hit=False, normal_y=None, fraction=None) post(grounded=True, vel=(0.000,0.000,0.000), horiz_speed=0.000, pos=(-23.872,-0.098,0.111))
[movedbg #2972] pre(grounded=False, jumping=False, normal=(0.000,1.000,0.000), vel=(0.000,0.000,0.000)) probe(trace_dist=0.0508, hit=False, normal_y=None, fraction=None) post(grounded=False, vel=(0.000,-0.082,0.000), horiz_speed=0.000, pos=(-23.872,-0.099,0.111))
[movedbg #2973] pre(grounded=False, jumping=False, normal=(0.000,1.000,0.000), vel=(0.000,-0.082,0.000)) probe(trace_dist=0.0508, hit=False, normal_y=None, fraction=None) post(grounded=True, vel=(0.000,0.000,0.000), horiz_speed=0.000, pos=(-23.872,-0.098,0.111))
[movedbg #2974] pre(grounded=False, jumping=False, normal=(0.000,1.000,0.000), vel=(0.000,0.000,0.000)) probe(trace_dist=0.0508, hit=False, normal_y=None, fraction=None) post(grounded=False, vel=(0.000,-0.082,0.000), horiz_speed=0.000, pos=(-23.872,-0.099,0.111))
[movedbg #2975] pre(grounded=False, jumping=False, normal=(0.000,1.000,0.000), vel=(0.000,-0.082,0.000)) probe(trace_dist=0.0508, hit=False, normal_y=None, fraction=None) post(grounded=True, vel=(0.000,0.000,0.000), horiz_speed=0.000, pos=(-23.872,-0.098,0.111))
[movedbg #2976] pre(grounded=False, jumping=False, normal=(0.000,1.000,0.000), vel=(0.000,0.000,0.000)) probe(trace_dist=0.0508, hit=False, normal_y=None, fraction=None) post(grounded=False, vel=(0.000,-0.082,0.000), horiz_speed=0.000, pos=(-23.872,-0.099,0.111))
[movedbg #2977] pre(grounded=False, jumping=False, normal=(0.000,1.000,0.000), vel=(0.000,-0.082,0.000)) probe(trace_dist=0.0508, hit=False, normal_y=None, fraction=None) post(grounded=True, vel=(0.000,0.000,0.000), horiz_speed=0.000, pos=(-23.873,-0.099,0.111))
[movedbg #2978] pre(grounded=False, jumping=False, normal=(0.000,1.000,0.000), vel=(0.000,0.000,0.000)) probe(trace_dist=0.0508, hit=False, normal_y=None, fraction=None) post(grounded=False, vel=(0.000,-0.082,0.000), horiz_speed=0.000, pos=(-23.873,-0.099,0.111))
[movedbg #2979] pre(grounded=False, jumping=False, normal=(0.000,1.000,0.000), vel=(0.000,-0.082,0.000)) probe(trace_dist=0.0508, hit=False, normal_y=None, fraction=None) post(grounded=True, vel=(0.000,0.000,0.000), horiz_speed=0.000, pos=(-23.873,-0.099,0.111))
[movedbg #2980] pre(grounded=False, jumping=False, normal=(0.000,1.000,0.000), vel=(0.000,0.000,0.000)) probe(trace_dist=0.0508, hit=False, normal_y=None, fraction=None) post(grounded=False, vel=(0.000,-0.082,0.000), horiz_speed=0.000, pos=(-23.873,-0.099,0.111))
[movedbg #2981] pre(grounded=False, jumping=False, normal=(0.000,1.000,0.000), vel=(0.000,-0.082,0.000)) probe(trace_dist=0.0508, hit=False, normal_y=None, fraction=None) post(grounded=True, vel=(0.000,0.000,0.000), horiz_speed=0.000, pos=(-23.874,-0.098,0.111))
[movedbg #2982] pre(grounded=False, jumping=False, normal=(0.000,1.000,0.000), vel=(0.000,0.000,0.000)) probe(trace_dist=0.0508, hit=False, normal_y=None, fraction=None) post(grounded=False, vel=(0.000,-0.082,0.000), horiz_speed=0.000, pos=(-23.874,-0.099,0.111))
[movedbg #2983] pre(grounded=False, jumping=False, normal=(0.000,1.000,0.000), vel=(0.000,-0.082,0.000)) probe(trace_dist=0.0508, hit=False, normal_y=None, fraction=None) post(grounded=True, vel=(0.000,0.000,0.000), horiz_speed=0.000, pos=(-23.874,-0.099,0.111))
[movedbg #2984] pre(grounded=False, jumping=False, normal=(0.000,1.000,0.000), vel=(0.000,0.000,0.000)) probe(trace_dist=0.0508, hit=False, normal_y=None, fraction=None) post(grounded=False, vel=(0.000,-0.082,0.000), horiz_speed=0.000, pos=(-23.874,-0.100,0.111))
[movedbg #2985] pre(grounded=False, jumping=False, normal=(0.000,1.000,0.000), vel=(0.000,-0.082,0.000)) probe(trace_dist=0.0508, hit=False, normal_y=None, fraction=None) post(grounded=True, vel=(0.000,0.000,0.000), horiz_speed=0.000, pos=(-23.874,-0.099,0.111))
[movedbg #2986] pre(grounded=False, jumping=False, normal=(0.000,1.000,0.000), vel=(0.000,0.000,0.000)) probe(trace_dist=0.0508, hit=False, normal_y=None, fraction=None) post(grounded=False, vel=(0.000,-0.082,0.000), horiz_speed=0.000, pos=(-23.874,-0.100,0.111))
[movedbg #2987] pre(grounded=False, jumping=False, normal=(0.000,1.000,0.000), vel=(0.000,-0.082,0.000)) probe(trace_dist=0.0508, hit=False, normal_y=None, fraction=None) post(grounded=True, vel=(0.000,0.000,0.000), horiz_speed=0.000, pos=(-23.875,-0.099,0.111))
[movedbg #2988] pre(grounded=False, jumping=False, normal=(0.000,1.000,0.000), vel=(0.000,0.000,0.000)) probe(trace_dist=0.0508, hit=False, normal_y=None, fraction=None) post(grounded=False, vel=(0.000,-0.082,0.000), horiz_speed=0.000, pos=(-23.875,-0.099,0.111))
[movedbg #2989] pre(grounded=False, jumping=False, normal=(0.000,1.000,0.000), vel=(0.000,-0.082,0.000)) probe(trace_dist=0.0508, hit=False, normal_y=None, fraction=None) post(grounded=True, vel=(0.000,0.000,0.000), horiz_speed=0.000, pos=(-23.875,-0.100,0.111))
[movedbg #2990] pre(grounded=False, jumping=False, normal=(0.000,1.000,0.000), vel=(0.000,0.000,0.000)) probe(trace_dist=0.0508, hit=False, normal_y=None, fraction=None) post(grounded=False, vel=(0.000,-0.082,0.000), horiz_speed=0.000, pos=(-23.875,-0.100,0.111))
[movedbg #2991] pre(grounded=False, jumping=False, normal=(0.000,1.000,0.000), vel=(0.000,-0.082,0.000)) probe(trace_dist=0.0508, hit=False, normal_y=None, fraction=None) post(grounded=True, vel=(0.000,0.000,0.000), horiz_speed=0.000, pos=(-23.875,-0.099,0.111))
[movedbg #2992] pre(grounded=False, jumping=False, normal=(0.000,1.000,0.000), vel=(0.000,0.000,0.000)) probe(trace_dist=0.0508, hit=False, normal_y=None, fraction=None) post(grounded=False, vel=(0.000,-0.082,0.000), horiz_speed=0.000, pos=(-23.875,-0.100,0.111))
[movedbg #2993] pre(grounded=False, jumping=False, normal=(0.000,1.000,0.000), vel=(0.000,-0.082,0.000)) probe(trace_dist=0.0508, hit=False, normal_y=None, fraction=None) post(grounded=True, vel=(0.000,0.000,0.000), horiz_speed=0.000, pos=(-23.876,-0.099,0.111))
[movedbg #2994] pre(grounded=False, jumping=False, normal=(0.000,1.000,0.000), vel=(0.000,0.000,0.000)) probe(trace_dist=0.0508, hit=False, normal_y=None, fraction=None) post(grounded=False, vel=(0.000,-0.082,0.000), horiz_speed=0.000, pos=(-23.876,-0.100,0.111))
[movedbg #2995] pre(grounded=False, jumping=False, normal=(0.000,1.000,0.000), vel=(0.000,-0.082,0.000)) probe(trace_dist=0.0508, hit=False, normal_y=None, fraction=None) post(grounded=True, vel=(0.000,0.000,0.000), horiz_speed=0.000, pos=(-23.876,-0.100,0.111))
[movedbg #2996] pre(grounded=False, jumping=False, normal=(0.000,1.000,0.000), vel=(0.000,0.000,0.000)) probe(trace_dist=0.0508, hit=False, normal_y=None, fraction=None) post(grounded=False, vel=(0.000,-0.082,0.000), horiz_speed=0.000, pos=(-23.876,-0.101,0.111))
[movedbg #2997] pre(grounded=False, jumping=False, normal=(0.000,1.000,0.000), vel=(0.000,-0.082,0.000)) probe(trace_dist=0.0508, hit=False, normal_y=None, fraction=None) post(grounded=True, vel=(0.000,0.000,0.000), horiz_speed=0.000, pos=(-23.877,-0.100,0.111))
[movedbg #2998] pre(grounded=False, jumping=False, normal=(0.000,1.000,0.000), vel=(0.000,0.000,0.000)) probe(trace_dist=0.0508, hit=False, normal_y=None, fraction=None) post(grounded=False, vel=(0.000,-0.082,0.000), horiz_speed=0.000, pos=(-23.877,-0.101,0.111))
[movedbg #2999] pre(grounded=False, jumping=False, normal=(0.000,1.000,0.000), vel=(0.000,-0.082,0.000)) probe(trace_dist=0.0508, hit=False, normal_y=None, fraction=None) post(grounded=True, vel=(0.000,0.000,0.000), horiz_speed=0.000, pos=(-23.877,-0.100,0.111))
[movedbg #3000] pre(grounded=False, jumping=False, normal=(0.000,1.000,0.000), vel=(0.000,0.000,0.000)) probe(trace_dist=0.0508, hit=False, normal_y=None, fraction=None) post(grounded=False, vel=(0.000,-0.082,0.000), horiz_speed=0.000, pos=(-23.877,-0.100,0.111))
[movedbg #3001] pre(grounded=False, jumping=False, normal=(0.000,1.000,0.000), vel=(0.000,-0.082,0.000)) probe(trace_dist=0.0508, hit=False, normal_y=None, fraction=None) post(grounded=True, vel=(0.000,0.000,0.000), horiz_speed=0.000, pos=(-23.877,-0.101,0.111))
[movedbg #3002] pre(grounded=False, jumping=False, normal=(0.000,1.000,0.000), vel=(0.000,0.000,0.000)) probe(trace_dist=0.0508, hit=False, normal_y=None, fraction=None) post(grounded=False, vel=(0.000,-0.082,0.000), horiz_speed=0.000, pos=(-23.877,-0.101,0.111))
[movedbg #3003] pre(grounded=False, jumping=False, normal=(0.000,1.000,0.000), vel=(0.000,-0.082,0.000)) probe(trace_dist=0.0508, hit=False, normal_y=None, fraction=None) post(grounded=True, vel=(0.000,0.000,0.000), horiz_speed=0.000, pos=(-23.878,-0.100,0.111))
[movedbg #3004] pre(grounded=False, jumping=False, normal=(0.000,1.000,0.000), vel=(0.000,0.000,0.000)) probe(trace_dist=0.0508, hit=False, normal_y=None, fraction=None) post(grounded=False, vel=(0.000,-0.082,0.000), horiz_speed=0.000, pos=(-23.878,-0.101,0.111))
[movedbg #3005] pre(grounded=False, jumping=False, normal=(0.000,1.000,0.000), vel=(0.000,-0.082,0.000)) probe(trace_dist=0.0508, hit=False, normal_y=None, fraction=None) post(grounded=True, vel=(0.000,0.000,0.000), horiz_speed=0.000, pos=(-23.878,-0.100,0.111))
[movedbg #3006] pre(grounded=False, jumping=False, normal=(0.000,1.000,0.000), vel=(0.000,0.000,0.000)) probe(trace_dist=0.0508, hit=False, normal_y=None, fraction=None) post(grounded=False, vel=(0.000,-0.082,0.000), horiz_speed=0.000, pos=(-23.878,-0.101,0.111))
[movedbg #3007] pre(grounded=False, jumping=False, normal=(0.000,1.000,0.000), vel=(0.000,-0.082,0.000)) probe(trace_dist=0.0508, hit=False, normal_y=None, fraction=None) post(grounded=True, vel=(0.000,0.000,0.000), horiz_speed=0.000, pos=(-23.878,-0.101,0.111))
[movedbg #3008] pre(grounded=False, jumping=False, normal=(0.000,1.000,0.000), vel=(0.000,0.000,0.000)) probe(trace_dist=0.0508, hit=False, normal_y=None, fraction=None) post(grounded=False, vel=(0.000,-0.082,0.000), horiz_speed=0.000, pos=(-23.878,-0.102,0.111))
[movedbg #3009] pre(grounded=False, jumping=False, normal=(0.000,1.000,0.000), vel=(0.000,-0.082,0.000)) probe(trace_dist=0.0508, hit=False, normal_y=None, fraction=None) post(grounded=True, vel=(0.000,0.000,0.000), horiz_speed=0.000, pos=(-23.879,-0.101,0.111))
[movedbg #3010] pre(grounded=False, jumping=False, normal=(0.000,1.000,0.000), vel=(0.000,0.000,0.000)) probe(trace_dist=0.0508, hit=False, normal_y=None, fraction=None) post(grounded=False, vel=(0.000,-0.082,0.000), horiz_speed=0.000, pos=(-23.879,-0.101,0.111))
[movedbg #3011] pre(grounded=False, jumping=False, normal=(0.000,1.000,0.000), vel=(0.000,-0.082,0.000)) probe(trace_dist=0.0508, hit=False, normal_y=None, fraction=None) post(grounded=True, vel=(0.000,0.000,0.000), horiz_speed=0.000, pos=(-23.879,-0.101,0.111))
[movedbg #3012] pre(grounded=False, jumping=False, normal=(0.000,1.000,0.000), vel=(0.000,0.000,0.000)) probe(trace_dist=0.0508, hit=False, normal_y=None, fraction=None) post(grounded=False, vel=(0.000,-0.082,0.000), horiz_speed=0.000, pos=(-23.879,-0.101,0.111))
[movedbg #3013] pre(grounded=False, jumping=False, normal=(0.000,1.000,0.000), vel=(0.000,-0.082,0.000)) probe(trace_dist=0.0508, hit=False, normal_y=None, fraction=None) post(grounded=True, vel=(0.000,0.000,0.000), horiz_speed=0.000, pos=(-23.880,-0.101,0.111))
[movedbg #3014] pre(grounded=False, jumping=False, normal=(0.000,1.000,0.000), vel=(0.000,0.000,0.000)) probe(trace_dist=0.0508, hit=False, normal_y=None, fraction=None) post(grounded=False, vel=(0.000,-0.082,0.000), horiz_speed=0.000, pos=(-23.880,-0.102,0.111))
[movedbg #3015] pre(grounded=False, jumping=False, normal=(0.000,1.000,0.000), vel=(0.000,-0.082,0.000)) probe(trace_dist=0.0508, hit=False, normal_y=None, fraction=None) post(grounded=True, vel=(0.000,0.000,0.000), horiz_speed=0.000, pos=(-23.880,-0.101,0.111))
[movedbg #3016] pre(grounded=False, jumping=False, normal=(0.000,1.000,0.000), vel=(0.000,0.000,0.000)) probe(trace_dist=0.0508, hit=False, normal_y=None, fraction=None) post(grounded=False, vel=(0.000,-0.082,0.000), horiz_speed=0.000, pos=(-23.880,-0.102,0.111))
[movedbg #3017] pre(grounded=False, jumping=False, normal=(0.000,1.000,0.000), vel=(0.000,-0.082,0.000)) probe(trace_dist=0.0508, hit=False, normal_y=None, fraction=None) post(grounded=True, vel=(0.000,0.000,0.000), horiz_speed=0.000, pos=(-23.880,-0.101,0.111))
[movedbg #3018] pre(grounded=False, jumping=False, normal=(0.000,1.000,0.000), vel=(0.000,0.000,0.000)) probe(trace_dist=0.0508, hit=False, normal_y=None, fraction=None) post(grounded=False, vel=(0.000,-0.082,0.000), horiz_speed=0.000, pos=(-23.880,-0.102,0.111))
[movedbg #3019] pre(grounded=False, jumping=False, normal=(0.000,1.000,0.000), vel=(0.000,-0.082,0.000)) probe(trace_dist=0.0508, hit=False, normal_y=None, fraction=None) post(grounded=True, vel=(0.000,0.000,0.000), horiz_speed=0.000, pos=(-23.881,-0.102,0.111))
[movedbg #3020] pre(grounded=False, jumping=False, normal=(0.000,1.000,0.000), vel=(0.000,0.000,0.000)) probe(trace_dist=0.0508, hit=False, normal_y=None, fraction=None) post(grounded=True, vel=(0.000,0.000,0.000), horiz_speed=0.000, pos=(-23.881,-0.101,0.111))
[movedbg #3021] pre(grounded=False, jumping=False, normal=(0.000,1.000,0.000), vel=(0.000,0.000,0.000)) probe(trace_dist=0.0508, hit=False, normal_y=None, fraction=None) post(grounded=False, vel=(0.000,-0.082,0.000), horiz_speed=0.000, pos=(-23.881,-0.102,0.111))
[movedbg #3022] pre(grounded=False, jumping=False, normal=(0.000,1.000,0.000), vel=(0.000,-0.082,0.000)) probe(trace_dist=0.0508, hit=False, normal_y=None, fraction=None) post(grounded=False, vel=(0.000,-0.164,0.000), horiz_speed=0.000, pos=(-23.881,-0.103,0.111))
[movedbg #3023] pre(grounded=False, jumping=False, normal=(0.000,1.000,0.000), vel=(0.000,-0.164,0.000)) probe(trace_dist=0.0508, hit=False, normal_y=None, fraction=None) post(grounded=True, vel=(0.000,0.000,0.000), horiz_speed=0.000, pos=(-23.881,-0.102,0.111))
[movedbg #3024] pre(grounded=False, jumping=False, normal=(0.000,1.000,0.000), vel=(0.000,0.000,0.000)) probe(trace_dist=0.0508, hit=False, normal_y=None, fraction=None) post(grounded=False, vel=(0.000,-0.082,0.000), horiz_speed=0.000, pos=(-23.881,-0.103,0.111))
[movedbg #3025] pre(grounded=False, jumping=False, normal=(0.000,1.000,0.000), vel=(0.000,-0.082,0.000)) probe(trace_dist=0.0508, hit=False, normal_y=None, fraction=None) post(grounded=True, vel=(0.000,0.000,0.000), horiz_speed=0.000, pos=(-23.882,-0.102,0.111))
[movedbg #3026] pre(grounded=False, jumping=False, normal=(0.000,1.000,0.000), vel=(0.000,0.000,0.000)) probe(trace_dist=0.0508, hit=False, normal_y=None, fraction=None) post(grounded=False, vel=(0.000,-0.082,0.000), horiz_speed=0.000, pos=(-23.882,-0.103,0.111))
[movedbg #3027] pre(grounded=False, jumping=False, normal=(0.000,1.000,0.000), vel=(0.000,-0.082,0.000)) probe(trace_dist=0.0508, hit=False, normal_y=None, fraction=None) post(grounded=True, vel=(0.000,0.000,0.000), horiz_speed=0.000, pos=(-23.882,-0.102,0.111))
[movedbg #3028] pre(grounded=False, jumping=False, normal=(0.000,1.000,0.000), vel=(0.000,0.000,0.000)) probe(trace_dist=0.0508, hit=False, normal_y=None, fraction=None) post(grounded=False, vel=(0.000,-0.082,0.000), horiz_speed=0.000, pos=(-23.882,-0.102,0.111))
[movedbg #3029] pre(grounded=False, jumping=False, normal=(0.000,1.000,0.000), vel=(0.000,-0.082,0.000)) probe(trace_dist=0.0508, hit=False, normal_y=None, fraction=None) post(grounded=True, vel=(0.000,0.000,0.000), horiz_speed=0.000, pos=(-23.882,-0.103,0.111))
[movedbg #3030] pre(grounded=False, jumping=False, normal=(0.000,1.000,0.000), vel=(0.000,0.000,0.000)) probe(trace_dist=0.0508, hit=False, normal_y=None, fraction=None) post(grounded=False, vel=(0.000,-0.082,0.000), horiz_speed=0.000, pos=(-23.882,-0.103,0.111))
[movedbg #3031] pre(grounded=False, jumping=False, normal=(0.000,1.000,0.000), vel=(0.000,-0.082,0.000)) probe(trace_dist=0.0508, hit=False, normal_y=None, fraction=None) post(grounded=True, vel=(0.000,0.000,0.000), horiz_speed=0.000, pos=(-23.883,-0.102,0.111))
[movedbg #3032] pre(grounded=False, jumping=False, normal=(0.000,1.000,0.000), vel=(0.000,0.000,0.000)) probe(trace_dist=0.0508, hit=False, normal_y=None, fraction=None) post(grounded=False, vel=(0.000,-0.082,0.000), horiz_speed=0.000, pos=(-23.883,-0.103,0.111))
[movedbg #3033] pre(grounded=False, jumping=False, normal=(0.000,1.000,0.000), vel=(0.000,-0.082,0.000)) probe(trace_dist=0.0508, hit=False, normal_y=None, fraction=None) post(grounded=True, vel=(0.000,0.000,0.000), horiz_speed=0.000, pos=(-23.883,-0.102,0.111))
[movedbg #3034] pre(grounded=False, jumping=False, normal=(0.000,1.000,0.000), vel=(0.000,0.000,0.000)) probe(trace_dist=0.0508, hit=False, normal_y=None, fraction=None) post(grounded=False, vel=(0.000,-0.082,0.000), horiz_speed=0.000, pos=(-23.883,-0.103,0.111))
[movedbg #3035] pre(grounded=False, jumping=False, normal=(0.000,1.000,0.000), vel=(0.000,-0.082,0.000)) probe(trace_dist=0.0508, hit=False, normal_y=None, fraction=None) post(grounded=True, vel=(0.000,0.000,0.000), horiz_speed=0.000, pos=(-23.884,-0.103,0.111))
[movedbg #3036] pre(grounded=False, jumping=False, normal=(0.000,1.000,0.000), vel=(0.000,0.000,0.000)) probe(trace_dist=0.0508, hit=False, normal_y=None, fraction=None) post(grounded=False, vel=(0.000,-0.082,0.000), horiz_speed=0.000, pos=(-23.884,-0.104,0.111))
[movedbg #3037] pre(grounded=False, jumping=False, normal=(0.000,1.000,0.000), vel=(0.000,-0.082,0.000)) probe(trace_dist=0.0508, hit=False, normal_y=None, fraction=None) post(grounded=True, vel=(0.000,0.000,0.000), horiz_speed=0.000, pos=(-23.884,-0.103,0.111))
[movedbg #3038] pre(grounded=False, jumping=False, normal=(0.000,1.000,0.000), vel=(0.000,0.000,0.000)) probe(trace_dist=0.0508, hit=False, normal_y=None, fraction=None) post(grounded=False, vel=(0.000,-0.082,0.000), horiz_speed=0.000, pos=(-23.884,-0.103,0.111))
[movedbg #3039] pre(grounded=False, jumping=False, normal=(0.000,1.000,0.000), vel=(0.000,-0.082,0.000)) probe(trace_dist=0.0508, hit=False, normal_y=None, fraction=None) post(grounded=True, vel=(0.000,0.000,0.000), horiz_speed=0.000, pos=(-23.884,-0.103,0.111))
[movedbg #3040] pre(grounded=False, jumping=False, normal=(0.000,1.000,0.000), vel=(0.000,0.000,0.000)) probe(trace_dist=0.0508, hit=False, normal_y=None, fraction=None) post(grounded=False, vel=(0.000,-0.082,0.000), horiz_speed=0.000, pos=(-23.884,-0.103,0.111))
[movedbg #3041] pre(grounded=False, jumping=False, normal=(0.000,1.000,0.000), vel=(0.000,-0.082,0.000)) probe(trace_dist=0.0508, hit=False, normal_y=None, fraction=None) post(grounded=True, vel=(0.000,0.000,0.000), horiz_speed=0.000, pos=(-23.885,-0.104,0.111))
[movedbg #3042] pre(grounded=False, jumping=False, normal=(0.000,1.000,0.000), vel=(0.000,0.000,0.000)) probe(trace_dist=0.0508, hit=False, normal_y=None, fraction=None) post(grounded=False, vel=(0.000,-0.082,0.000), horiz_speed=0.000, pos=(-23.885,-0.104,0.111))
[movedbg #3043] pre(grounded=False, jumping=False, normal=(0.000,1.000,0.000), vel=(0.000,-0.082,0.000)) probe(trace_dist=0.0508, hit=False, normal_y=None, fraction=None) post(grounded=True, vel=(0.000,0.000,0.000), horiz_speed=0.000, pos=(-23.885,-0.103,0.111))
[movedbg #3044] pre(grounded=False, jumping=False, normal=(0.000,1.000,0.000), vel=(0.000,0.000,0.000)) probe(trace_dist=0.0508, hit=False, normal_y=None, fraction=None) post(grounded=False, vel=(0.000,-0.082,0.000), horiz_speed=0.000, pos=(-23.885,-0.104,0.111))
[movedbg #3045] pre(grounded=False, jumping=False, normal=(0.000,1.000,0.000), vel=(0.000,-0.082,0.000)) probe(trace_dist=0.0508, hit=False, normal_y=None, fraction=None) post(grounded=True, vel=(0.000,0.000,0.000), horiz_speed=0.000, pos=(-23.885,-0.103,0.111))
[movedbg #3046] pre(grounded=False, jumping=False, normal=(0.000,1.000,0.000), vel=(0.000,0.000,0.000)) probe(trace_dist=0.0508, hit=False, normal_y=None, fraction=None) post(grounded=False, vel=(0.000,-0.082,0.000), horiz_speed=0.000, pos=(-23.885,-0.104,0.111))
[movedbg #3047] pre(grounded=False, jumping=False, normal=(0.000,1.000,0.000), vel=(0.000,-0.082,0.000)) probe(trace_dist=0.0508, hit=False, normal_y=None, fraction=None) post(grounded=True, vel=(0.000,0.000,0.000), horiz_speed=0.000, pos=(-23.886,-0.104,0.111))
[movedbg #3048] pre(grounded=False, jumping=False, normal=(0.000,1.000,0.000), vel=(0.000,0.000,0.000)) probe(trace_dist=0.0508, hit=False, normal_y=None, fraction=None) post(grounded=False, vel=(0.000,-0.082,0.000), horiz_speed=0.000, pos=(-23.886,-0.105,0.111))
[movedbg #3049] pre(grounded=False, jumping=False, normal=(0.000,1.000,0.000), vel=(0.000,-0.082,0.000)) probe(trace_dist=0.0508, hit=False, normal_y=None, fraction=None) post(grounded=True, vel=(0.000,0.000,0.000), horiz_speed=0.000, pos=(-23.886,-0.104,0.111))
[movedbg #3050] pre(grounded=False, jumping=False, normal=(0.000,1.000,0.000), vel=(0.000,0.000,0.000)) probe(trace_dist=0.0508, hit=False, normal_y=None, fraction=None) post(grounded=False, vel=(0.000,-0.082,0.000), horiz_speed=0.000, pos=(-23.886,-0.104,0.111))
[movedbg #3051] pre(grounded=False, jumping=False, normal=(0.000,1.000,0.000), vel=(0.000,-0.082,0.000)) probe(trace_dist=0.0508, hit=False, normal_y=None, fraction=None) post(grounded=True, vel=(0.000,0.000,0.000), horiz_speed=0.000, pos=(-23.887,-0.103,0.111))
[movedbg #3052] pre(grounded=False, jumping=False, normal=(0.000,1.000,0.000), vel=(0.000,0.000,0.000)) probe(trace_dist=0.0508, hit=False, normal_y=None, fraction=None) post(grounded=False, vel=(0.000,-0.082,0.000), horiz_speed=0.000, pos=(-23.887,-0.104,0.111))
[movedbg #3053] pre(grounded=False, jumping=False, normal=(0.000,1.000,0.000), vel=(0.000,-0.082,0.000)) probe(trace_dist=0.0508, hit=False, normal_y=None, fraction=None) post(grounded=True, vel=(0.000,0.000,0.000), horiz_speed=0.000, pos=(-23.887,-0.104,0.111))
[movedbg #3054] pre(grounded=False, jumping=False, normal=(0.000,1.000,0.000), vel=(0.000,0.000,0.000)) probe(trace_dist=0.0508, hit=False, normal_y=None, fraction=None) post(grounded=False, vel=(0.000,-0.082,0.000), horiz_speed=0.000, pos=(-23.887,-0.105,0.111))
[movedbg #3055] pre(grounded=False, jumping=False, normal=(0.000,1.000,0.000), vel=(0.000,-0.082,0.000)) probe(trace_dist=0.0508, hit=False, normal_y=None, fraction=None) post(grounded=True, vel=(0.000,0.000,0.000), horiz_speed=0.000, pos=(-23.887,-0.104,0.111))
[movedbg #3056] pre(grounded=False, jumping=False, normal=(0.000,1.000,0.000), vel=(0.000,0.000,0.000)) probe(trace_dist=0.0508, hit=False, normal_y=None, fraction=None) post(grounded=False, vel=(0.000,-0.082,0.000), horiz_speed=0.000, pos=(-23.887,-0.105,0.111))
[movedbg #3057] pre(grounded=False, jumping=False, normal=(0.000,1.000,0.000), vel=(0.000,-0.082,0.000)) probe(trace_dist=0.0508, hit=False, normal_y=None, fraction=None) post(grounded=True, vel=(0.000,0.000,0.000), horiz_speed=0.000, pos=(-23.888,-0.104,0.111))
[movedbg #3058] pre(grounded=False, jumping=False, normal=(0.000,1.000,0.000), vel=(0.000,0.000,0.000)) probe(trace_dist=0.0508, hit=False, normal_y=None, fraction=None) post(grounded=False, vel=(0.000,-0.082,0.000), horiz_speed=0.000, pos=(-23.888,-0.105,0.111))
[movedbg #3059] pre(grounded=False, jumping=False, normal=(0.000,1.000,0.000), vel=(0.000,-0.082,0.000)) probe(trace_dist=0.0508, hit=False, normal_y=None, fraction=None) post(grounded=True, vel=(0.000,0.000,0.000), horiz_speed=0.000, pos=(-23.888,-0.105,0.111))
[movedbg #3060] pre(grounded=False, jumping=False, normal=(0.000,1.000,0.000), vel=(0.000,0.000,0.000)) probe(trace_dist=0.0508, hit=False, normal_y=None, fraction=None) post(grounded=False, vel=(0.000,-0.082,0.000), horiz_speed=0.000, pos=(-23.888,-0.106,0.111))
[movedbg #3061] pre(grounded=False, jumping=False, normal=(0.000,1.000,0.000), vel=(0.000,-0.082,0.000)) probe(trace_dist=0.0508, hit=False, normal_y=None, fraction=None) post(grounded=True, vel=(0.000,0.000,0.000), horiz_speed=0.000, pos=(-23.888,-0.105,0.111))
[movedbg #3062] pre(grounded=False, jumping=False, normal=(0.000,1.000,0.000), vel=(0.000,0.000,0.000)) probe(trace_dist=0.0508, hit=False, normal_y=None, fraction=None) post(grounded=False, vel=(0.000,-0.082,0.000), horiz_speed=0.000, pos=(-23.888,-0.105,0.111))
[movedbg #3063] pre(grounded=False, jumping=False, normal=(0.000,1.000,0.000), vel=(0.000,-0.082,0.000)) probe(trace_dist=0.0508, hit=False, normal_y=None, fraction=None) post(grounded=True, vel=(0.000,0.000,0.000), horiz_speed=0.000, pos=(-23.889,-0.104,0.111))
[movedbg #3064] pre(grounded=False, jumping=False, normal=(0.000,1.000,0.000), vel=(0.000,0.000,0.000)) probe(trace_dist=0.0508, hit=False, normal_y=None, fraction=None) post(grounded=False, vel=(0.000,-0.082,0.000), horiz_speed=0.000, pos=(-23.889,-0.105,0.111))
[movedbg #3065] pre(grounded=False, jumping=False, normal=(0.000,1.000,0.000), vel=(0.000,-0.082,0.000)) probe(trace_dist=0.0508, hit=False, normal_y=None, fraction=None) post(grounded=True, vel=(0.000,0.000,0.000), horiz_speed=0.000, pos=(-23.889,-0.105,0.111))
[movedbg #3066] pre(grounded=False, jumping=False, normal=(0.000,1.000,0.000), vel=(0.000,0.000,0.000)) probe(trace_dist=0.0508, hit=False, normal_y=None, fraction=None) post(grounded=False, vel=(0.000,-0.082,0.000), horiz_speed=0.000, pos=(-23.889,-0.106,0.111))
[movedbg #3067] pre(grounded=False, jumping=False, normal=(0.000,1.000,0.000), vel=(0.000,-0.082,0.000)) probe(trace_dist=0.0508, hit=False, normal_y=None, fraction=None) post(grounded=True, vel=(0.000,0.000,0.000), horiz_speed=0.000, pos=(-23.890,-0.105,0.111))
[movedbg #3068] pre(grounded=False, jumping=False, normal=(0.000,1.000,0.000), vel=(0.000,0.000,0.000)) probe(trace_dist=0.0508, hit=False, normal_y=None, fraction=None) post(grounded=False, vel=(0.000,-0.082,0.000), horiz_speed=0.000, pos=(-23.890,-0.106,0.111))
[movedbg #3069] pre(grounded=False, jumping=False, normal=(0.000,1.000,0.000), vel=(0.000,-0.082,0.000)) probe(trace_dist=0.0508, hit=False, normal_y=None, fraction=None) post(grounded=True, vel=(0.000,0.000,0.000), horiz_speed=0.000, pos=(-23.890,-0.105,0.111))
[movedbg #3070] pre(grounded=False, jumping=False, normal=(0.000,1.000,0.000), vel=(0.000,0.000,0.000)) probe(trace_dist=0.0508, hit=False, normal_y=None, fraction=None) post(grounded=False, vel=(0.000,-0.082,0.000), horiz_speed=0.000, pos=(-23.890,-0.105,0.111))
[movedbg #3071] pre(grounded=False, jumping=False, normal=(0.000,1.000,0.000), vel=(0.000,-0.082,0.000)) probe(trace_dist=0.0508, hit=False, normal_y=None, fraction=None) post(grounded=True, vel=(0.000,0.000,0.000), horiz_speed=0.000, pos=(-23.890,-0.106,0.111))
[movedbg #3072] pre(grounded=False, jumping=False, normal=(0.000,1.000,0.000), vel=(0.000,0.000,0.000)) probe(trace_dist=0.0508, hit=False, normal_y=None, fraction=None) post(grounded=True, vel=(0.000,0.000,0.000), horiz_speed=0.000, pos=(-23.891,-0.105,0.111))
[movedbg #3073] pre(grounded=False, jumping=False, normal=(0.000,1.000,0.000), vel=(0.000,0.000,0.000)) probe(trace_dist=0.0508, hit=False, normal_y=None, fraction=None) post(grounded=False, vel=(0.000,-0.082,0.000), horiz_speed=0.000, pos=(-23.891,-0.105,0.111))
[movedbg #3074] pre(grounded=False, jumping=False, normal=(0.000,1.000,0.000), vel=(0.000,-0.082,0.000)) probe(trace_dist=0.0508, hit=False, normal_y=None, fraction=None) post(grounded=False, vel=(0.000,-0.164,0.000), horiz_speed=0.000, pos=(-23.891,-0.107,0.111))
[movedbg #3075] pre(grounded=False, jumping=False, normal=(0.000,1.000,0.000), vel=(0.000,-0.164,0.000)) probe(trace_dist=0.0508, hit=False, normal_y=None, fraction=None) post(grounded=True, vel=(0.000,0.000,0.000), horiz_speed=0.000, pos=(-23.891,-0.106,0.111))
[movedbg #3076] pre(grounded=False, jumping=False, normal=(0.000,1.000,0.000), vel=(0.000,0.000,0.000)) probe(trace_dist=0.0508, hit=False, normal_y=None, fraction=None) post(grounded=False, vel=(0.000,-0.082,0.000), horiz_speed=0.000, pos=(-23.891,-0.107,0.111))
[movedbg #3077] pre(grounded=False, jumping=False, normal=(0.000,1.000,0.000), vel=(0.000,-0.082,0.000)) probe(trace_dist=0.0508, hit=False, normal_y=None, fraction=None) post(grounded=True, vel=(0.000,0.000,0.000), horiz_speed=0.000, pos=(-23.891,-0.106,0.111))
[movedbg #3078] pre(grounded=False, jumping=False, normal=(0.000,1.000,0.000), vel=(0.000,0.000,0.000)) probe(trace_dist=0.0508, hit=False, normal_y=None, fraction=None) post(grounded=False, vel=(0.000,-0.082,0.000), horiz_speed=0.000, pos=(-23.891,-0.106,0.111))
[movedbg #3079] pre(grounded=False, jumping=False, normal=(0.000,1.000,0.000), vel=(0.000,-0.082,0.000)) probe(trace_dist=0.0508, hit=False, normal_y=None, fraction=None) post(grounded=True, vel=(0.000,0.000,0.000), horiz_speed=0.000, pos=(-23.892,-0.105,0.111))
[movedbg #3080] pre(grounded=False, jumping=False, normal=(0.000,1.000,0.000), vel=(0.000,0.000,0.000)) probe(trace_dist=0.0508, hit=False, normal_y=None, fraction=None) post(grounded=False, vel=(0.000,-0.082,0.000), horiz_speed=0.000, pos=(-23.892,-0.106,0.111))
[movedbg #3081] pre(grounded=False, jumping=False, normal=(0.000,1.000,0.000), vel=(0.000,-0.082,0.000)) probe(trace_dist=0.0508, hit=False, normal_y=None, fraction=None) post(grounded=True, vel=(0.000,0.000,0.000), horiz_speed=0.000, pos=(-23.892,-0.106,0.111))
[movedbg #3082] pre(grounded=False, jumping=False, normal=(0.000,1.000,0.000), vel=(0.000,0.000,0.000)) probe(trace_dist=0.0508, hit=False, normal_y=None, fraction=None) post(grounded=False, vel=(0.000,-0.082,0.000), horiz_speed=0.000, pos=(-23.892,-0.107,0.111))
[movedbg #3083] pre(grounded=False, jumping=False, normal=(0.000,1.000,0.000), vel=(0.000,-0.082,0.000)) probe(trace_dist=0.0508, hit=False, normal_y=None, fraction=None) post(grounded=True, vel=(0.000,0.000,0.000), horiz_speed=0.000, pos=(-23.892,-0.106,0.111))
[movedbg #3084] pre(grounded=False, jumping=False, normal=(0.000,1.000,0.000), vel=(0.000,0.000,0.000)) probe(trace_dist=0.0508, hit=False, normal_y=None, fraction=None) post(grounded=False, vel=(0.000,-0.082,0.000), horiz_speed=0.000, pos=(-23.892,-0.107,0.111))
[movedbg #3085] pre(grounded=False, jumping=False, normal=(0.000,1.000,0.000), vel=(0.000,-0.082,0.000)) probe(trace_dist=0.0508, hit=False, normal_y=None, fraction=None) post(grounded=True, vel=(0.000,0.000,0.000), horiz_speed=0.000, pos=(-23.893,-0.106,0.111))
[movedbg #3086] pre(grounded=False, jumping=False, normal=(0.000,1.000,0.000), vel=(0.000,0.000,0.000)) probe(trace_dist=0.0508, hit=False, normal_y=None, fraction=None) post(grounded=False, vel=(0.000,-0.082,0.000), horiz_speed=0.000, pos=(-23.893,-0.107,0.111))
[movedbg #3087] pre(grounded=False, jumping=False, normal=(0.000,1.000,0.000), vel=(0.000,-0.082,0.000)) probe(trace_dist=0.0508, hit=False, normal_y=None, fraction=None) post(grounded=True, vel=(0.000,0.000,0.000), horiz_speed=0.000, pos=(-23.893,-0.107,0.111))
[movedbg #3088] pre(grounded=False, jumping=False, normal=(0.000,1.000,0.000), vel=(0.000,0.000,0.000)) probe(trace_dist=0.0508, hit=False, normal_y=None, fraction=None) post(grounded=False, vel=(0.000,-0.082,0.000), horiz_speed=0.000, pos=(-23.893,-0.108,0.111))
[movedbg #3089] pre(grounded=False, jumping=False, normal=(0.000,1.000,0.000), vel=(0.000,-0.082,0.000)) probe(trace_dist=0.0508, hit=False, normal_y=None, fraction=None) post(grounded=True, vel=(0.000,0.000,0.000), horiz_speed=0.000, pos=(-23.894,-0.107,0.111))
[movedbg #3090] pre(grounded=False, jumping=False, normal=(0.000,1.000,0.000), vel=(0.000,0.000,0.000)) probe(trace_dist=0.0508, hit=False, normal_y=None, fraction=None) post(grounded=False, vel=(0.000,-0.082,0.000), horiz_speed=0.000, pos=(-23.894,-0.107,0.111))
[movedbg #3091] pre(grounded=False, jumping=False, normal=(0.000,1.000,0.000), vel=(0.000,-0.082,0.000)) probe(trace_dist=0.0508, hit=False, normal_y=None, fraction=None) post(grounded=True, vel=(0.000,0.000,0.000), horiz_speed=0.000, pos=(-23.894,-0.106,0.111))
[movedbg #3092] pre(grounded=False, jumping=False, normal=(0.000,1.000,0.000), vel=(0.000,0.000,0.000)) probe(trace_dist=0.0508, hit=False, normal_y=None, fraction=None) post(grounded=False, vel=(0.000,-0.082,0.000), horiz_speed=0.000, pos=(-23.894,-0.107,0.111))
[movedbg #3093] pre(grounded=False, jumping=False, normal=(0.000,1.000,0.000), vel=(0.000,-0.082,0.000)) probe(trace_dist=0.0508, hit=False, normal_y=None, fraction=None) post(grounded=True, vel=(0.000,0.000,0.000), horiz_speed=0.000, pos=(-23.894,-0.107,0.111))
[movedbg #3094] pre(grounded=False, jumping=False, normal=(0.000,1.000,0.000), vel=(0.000,0.000,0.000)) probe(trace_dist=0.0508, hit=False, normal_y=None, fraction=None) post(grounded=False, vel=(0.000,-0.082,0.000), horiz_speed=0.000, pos=(-23.894,-0.108,0.111))
[movedbg #3095] pre(grounded=False, jumping=False, normal=(0.000,1.000,0.000), vel=(0.000,-0.082,0.000)) probe(trace_dist=0.0508, hit=False, normal_y=None, fraction=None) post(grounded=True, vel=(0.000,0.000,0.000), horiz_speed=0.000, pos=(-23.895,-0.107,0.111))
[movedbg #3096] pre(grounded=False, jumping=False, normal=(0.000,1.000,0.000), vel=(0.000,0.000,0.000)) probe(trace_dist=0.0508, hit=False, normal_y=None, fraction=None) post(grounded=False, vel=(0.000,-0.082,0.000), horiz_speed=0.000, pos=(-23.895,-0.108,0.111))
[movedbg #3097] pre(grounded=False, jumping=False, normal=(0.000,1.000,0.000), vel=(0.000,-0.082,0.000)) probe(trace_dist=0.0508, hit=False, normal_y=None, fraction=None) post(grounded=True, vel=(0.000,0.000,0.000), horiz_speed=0.000, pos=(-23.895,-0.107,0.111))
[movedbg #3098] pre(grounded=False, jumping=False, normal=(0.000,1.000,0.000), vel=(0.000,0.000,0.000)) probe(trace_dist=0.0508, hit=False, normal_y=None, fraction=None) post(grounded=False, vel=(0.000,-0.082,0.000), horiz_speed=0.000, pos=(-23.895,-0.108,0.111))
[movedbg #3099] pre(grounded=False, jumping=False, normal=(0.000,1.000,0.000), vel=(0.000,-0.082,0.000)) probe(trace_dist=0.0508, hit=False, normal_y=None, fraction=None) post(grounded=True, vel=(0.000,0.000,0.000), horiz_speed=0.000, pos=(-23.895,-0.108,0.111))
[movedbg #3100] pre(grounded=False, jumping=False, normal=(0.000,1.000,0.000), vel=(0.000,0.000,0.000)) probe(trace_dist=0.0508, hit=False, normal_y=None, fraction=None) post(grounded=False, vel=(0.000,-0.082,0.000), horiz_speed=0.000, pos=(-23.895,-0.108,0.111))
[movedbg #3101] pre(grounded=False, jumping=False, normal=(0.000,1.000,0.000), vel=(0.000,-0.082,0.000)) probe(trace_dist=0.0508, hit=False, normal_y=None, fraction=None) post(grounded=True, vel=(0.000,0.000,0.000), horiz_speed=0.000, pos=(-23.896,-0.108,0.111))
[movedbg #3102] pre(grounded=False, jumping=False, normal=(0.000,1.000,0.000), vel=(0.000,0.000,0.000)) probe(trace_dist=0.0508, hit=False, normal_y=None, fraction=None) post(grounded=False, vel=(0.000,-0.082,0.000), horiz_speed=0.000, pos=(-23.896,-0.108,0.111))
[movedbg #3103] pre(grounded=False, jumping=False, normal=(0.000,1.000,0.000), vel=(0.000,-0.082,0.000)) probe(trace_dist=0.0508, hit=False, normal_y=None, fraction=None) post(grounded=True, vel=(0.000,0.000,0.000), horiz_speed=0.000, pos=(-23.896,-0.107,0.111))
[movedbg #3104] pre(grounded=False, jumping=False, normal=(0.000,1.000,0.000), vel=(0.000,0.000,0.000)) probe(trace_dist=0.0508, hit=False, normal_y=None, fraction=None) post(grounded=False, vel=(0.000,-0.082,0.000), horiz_speed=0.000, pos=(-23.896,-0.108,0.111))
[movedbg #3105] pre(grounded=False, jumping=False, normal=(0.000,1.000,0.000), vel=(0.000,-0.082,0.000)) probe(trace_dist=0.0508, hit=False, normal_y=None, fraction=None) post(grounded=True, vel=(0.000,0.000,0.000), horiz_speed=0.000, pos=(-23.897,-0.108,0.111))
[movedbg #3106] pre(grounded=False, jumping=False, normal=(0.000,1.000,0.000), vel=(0.000,0.000,0.000)) probe(trace_dist=0.0508, hit=False, normal_y=None, fraction=None) post(grounded=False, vel=(0.000,-0.082,0.000), horiz_speed=0.000, pos=(-23.897,-0.109,0.111))
[movedbg #3107] pre(grounded=False, jumping=False, normal=(0.000,1.000,0.000), vel=(0.000,-0.082,0.000)) probe(trace_dist=0.0508, hit=False, normal_y=None, fraction=None) post(grounded=True, vel=(0.000,0.000,0.000), horiz_speed=0.000, pos=(-23.897,-0.108,0.111))
[movedbg #3108] pre(grounded=False, jumping=False, normal=(0.000,1.000,0.000), vel=(0.000,0.000,0.000)) probe(trace_dist=0.0508, hit=False, normal_y=None, fraction=None) post(grounded=False, vel=(0.000,-0.082,0.000), horiz_speed=0.000, pos=(-23.897,-0.109,0.111))
[movedbg #3109] pre(grounded=False, jumping=False, normal=(0.000,1.000,0.000), vel=(0.000,-0.082,0.000)) probe(trace_dist=0.0508, hit=False, normal_y=None, fraction=None) post(grounded=True, vel=(0.000,0.000,0.000), horiz_speed=0.000, pos=(-23.897,-0.108,0.111))
[movedbg #3110] pre(grounded=False, jumping=False, normal=(0.000,1.000,0.000), vel=(0.000,0.000,0.000)) probe(trace_dist=0.0508, hit=False, normal_y=None, fraction=None) post(grounded=False, vel=(0.000,-0.082,0.000), horiz_speed=0.000, pos=(-23.897,-0.108,0.111))
[movedbg #3111] pre(grounded=False, jumping=False, normal=(0.000,1.000,0.000), vel=(0.000,-0.082,0.000)) probe(trace_dist=0.0508, hit=False, normal_y=None, fraction=None) post(grounded=True, vel=(0.000,0.000,0.000), horiz_speed=0.000, pos=(-23.898,-0.109,0.111))
[movedbg #3112] pre(grounded=False, jumping=False, normal=(0.000,1.000,0.000), vel=(0.000,0.000,0.000)) probe(trace_dist=0.0508, hit=False, normal_y=None, fraction=None) post(grounded=False, vel=(0.000,-0.082,0.000), horiz_speed=0.000, pos=(-23.898,-0.109,0.111))
[movedbg #3113] pre(grounded=False, jumping=False, normal=(0.000,1.000,0.000), vel=(0.000,-0.082,0.000)) probe(trace_dist=0.0508, hit=False, normal_y=None, fraction=None) post(grounded=True, vel=(0.000,0.000,0.000), horiz_speed=0.000, pos=(-23.898,-0.108,0.111))
[movedbg #3114] pre(grounded=False, jumping=False, normal=(0.000,1.000,0.000), vel=(0.000,0.000,0.000)) probe(trace_dist=0.0508, hit=False, normal_y=None, fraction=None) post(grounded=False, vel=(0.000,-0.082,0.000), horiz_speed=0.000, pos=(-23.898,-0.109,0.111))
[movedbg #3115] pre(grounded=False, jumping=False, normal=(0.000,1.000,0.000), vel=(0.000,-0.082,0.000)) probe(trace_dist=0.0508, hit=False, normal_y=None, fraction=None) post(grounded=True, vel=(0.000,0.000,0.000), horiz_speed=0.000, pos=(-23.898,-0.108,0.111))
[movedbg #3116] pre(grounded=False, jumping=False, normal=(0.000,1.000,0.000), vel=(0.000,0.000,0.000)) probe(trace_dist=0.0508, hit=False, normal_y=None, fraction=None) post(grounded=False, vel=(0.000,-0.082,0.000), horiz_speed=0.000, pos=(-23.898,-0.109,0.111))
[movedbg #3117] pre(grounded=False, jumping=False, normal=(0.000,1.000,0.000), vel=(0.000,-0.082,0.000)) probe(trace_dist=0.0508, hit=False, normal_y=None, fraction=None) post(grounded=True, vel=(0.000,0.000,0.000), horiz_speed=0.000, pos=(-23.899,-0.109,0.111))
[movedbg #3118] pre(grounded=False, jumping=False, normal=(0.000,1.000,0.000), vel=(0.000,0.000,0.000)) probe(trace_dist=0.0508, hit=False, normal_y=None, fraction=None) post(grounded=False, vel=(0.000,-0.082,0.000), horiz_speed=0.000, pos=(-23.899,-0.110,0.111))
[movedbg #3119] pre(grounded=False, jumping=False, normal=(0.000,1.000,0.000), vel=(0.000,-0.082,0.000)) probe(trace_dist=0.0508, hit=False, normal_y=None, fraction=None) post(grounded=True, vel=(0.000,0.000,0.000), horiz_speed=0.000, pos=(-23.899,-0.109,0.111))
[movedbg #3120] pre(grounded=False, jumping=False, normal=(0.000,1.000,0.000), vel=(0.000,0.000,0.000)) probe(trace_dist=0.0508, hit=False, normal_y=None, fraction=None) post(grounded=False, vel=(0.000,-0.082,0.000), horiz_speed=0.000, pos=(-23.899,-0.110,0.111))
[movedbg #3121] pre(grounded=False, jumping=False, normal=(0.000,1.000,0.000), vel=(0.000,-0.082,0.000)) probe(trace_dist=0.0508, hit=False, normal_y=None, fraction=None) post(grounded=True, vel=(0.000,0.000,0.000), horiz_speed=0.000, pos=(-23.899,-0.109,0.111))
[movedbg #3122] pre(grounded=False, jumping=False, normal=(0.000,1.000,0.000), vel=(0.000,0.000,0.000)) probe(trace_dist=0.0508, hit=False, normal_y=None, fraction=None) post(grounded=False, vel=(0.000,-0.082,0.000), horiz_speed=0.000, pos=(-23.899,-0.109,0.111))
[movedbg #3123] pre(grounded=False, jumping=False, normal=(0.000,1.000,0.000), vel=(0.000,-0.082,0.000)) probe(trace_dist=0.0508, hit=False, normal_y=None, fraction=None) post(grounded=True, vel=(0.000,0.000,0.000), horiz_speed=0.000, pos=(-23.900,-0.110,0.111))
[movedbg #3124] pre(grounded=False, jumping=False, normal=(0.000,1.000,0.000), vel=(0.000,0.000,0.000)) probe(trace_dist=0.0508, hit=False, normal_y=None, fraction=None) post(grounded=False, vel=(0.000,-0.082,0.000), horiz_speed=0.000, pos=(-23.900,-0.110,0.111))
[movedbg #3125] pre(grounded=False, jumping=False, normal=(0.000,1.000,0.000), vel=(0.000,-0.082,0.000)) probe(trace_dist=0.0508, hit=False, normal_y=None, fraction=None) post(grounded=True, vel=(0.000,0.000,0.000), horiz_speed=0.000, pos=(-23.900,-0.109,0.111))
[movedbg #3126] pre(grounded=False, jumping=False, normal=(0.000,1.000,0.000), vel=(0.000,0.000,0.000)) probe(trace_dist=0.0508, hit=False, normal_y=None, fraction=None) post(grounded=False, vel=(0.000,-0.082,0.000), horiz_speed=0.000, pos=(-23.900,-0.110,0.111))
[movedbg #3127] pre(grounded=False, jumping=False, normal=(0.000,1.000,0.000), vel=(0.000,-0.082,0.000)) probe(trace_dist=0.0508, hit=False, normal_y=None, fraction=None) post(grounded=True, vel=(0.000,0.000,0.000), horiz_speed=0.000, pos=(-23.901,-0.109,0.111))
[movedbg #3128] pre(grounded=False, jumping=False, normal=(0.000,1.000,0.000), vel=(0.000,0.000,0.000)) probe(trace_dist=0.0508, hit=False, normal_y=None, fraction=None) post(grounded=False, vel=(0.000,-0.082,0.000), horiz_speed=0.000, pos=(-23.901,-0.110,0.111))
[movedbg #3129] pre(grounded=False, jumping=False, normal=(0.000,1.000,0.000), vel=(0.000,-0.082,0.000)) probe(trace_dist=0.0508, hit=False, normal_y=None, fraction=None) post(grounded=True, vel=(0.000,0.000,0.000), horiz_speed=0.000, pos=(-23.901,-0.110,0.111))
[movedbg #3130] pre(grounded=False, jumping=False, normal=(0.000,1.000,0.000), vel=(0.000,0.000,0.000)) probe(trace_dist=0.0508, hit=False, normal_y=None, fraction=None) post(grounded=False, vel=(0.000,-0.082,0.000), horiz_speed=0.000, pos=(-23.901,-0.111,0.111))
[movedbg #3131] pre(grounded=False, jumping=False, normal=(0.000,1.000,0.000), vel=(0.000,-0.082,0.000)) probe(trace_dist=0.0508, hit=False, normal_y=None, fraction=None) post(grounded=True, vel=(0.000,0.000,0.000), horiz_speed=0.000, pos=(-23.901,-0.110,0.111))
[movedbg #3132] pre(grounded=False, jumping=False, normal=(0.000,1.000,0.000), vel=(0.000,0.000,0.000)) probe(trace_dist=0.0508, hit=False, normal_y=None, fraction=None) post(grounded=False, vel=(0.000,-0.082,0.000), horiz_speed=0.000, pos=(-23.901,-0.110,0.111))
[movedbg #3133] pre(grounded=False, jumping=False, normal=(0.000,1.000,0.000), vel=(0.000,-0.082,0.000)) probe(trace_dist=0.0508, hit=False, normal_y=None, fraction=None) post(grounded=True, vel=(0.000,0.000,0.000), horiz_speed=0.000, pos=(-23.902,-0.109,0.111))
[movedbg #3134] pre(grounded=False, jumping=False, normal=(0.000,1.000,0.000), vel=(0.000,0.000,0.000)) probe(trace_dist=0.0508, hit=False, normal_y=None, fraction=None) post(grounded=False, vel=(0.000,-0.082,0.000), horiz_speed=0.000, pos=(-23.902,-0.110,0.111))
[movedbg #3135] pre(grounded=False, jumping=False, normal=(0.000,1.000,0.000), vel=(0.000,-0.082,0.000)) probe(trace_dist=0.0508, hit=False, normal_y=None, fraction=None) post(grounded=True, vel=(0.000,0.000,0.000), horiz_speed=0.000, pos=(-23.902,-0.110,0.111))
[movedbg #3136] pre(grounded=False, jumping=False, normal=(0.000,1.000,0.000), vel=(0.000,0.000,0.000)) probe(trace_dist=0.0508, hit=False, normal_y=None, fraction=None) post(grounded=False, vel=(0.000,-0.082,0.000), horiz_speed=0.000, pos=(-23.902,-0.111,0.111))
[movedbg #3137] pre(grounded=False, jumping=False, normal=(0.000,1.000,0.000), vel=(0.000,-0.082,0.000)) probe(trace_dist=0.0508, hit=False, normal_y=None, fraction=None) post(grounded=True, vel=(0.000,0.000,0.000), horiz_speed=0.000, pos=(-23.902,-0.110,0.111))
[movedbg #3138] pre(grounded=False, jumping=False, normal=(0.000,1.000,0.000), vel=(0.000,0.000,0.000)) probe(trace_dist=0.0508, hit=False, normal_y=None, fraction=None) post(grounded=False, vel=(0.000,-0.082,0.000), horiz_speed=0.000, pos=(-23.902,-0.111,0.111))
[movedbg #3139] pre(grounded=False, jumping=False, normal=(0.000,1.000,0.000), vel=(0.000,-0.082,0.000)) probe(trace_dist=0.0508, hit=False, normal_y=None, fraction=None) post(grounded=True, vel=(0.000,0.000,0.000), horiz_speed=0.000, pos=(-23.903,-0.110,0.111))
[movedbg #3140] pre(grounded=False, jumping=False, normal=(0.000,1.000,0.000), vel=(0.000,0.000,0.000)) probe(trace_dist=0.0508, hit=False, normal_y=None, fraction=None) post(grounded=False, vel=(0.000,-0.082,0.000), horiz_speed=0.000, pos=(-23.903,-0.111,0.111))
[movedbg #3141] pre(grounded=False, jumping=False, normal=(0.000,1.000,0.000), vel=(0.000,-0.082,0.000)) probe(trace_dist=0.0508, hit=False, normal_y=None, fraction=None) post(grounded=True, vel=(0.000,0.000,0.000), horiz_speed=0.000, pos=(-23.903,-0.111,0.111))
[movedbg #3142] pre(grounded=False, jumping=False, normal=(0.000,1.000,0.000), vel=(0.000,0.000,0.000)) probe(trace_dist=0.0508, hit=False, normal_y=None, fraction=None) post(grounded=False, vel=(0.000,-0.082,0.000), horiz_speed=0.000, pos=(-23.903,-0.112,0.111))
[movedbg #3143] pre(grounded=False, jumping=False, normal=(0.000,1.000,0.000), vel=(0.000,-0.082,0.000)) probe(trace_dist=0.0508, hit=False, normal_y=None, fraction=None) post(grounded=True, vel=(0.000,0.000,0.000), horiz_speed=0.000, pos=(-23.904,-0.111,0.111))
[movedbg #3144] pre(grounded=False, jumping=False, normal=(0.000,1.000,0.000), vel=(0.000,0.000,0.000)) probe(trace_dist=0.0508, hit=False, normal_y=None, fraction=None) post(grounded=False, vel=(0.000,-0.082,0.000), horiz_speed=0.000, pos=(-23.904,-0.111,0.111))
[movedbg #3145] pre(grounded=False, jumping=False, normal=(0.000,1.000,0.000), vel=(0.000,-0.082,0.000)) probe(trace_dist=0.0508, hit=False, normal_y=None, fraction=None) post(grounded=True, vel=(0.000,0.000,0.000), horiz_speed=0.000, pos=(-23.904,-0.110,0.111))
[movedbg #3146] pre(grounded=False, jumping=False, normal=(0.000,1.000,0.000), vel=(0.000,0.000,0.000)) probe(trace_dist=0.0508, hit=False, normal_y=None, fraction=None) post(grounded=False, vel=(0.000,-0.082,0.000), horiz_speed=0.000, pos=(-23.904,-0.111,0.111))
[movedbg #3147] pre(grounded=False, jumping=False, normal=(0.000,1.000,0.000), vel=(0.000,-0.082,0.000)) probe(trace_dist=0.0508, hit=False, normal_y=None, fraction=None) post(grounded=True, vel=(0.000,0.000,0.000), horiz_speed=0.000, pos=(-23.904,-0.111,0.111))
[movedbg #3148] pre(grounded=False, jumping=False, normal=(0.000,1.000,0.000), vel=(0.000,0.000,0.000)) probe(trace_dist=0.0508, hit=False, normal_y=None, fraction=None) post(grounded=False, vel=(0.000,-0.082,0.000), horiz_speed=0.000, pos=(-23.904,-0.112,0.111))
[movedbg #3149] pre(grounded=False, jumping=False, normal=(0.000,1.000,0.000), vel=(0.000,-0.082,0.000)) probe(trace_dist=0.0508, hit=False, normal_y=None, fraction=None) post(grounded=True, vel=(0.000,0.000,0.000), horiz_speed=0.000, pos=(-23.905,-0.111,0.111))
[movedbg #3150] pre(grounded=False, jumping=False, normal=(0.000,1.000,0.000), vel=(0.000,0.000,0.000)) probe(trace_dist=0.0508, hit=False, normal_y=None, fraction=None) post(grounded=False, vel=(0.000,-0.082,0.000), horiz_speed=0.000, pos=(-23.905,-0.112,0.111))
[movedbg #3151] pre(grounded=False, jumping=False, normal=(0.000,1.000,0.000), vel=(0.000,-0.082,0.000)) probe(trace_dist=0.0508, hit=False, normal_y=None, fraction=None) post(grounded=True, vel=(0.000,0.000,0.000), horiz_speed=0.000, pos=(-23.905,-0.111,0.111))
[movedbg #3152] pre(grounded=False, jumping=False, normal=(0.000,1.000,0.000), vel=(0.000,0.000,0.000)) probe(trace_dist=0.0508, hit=False, normal_y=None, fraction=None) post(grounded=False, vel=(0.000,-0.082,0.000), horiz_speed=0.000, pos=(-23.905,-0.111,0.111))
[movedbg #3153] pre(grounded=False, jumping=False, normal=(0.000,1.000,0.000), vel=(0.000,-0.082,0.000)) probe(trace_dist=0.0508, hit=False, normal_y=None, fraction=None) post(grounded=True, vel=(0.000,0.000,0.000), horiz_speed=0.000, pos=(-23.905,-0.112,0.111))
[movedbg #3154] pre(grounded=False, jumping=False, normal=(0.000,1.000,0.000), vel=(0.000,0.000,0.000)) probe(trace_dist=0.0508, hit=False, normal_y=None, fraction=None) post(grounded=False, vel=(0.000,-0.082,0.000), horiz_speed=0.000, pos=(-23.905,-0.112,0.111))
[movedbg #3155] pre(grounded=False, jumping=False, normal=(0.000,1.000,0.000), vel=(0.000,-0.082,0.000)) probe(trace_dist=0.0508, hit=False, normal_y=None, fraction=None) post(grounded=True, vel=(0.000,0.000,0.000), horiz_speed=0.000, pos=(-23.906,-0.111,0.111))
[movedbg #3156] pre(grounded=False, jumping=False, normal=(0.000,1.000,0.000), vel=(0.000,0.000,0.000)) probe(trace_dist=0.0508, hit=False, normal_y=None, fraction=None) post(grounded=False, vel=(0.000,-0.082,0.000), horiz_speed=0.000, pos=(-23.906,-0.112,0.111))
[movedbg #3157] pre(grounded=False, jumping=False, normal=(0.000,1.000,0.000), vel=(0.000,-0.082,0.000)) probe(trace_dist=0.0508, hit=False, normal_y=None, fraction=None) post(grounded=True, vel=(0.000,0.000,0.000), horiz_speed=0.000, pos=(-23.906,-0.111,0.111))
[movedbg #3158] pre(grounded=False, jumping=False, normal=(0.000,1.000,0.000), vel=(0.000,0.000,0.000)) probe(trace_dist=0.0508, hit=False, normal_y=None, fraction=None) post(grounded=False, vel=(0.000,-0.082,0.000), horiz_speed=0.000, pos=(-23.906,-0.112,0.111))
[movedbg #3159] pre(grounded=False, jumping=False, normal=(0.000,1.000,0.000), vel=(0.000,-0.082,0.000)) probe(trace_dist=0.0508, hit=False, normal_y=None, fraction=None) post(grounded=True, vel=(0.000,0.000,0.000), horiz_speed=0.000, pos=(-23.907,-0.112,0.111))
[movedbg #3160] pre(grounded=False, jumping=False, normal=(0.000,1.000,0.000), vel=(0.000,0.000,0.000)) probe(trace_dist=0.0508, hit=False, normal_y=None, fraction=None) post(grounded=False, vel=(0.000,-0.082,0.000), horiz_speed=0.000, pos=(-23.907,-0.113,0.111))
[movedbg #3161] pre(grounded=False, jumping=False, normal=(0.000,1.000,0.000), vel=(0.000,-0.082,0.000)) probe(trace_dist=0.0508, hit=False, normal_y=None, fraction=None) post(grounded=True, vel=(0.000,0.000,0.000), horiz_speed=0.000, pos=(-23.907,-0.112,0.111))
[movedbg #3162] pre(grounded=False, jumping=False, normal=(0.000,1.000,0.000), vel=(0.000,0.000,0.000)) probe(trace_dist=0.0508, hit=False, normal_y=None, fraction=None) post(grounded=False, vel=(0.000,-0.082,0.000), horiz_speed=0.000, pos=(-23.907,-0.113,0.111))
[movedbg #3163] pre(grounded=False, jumping=False, normal=(0.000,1.000,0.000), vel=(0.000,-0.082,0.000)) probe(trace_dist=0.0508, hit=False, normal_y=None, fraction=None) post(grounded=True, vel=(0.000,0.000,0.000), horiz_speed=0.000, pos=(-23.907,-0.112,0.111))
[movedbg #3164] pre(grounded=False, jumping=False, normal=(0.000,1.000,0.000), vel=(0.000,0.000,0.000)) probe(trace_dist=0.0508, hit=False, normal_y=None, fraction=None) post(grounded=False, vel=(0.000,-0.082,0.000), horiz_speed=0.000, pos=(-23.907,-0.112,0.111))
[movedbg #3165] pre(grounded=False, jumping=False, normal=(0.000,1.000,0.000), vel=(0.000,-0.082,0.000)) probe(trace_dist=0.0508, hit=False, normal_y=None, fraction=None) post(grounded=True, vel=(0.000,0.000,0.000), horiz_speed=0.000, pos=(-23.908,-0.113,0.111))
[movedbg #3166] pre(grounded=False, jumping=False, normal=(0.000,1.000,0.000), vel=(0.000,0.000,0.000)) probe(trace_dist=0.0508, hit=False, normal_y=None, fraction=None) post(grounded=False, vel=(0.000,-0.082,0.000), horiz_speed=0.000, pos=(-23.908,-0.113,0.111))
[movedbg #3167] pre(grounded=False, jumping=False, normal=(0.000,1.000,0.000), vel=(0.000,-0.082,0.000)) probe(trace_dist=0.0508, hit=False, normal_y=None, fraction=None) post(grounded=True, vel=(0.000,0.000,0.000), horiz_speed=0.000, pos=(-23.908,-0.112,0.111))
[movedbg #3168] pre(grounded=False, jumping=False, normal=(0.000,1.000,0.000), vel=(0.000,0.000,0.000)) probe(trace_dist=0.0508, hit=False, normal_y=None, fraction=None) post(grounded=False, vel=(0.000,-0.082,0.000), horiz_speed=0.000, pos=(-23.908,-0.113,0.111))
[movedbg #3169] pre(grounded=False, jumping=False, normal=(0.000,1.000,0.000), vel=(0.000,-0.082,0.000)) probe(trace_dist=0.0508, hit=False, normal_y=None, fraction=None) post(grounded=True, vel=(0.000,0.000,0.000), horiz_speed=0.000, pos=(-23.908,-0.112,0.111))
[movedbg #3170] pre(grounded=False, jumping=False, normal=(0.000,1.000,0.000), vel=(0.000,0.000,0.000)) probe(trace_dist=0.0508, hit=False, normal_y=None, fraction=None) post(grounded=False, vel=(0.000,-0.082,0.000), horiz_speed=0.000, pos=(-23.908,-0.113,0.111))
[movedbg #3171] pre(grounded=False, jumping=False, normal=(0.000,1.000,0.000), vel=(0.000,-0.082,0.000)) probe(trace_dist=0.0508, hit=False, normal_y=None, fraction=None) post(grounded=True, vel=(0.000,0.000,0.000), horiz_speed=0.000, pos=(-23.909,-0.113,0.111))
[movedbg #3172] pre(grounded=False, jumping=False, normal=(0.000,1.000,0.000), vel=(0.000,0.000,0.000)) probe(trace_dist=0.0508, hit=False, normal_y=None, fraction=None) post(grounded=True, vel=(0.000,0.000,0.000), horiz_speed=0.000, pos=(-23.909,-0.112,0.111))
[movedbg #3173] pre(grounded=False, jumping=False, normal=(0.000,1.000,0.000), vel=(0.000,0.000,0.000)) probe(trace_dist=0.0508, hit=False, normal_y=None, fraction=None) post(grounded=False, vel=(0.000,-0.082,0.000), horiz_speed=0.000, pos=(-23.909,-0.113,0.111))
[movedbg #3174] pre(grounded=False, jumping=False, normal=(0.000,1.000,0.000), vel=(0.000,-0.082,0.000)) probe(trace_dist=0.0508, hit=False, normal_y=None, fraction=None) post(grounded=False, vel=(0.000,-0.164,0.000), horiz_speed=0.000, pos=(-23.909,-0.114,0.111))
[movedbg #3175] pre(grounded=False, jumping=False, normal=(0.000,1.000,0.000), vel=(0.000,-0.164,0.000)) probe(trace_dist=0.0508, hit=False, normal_y=None, fraction=None) post(grounded=True, vel=(0.000,0.000,0.000), horiz_speed=0.000, pos=(-23.909,-0.113,0.111))
[movedbg #3176] pre(grounded=False, jumping=False, normal=(0.000,1.000,0.000), vel=(0.000,0.000,0.000)) probe(trace_dist=0.0508, hit=False, normal_y=None, fraction=None) post(grounded=False, vel=(0.000,-0.082,0.000), horiz_speed=0.000, pos=(-23.909,-0.114,0.111))
[movedbg #3177] pre(grounded=False, jumping=False, normal=(0.000,1.000,0.000), vel=(0.000,-0.082,0.000)) probe(trace_dist=0.0508, hit=False, normal_y=None, fraction=None) post(grounded=True, vel=(0.000,0.000,0.000), horiz_speed=0.000, pos=(-23.910,-0.113,0.111))
[movedbg #3178] pre(grounded=False, jumping=False, normal=(0.000,1.000,0.000), vel=(0.000,0.000,0.000)) probe(trace_dist=0.0508, hit=False, normal_y=None, fraction=None) post(grounded=False, vel=(0.000,-0.082,0.000), horiz_speed=0.000, pos=(-23.910,-0.114,0.111))
[movedbg #3179] pre(grounded=False, jumping=False, normal=(0.000,1.000,0.000), vel=(0.000,-0.082,0.000)) probe(trace_dist=0.0508, hit=False, normal_y=None, fraction=None) post(grounded=True, vel=(0.000,0.000,0.000), horiz_speed=0.000, pos=(-23.910,-0.113,0.111))
[movedbg #3180] pre(grounded=False, jumping=False, normal=(0.000,1.000,0.000), vel=(0.000,0.000,0.000)) probe(trace_dist=0.0508, hit=False, normal_y=None, fraction=None) post(grounded=False, vel=(0.000,-0.082,0.000), horiz_speed=0.000, pos=(-23.910,-0.113,0.111))
[movedbg #3181] pre(grounded=False, jumping=False, normal=(0.000,1.000,0.000), vel=(0.000,-0.082,0.000)) probe(trace_dist=0.0508, hit=False, normal_y=None, fraction=None) post(grounded=True, vel=(0.000,0.000,0.000), horiz_speed=0.000, pos=(-23.911,-0.114,0.111))
[movedbg #3182] pre(grounded=False, jumping=False, normal=(0.000,1.000,0.000), vel=(0.000,0.000,0.000)) probe(trace_dist=0.0508, hit=False, normal_y=None, fraction=None) post(grounded=False, vel=(0.000,-0.082,0.000), horiz_speed=0.000, pos=(-23.911,-0.114,0.111))
[movedbg #3183] pre(grounded=False, jumping=False, normal=(0.000,1.000,0.000), vel=(0.000,-0.082,0.000)) probe(trace_dist=0.0508, hit=False, normal_y=None, fraction=None) post(grounded=True, vel=(0.000,0.000,0.000), horiz_speed=0.000, pos=(-23.911,-0.114,0.111))
[movedbg #3184] pre(grounded=False, jumping=False, normal=(0.000,1.000,0.000), vel=(0.000,0.000,0.000)) probe(trace_dist=0.0508, hit=False, normal_y=None, fraction=None) post(grounded=False, vel=(0.000,-0.082,0.000), horiz_speed=0.000, pos=(-23.911,-0.114,0.111))
[movedbg #3185] pre(grounded=False, jumping=False, normal=(0.000,1.000,0.000), vel=(0.000,-0.082,0.000)) probe(trace_dist=0.0508, hit=False, normal_y=None, fraction=None) post(grounded=True, vel=(0.000,0.000,0.000), horiz_speed=0.000, pos=(-23.911,-0.113,0.111))
[movedbg #3186] pre(grounded=False, jumping=False, normal=(0.000,1.000,0.000), vel=(0.000,0.000,0.000)) probe(trace_dist=0.0508, hit=False, normal_y=None, fraction=None) post(grounded=False, vel=(0.000,-0.082,0.000), horiz_speed=0.000, pos=(-23.911,-0.114,0.111))
[movedbg #3187] pre(grounded=False, jumping=False, normal=(0.000,1.000,0.000), vel=(0.000,-0.082,0.000)) probe(trace_dist=0.0508, hit=False, normal_y=None, fraction=None) post(grounded=True, vel=(0.000,0.000,0.000), horiz_speed=0.000, pos=(-23.912,-0.114,0.111))
[movedbg #3188] pre(grounded=False, jumping=False, normal=(0.000,1.000,0.000), vel=(0.000,0.000,0.000)) probe(trace_dist=0.0508, hit=False, normal_y=None, fraction=None) post(grounded=False, vel=(0.000,-0.082,0.000), horiz_speed=0.000, pos=(-23.912,-0.115,0.111))
[movedbg #3189] pre(grounded=False, jumping=False, normal=(0.000,1.000,0.000), vel=(0.000,-0.082,0.000)) probe(trace_dist=0.0508, hit=False, normal_y=None, fraction=None) post(grounded=True, vel=(0.000,0.000,0.000), horiz_speed=0.000, pos=(-23.912,-0.114,0.111))
[movedbg #3190] pre(grounded=False, jumping=False, normal=(0.000,1.000,0.000), vel=(0.000,0.000,0.000)) probe(trace_dist=0.0508, hit=False, normal_y=None, fraction=None) post(grounded=False, vel=(0.000,-0.082,0.000), horiz_speed=0.000, pos=(-23.912,-0.115,0.111))
[movedbg #3191] pre(grounded=False, jumping=False, normal=(0.000,1.000,0.000), vel=(0.000,-0.082,0.000)) probe(trace_dist=0.0508, hit=False, normal_y=None, fraction=None) post(grounded=True, vel=(0.000,0.000,0.000), horiz_speed=0.000, pos=(-23.912,-0.114,0.111))
[movedbg #3192] pre(grounded=False, jumping=False, normal=(0.000,1.000,0.000), vel=(0.000,0.000,0.000)) probe(trace_dist=0.0508, hit=False, normal_y=None, fraction=None) post(grounded=False, vel=(0.000,-0.082,0.000), horiz_speed=0.000, pos=(-23.912,-0.114,0.111))
[movedbg #3193] pre(grounded=False, jumping=False, normal=(0.000,1.000,0.000), vel=(0.000,-0.082,0.000)) probe(trace_dist=0.0508, hit=False, normal_y=None, fraction=None) post(grounded=True, vel=(0.000,0.000,0.000), horiz_speed=0.000, pos=(-23.913,-0.115,0.111))
[movedbg #3194] pre(grounded=False, jumping=False, normal=(0.000,1.000,0.000), vel=(0.000,0.000,0.000)) probe(trace_dist=0.0508, hit=False, normal_y=None, fraction=None) post(grounded=False, vel=(0.000,-0.082,0.000), horiz_speed=0.000, pos=(-23.913,-0.115,0.111))
[movedbg #3195] pre(grounded=False, jumping=False, normal=(0.000,1.000,0.000), vel=(0.000,-0.082,0.000)) probe(trace_dist=0.0508, hit=False, normal_y=None, fraction=None) post(grounded=True, vel=(0.000,0.000,0.000), horiz_speed=0.000, pos=(-23.913,-0.114,0.111))
[movedbg #3196] pre(grounded=False, jumping=False, normal=(0.000,1.000,0.000), vel=(0.000,0.000,0.000)) probe(trace_dist=0.0508, hit=False, normal_y=None, fraction=None) post(grounded=False, vel=(0.000,-0.082,0.000), horiz_speed=0.000, pos=(-23.913,-0.115,0.111))
[movedbg #3197] pre(grounded=False, jumping=False, normal=(0.000,1.000,0.000), vel=(0.000,-0.082,0.000)) probe(trace_dist=0.0508, hit=False, normal_y=None, fraction=None) post(grounded=True, vel=(0.000,0.000,0.000), horiz_speed=0.000, pos=(-23.914,-0.114,0.111))
[movedbg #3198] pre(grounded=False, jumping=False, normal=(0.000,1.000,0.000), vel=(0.000,0.000,0.000)) probe(trace_dist=0.0508, hit=False, normal_y=None, fraction=None) post(grounded=False, vel=(0.000,-0.082,0.000), horiz_speed=0.000, pos=(-23.914,-0.115,0.111))
[movedbg #3199] pre(grounded=False, jumping=False, normal=(0.000,1.000,0.000), vel=(0.000,-0.082,0.000)) probe(trace_dist=0.0508, hit=False, normal_y=None, fraction=None) post(grounded=True, vel=(0.000,0.000,0.000), horiz_speed=0.000, pos=(-23.914,-0.115,0.111))
[movedbg #3200] pre(grounded=False, jumping=False, normal=(0.000,1.000,0.000), vel=(0.000,0.000,0.000)) probe(trace_dist=0.0508, hit=False, normal_y=None, fraction=None) post(grounded=False, vel=(0.000,-0.082,0.000), horiz_speed=0.000, pos=(-23.914,-0.116,0.111))
[movedbg #3201] pre(grounded=False, jumping=False, normal=(0.000,1.000,0.000), vel=(0.000,-0.082,0.000)) probe(trace_dist=0.0508, hit=False, normal_y=None, fraction=None) post(grounded=True, vel=(0.000,0.000,0.000), horiz_speed=0.000, pos=(-23.914,-0.115,0.111))
[movedbg #3202] pre(grounded=False, jumping=False, normal=(0.000,1.000,0.000), vel=(0.000,0.000,0.000)) probe(trace_dist=0.0508, hit=False, normal_y=None, fraction=None) post(grounded=False, vel=(0.000,-0.082,0.000), horiz_speed=0.000, pos=(-23.914,-0.116,0.111))
[movedbg #3203] pre(grounded=False, jumping=False, normal=(0.000,1.000,0.000), vel=(0.000,-0.082,0.000)) probe(trace_dist=0.0508, hit=False, normal_y=None, fraction=None) post(grounded=True, vel=(0.000,0.000,0.000), horiz_speed=0.000, pos=(-23.915,-0.115,0.111))
[movedbg #3204] pre(grounded=False, jumping=False, normal=(0.000,1.000,0.000), vel=(0.000,0.000,0.000)) probe(trace_dist=0.0508, hit=False, normal_y=None, fraction=None) post(grounded=False, vel=(0.000,-0.082,0.000), horiz_speed=0.000, pos=(-23.915,-0.115,0.111))
[movedbg #3205] pre(grounded=False, jumping=False, normal=(0.000,1.000,0.000), vel=(0.000,-0.082,0.000)) probe(trace_dist=0.0508, hit=False, normal_y=None, fraction=None) post(grounded=True, vel=(0.000,0.000,0.000), horiz_speed=0.000, pos=(-23.915,-0.116,0.111))
[movedbg #3206] pre(grounded=False, jumping=False, normal=(0.000,1.000,0.000), vel=(0.000,0.000,0.000)) probe(trace_dist=0.0508, hit=False, normal_y=None, fraction=None) post(grounded=False, vel=(0.000,-0.082,0.000), horiz_speed=0.000, pos=(-23.915,-0.116,0.111))
[movedbg #3207] pre(grounded=False, jumping=False, normal=(0.000,1.000,0.000), vel=(0.000,-0.082,0.000)) probe(trace_dist=0.0508, hit=False, normal_y=None, fraction=None) post(grounded=True, vel=(0.000,0.000,0.000), horiz_speed=0.000, pos=(-23.915,-0.115,0.111))
[movedbg #3208] pre(grounded=False, jumping=False, normal=(0.000,1.000,0.000), vel=(0.000,0.000,0.000)) probe(trace_dist=0.0508, hit=False, normal_y=None, fraction=None) post(grounded=False, vel=(0.000,-0.082,0.000), horiz_speed=0.000, pos=(-23.915,-0.116,0.111))
[movedbg #3209] pre(grounded=False, jumping=False, normal=(0.000,1.000,0.000), vel=(0.000,-0.082,0.000)) probe(trace_dist=0.0508, hit=False, normal_y=None, fraction=None) post(grounded=True, vel=(0.000,0.000,0.000), horiz_speed=0.000, pos=(-23.916,-0.115,0.111))
[movedbg #3210] pre(grounded=False, jumping=False, normal=(0.000,1.000,0.000), vel=(0.000,0.000,0.000)) probe(trace_dist=0.0508, hit=False, normal_y=None, fraction=None) post(grounded=False, vel=(0.000,-0.082,0.000), horiz_speed=0.000, pos=(-23.916,-0.116,0.111))
[movedbg #3211] pre(grounded=False, jumping=False, normal=(0.000,1.000,0.000), vel=(0.000,-0.082,0.000)) probe(trace_dist=0.0508, hit=False, normal_y=None, fraction=None) post(grounded=True, vel=(0.000,0.000,0.000), horiz_speed=0.000, pos=(-23.916,-0.116,0.111))
[movedbg #3212] pre(grounded=False, jumping=False, normal=(0.000,1.000,0.000), vel=(0.000,0.000,0.000)) probe(trace_dist=0.0508, hit=False, normal_y=None, fraction=None) post(grounded=True, vel=(0.000,0.000,0.000), horiz_speed=0.000, pos=(-23.917,-0.115,0.111))
[movedbg #3213] pre(grounded=False, jumping=False, normal=(0.000,1.000,0.000), vel=(0.000,0.000,0.000)) probe(trace_dist=0.0508, hit=False, normal_y=None, fraction=None) post(grounded=False, vel=(0.000,-0.082,0.000), horiz_speed=0.000, pos=(-23.917,-0.116,0.111))
[movedbg #3214] pre(grounded=False, jumping=False, normal=(0.000,1.000,0.000), vel=(0.000,-0.082,0.000)) probe(trace_dist=0.0508, hit=False, normal_y=None, fraction=None) post(grounded=False, vel=(0.000,-0.164,0.000), horiz_speed=0.000, pos=(-23.917,-0.117,0.111))
[movedbg #3215] pre(grounded=False, jumping=False, normal=(0.000,1.000,0.000), vel=(0.000,-0.164,0.000)) probe(trace_dist=0.0508, hit=False, normal_y=None, fraction=None) post(grounded=True, vel=(0.000,0.000,0.000), horiz_speed=0.000, pos=(-23.917,-0.116,0.111))
[movedbg #3216] pre(grounded=False, jumping=False, normal=(0.000,1.000,0.000), vel=(0.000,0.000,0.000)) probe(trace_dist=0.0508, hit=False, normal_y=None, fraction=None) post(grounded=False, vel=(0.000,-0.082,0.000), horiz_speed=0.000, pos=(-23.917,-0.117,0.111))
[movedbg #3217] pre(grounded=False, jumping=False, normal=(0.000,1.000,0.000), vel=(0.000,-0.082,0.000)) probe(trace_dist=0.0508, hit=False, normal_y=None, fraction=None) post(grounded=True, vel=(0.000,0.000,0.000), horiz_speed=0.000, pos=(-23.917,-0.116,0.111))
[movedbg #3218] pre(grounded=False, jumping=False, normal=(0.000,1.000,0.000), vel=(0.000,0.000,0.000)) probe(trace_dist=0.0508, hit=False, normal_y=None, fraction=None) post(grounded=False, vel=(0.000,-0.082,0.000), horiz_speed=0.000, pos=(-23.917,-0.117,0.111))
[movedbg #3219] pre(grounded=False, jumping=False, normal=(0.000,1.000,0.000), vel=(0.000,-0.082,0.000)) probe(trace_dist=0.0508, hit=False, normal_y=None, fraction=None) post(grounded=True, vel=(0.000,0.000,0.000), horiz_speed=0.000, pos=(-23.918,-0.116,0.111))
[movedbg #3220] pre(grounded=False, jumping=False, normal=(0.000,1.000,0.000), vel=(0.000,0.000,0.000)) probe(trace_dist=0.0508, hit=False, normal_y=None, fraction=None) post(grounded=False, vel=(0.000,-0.082,0.000), horiz_speed=0.000, pos=(-23.918,-0.116,0.111))
[movedbg #3221] pre(grounded=False, jumping=False, normal=(0.000,1.000,0.000), vel=(0.000,-0.082,0.000)) probe(trace_dist=0.0508, hit=False, normal_y=None, fraction=None) post(grounded=True, vel=(0.000,0.000,0.000), horiz_speed=0.000, pos=(-23.918,-0.117,0.111))
[movedbg #3222] pre(grounded=False, jumping=False, normal=(0.000,1.000,0.000), vel=(0.000,0.000,0.000)) probe(trace_dist=0.0508, hit=False, normal_y=None, fraction=None) post(grounded=False, vel=(0.000,-0.082,0.000), horiz_speed=0.000, pos=(-23.918,-0.117,0.111))
[movedbg #3223] pre(grounded=False, jumping=False, normal=(0.000,1.000,0.000), vel=(0.000,-0.082,0.000)) probe(trace_dist=0.0508, hit=False, normal_y=None, fraction=None) post(grounded=True, vel=(0.000,0.000,0.000), horiz_speed=0.000, pos=(-23.918,-0.116,0.111))
[movedbg #3224] pre(grounded=False, jumping=False, normal=(0.000,1.000,0.000), vel=(0.000,0.000,0.000)) probe(trace_dist=0.0508, hit=False, normal_y=None, fraction=None) post(grounded=False, vel=(0.000,-0.082,0.000), horiz_speed=0.000, pos=(-23.918,-0.117,0.111))
[movedbg #3225] pre(grounded=False, jumping=False, normal=(0.000,1.000,0.000), vel=(0.000,-0.082,0.000)) probe(trace_dist=0.0508, hit=False, normal_y=None, fraction=None) post(grounded=True, vel=(0.000,0.000,0.000), horiz_speed=0.000, pos=(-23.919,-0.116,0.111))
[movedbg #3226] pre(grounded=False, jumping=False, normal=(0.000,1.000,0.000), vel=(0.000,0.000,0.000)) probe(trace_dist=0.0508, hit=False, normal_y=None, fraction=None) post(grounded=False, vel=(0.000,-0.082,0.000), horiz_speed=0.000, pos=(-23.919,-0.117,0.111))
[movedbg #3227] pre(grounded=False, jumping=False, normal=(0.000,1.000,0.000), vel=(0.000,-0.082,0.000)) probe(trace_dist=0.0508, hit=False, normal_y=None, fraction=None) post(grounded=True, vel=(0.000,0.000,0.000), horiz_speed=0.000, pos=(-23.919,-0.117,0.111))
[movedbg #3228] pre(grounded=False, jumping=False, normal=(0.000,1.000,0.000), vel=(0.000,0.000,0.000)) probe(trace_dist=0.0508, hit=False, normal_y=None, fraction=None) post(grounded=False, vel=(0.000,-0.082,0.000), horiz_speed=0.000, pos=(-23.919,-0.118,0.111))
[movedbg #3229] pre(grounded=False, jumping=False, normal=(0.000,1.000,0.000), vel=(0.000,-0.082,0.000)) probe(trace_dist=0.0508, hit=False, normal_y=None, fraction=None) post(grounded=True, vel=(0.000,0.000,0.000), horiz_speed=0.000, pos=(-23.919,-0.117,0.111))
[movedbg #3230] pre(grounded=False, jumping=False, normal=(0.000,1.000,0.000), vel=(0.000,0.000,0.000)) probe(trace_dist=0.0508, hit=False, normal_y=None, fraction=None) post(grounded=False, vel=(0.000,-0.082,0.000), horiz_speed=0.000, pos=(-23.919,-0.118,0.111))
[movedbg #3231] pre(grounded=False, jumping=False, normal=(0.000,1.000,0.000), vel=(0.000,-0.082,0.000)) probe(trace_dist=0.0508, hit=False, normal_y=None, fraction=None) post(grounded=True, vel=(0.000,0.000,0.000), horiz_speed=0.000, pos=(-23.920,-0.117,0.111))
[movedbg #3232] pre(grounded=False, jumping=False, normal=(0.000,1.000,0.000), vel=(0.000,0.000,0.000)) probe(trace_dist=0.0508, hit=False, normal_y=None, fraction=None) post(grounded=False, vel=(0.000,-0.082,0.000), horiz_speed=0.000, pos=(-23.920,-0.117,0.111))
[movedbg #3233] pre(grounded=False, jumping=False, normal=(0.000,1.000,0.000), vel=(0.000,-0.082,0.000)) probe(trace_dist=0.0508, hit=False, normal_y=None, fraction=None) post(grounded=True, vel=(0.000,0.000,0.000), horiz_speed=0.000, pos=(-23.920,-0.118,0.111))
[movedbg #3234] pre(grounded=False, jumping=False, normal=(0.000,1.000,0.000), vel=(0.000,0.000,0.000)) probe(trace_dist=0.0508, hit=False, normal_y=None, fraction=None) post(grounded=False, vel=(0.000,-0.082,0.000), horiz_speed=0.000, pos=(-23.920,-0.118,0.111))
[movedbg #3235] pre(grounded=False, jumping=False, normal=(0.000,1.000,0.000), vel=(0.000,-0.082,0.000)) probe(trace_dist=0.0508, hit=False, normal_y=None, fraction=None) post(grounded=True, vel=(0.000,0.000,0.000), horiz_speed=0.000, pos=(-23.921,-0.117,0.111))
[movedbg #3236] pre(grounded=False, jumping=False, normal=(0.000,1.000,0.000), vel=(0.000,0.000,0.000)) probe(trace_dist=0.0508, hit=False, normal_y=None, fraction=None) post(grounded=False, vel=(0.000,-0.082,0.000), horiz_speed=0.000, pos=(-23.921,-0.118,0.111))
[movedbg #3237] pre(grounded=False, jumping=False, normal=(0.000,1.000,0.000), vel=(0.000,-0.082,0.000)) probe(trace_dist=0.0508, hit=False, normal_y=None, fraction=None) post(grounded=True, vel=(0.000,0.000,0.000), horiz_speed=0.000, pos=(-23.921,-0.117,0.111))
[movedbg #3238] pre(grounded=False, jumping=False, normal=(0.000,1.000,0.000), vel=(0.000,0.000,0.000)) probe(trace_dist=0.0508, hit=False, normal_y=None, fraction=None) post(grounded=False, vel=(0.000,-0.082,0.000), horiz_speed=0.000, pos=(-23.921,-0.118,0.111))
[movedbg #3239] pre(grounded=False, jumping=False, normal=(0.000,1.000,0.000), vel=(0.000,-0.082,0.000)) probe(trace_dist=0.0508, hit=False, normal_y=None, fraction=None) post(grounded=True, vel=(0.000,0.000,0.000), horiz_speed=0.000, pos=(-23.921,-0.118,0.111))
[movedbg #3240] pre(grounded=False, jumping=False, normal=(0.000,1.000,0.000), vel=(0.000,0.000,0.000)) probe(trace_dist=0.0508, hit=False, normal_y=None, fraction=None) post(grounded=False, vel=(0.000,-0.082,0.000), horiz_speed=0.000, pos=(-23.921,-0.119,0.111))
[movedbg #3241] pre(grounded=False, jumping=False, normal=(0.000,1.000,0.000), vel=(0.000,-0.082,0.000)) probe(trace_dist=0.0508, hit=False, normal_y=None, fraction=None) post(grounded=True, vel=(0.000,0.000,0.000), horiz_speed=0.000, pos=(-23.922,-0.118,0.111))
[movedbg #3242] pre(grounded=False, jumping=False, normal=(0.000,1.000,0.000), vel=(0.000,0.000,0.000)) probe(trace_dist=0.0508, hit=False, normal_y=None, fraction=None) post(grounded=False, vel=(0.000,-0.082,0.000), horiz_speed=0.000, pos=(-23.922,-0.118,0.111))
[movedbg #3243] pre(grounded=False, jumping=False, normal=(0.000,1.000,0.000), vel=(0.000,-0.082,0.000)) probe(trace_dist=0.0508, hit=False, normal_y=None, fraction=None) post(grounded=True, vel=(0.000,0.000,0.000), horiz_speed=0.000, pos=(-23.922,-0.118,0.111))
[movedbg #3244] pre(grounded=False, jumping=False, normal=(0.000,1.000,0.000), vel=(0.000,0.000,0.000)) probe(trace_dist=0.0508, hit=False, normal_y=None, fraction=None) post(grounded=False, vel=(0.000,-0.082,0.000), horiz_speed=0.000, pos=(-23.922,-0.118,0.111))
[movedbg #3245] pre(grounded=False, jumping=False, normal=(0.000,1.000,0.000), vel=(0.000,-0.082,0.000)) probe(trace_dist=0.0508, hit=False, normal_y=None, fraction=None) post(grounded=True, vel=(0.000,0.000,0.000), horiz_speed=0.000, pos=(-23.922,-0.118,0.111))
[movedbg #3246] pre(grounded=False, jumping=False, normal=(0.000,1.000,0.000), vel=(0.000,0.000,0.000)) probe(trace_dist=0.0508, hit=False, normal_y=None, fraction=None) post(grounded=False, vel=(0.000,-0.082,0.000), horiz_speed=0.000, pos=(-23.922,-0.119,0.111))
[movedbg #3247] pre(grounded=False, jumping=False, normal=(0.000,1.000,0.000), vel=(0.000,-0.082,0.000)) probe(trace_dist=0.0508, hit=False, normal_y=None, fraction=None) post(grounded=True, vel=(0.000,0.000,0.000), horiz_speed=0.000, pos=(-23.923,-0.118,0.111))
[movedbg #3248] pre(grounded=False, jumping=False, normal=(0.000,1.000,0.000), vel=(0.000,0.000,0.000)) probe(trace_dist=0.0508, hit=False, normal_y=None, fraction=None) post(grounded=False, vel=(0.000,-0.082,0.000), horiz_speed=0.000, pos=(-23.923,-0.119,0.111))
[movedbg #3249] pre(grounded=False, jumping=False, normal=(0.000,1.000,0.000), vel=(0.000,-0.082,0.000)) probe(trace_dist=0.0508, hit=False, normal_y=None, fraction=None) post(grounded=True, vel=(0.000,0.000,0.000), horiz_speed=0.000, pos=(-23.923,-0.118,0.111))
[movedbg #3250] pre(grounded=False, jumping=False, normal=(0.000,1.000,0.000), vel=(0.000,0.000,0.000)) probe(trace_dist=0.0508, hit=False, normal_y=None, fraction=None) post(grounded=False, vel=(0.000,-0.082,0.000), horiz_speed=0.000, pos=(-23.923,-0.119,0.111))
[movedbg #3251] pre(grounded=False, jumping=False, normal=(0.000,1.000,0.000), vel=(0.000,-0.082,0.000)) probe(trace_dist=0.0508, hit=False, normal_y=None, fraction=None) post(grounded=True, vel=(0.000,0.000,0.000), horiz_speed=0.000, pos=(-23.924,-0.119,0.111))
[movedbg #3252] pre(grounded=False, jumping=False, normal=(0.000,1.000,0.000), vel=(0.000,0.000,0.000)) probe(trace_dist=0.0508, hit=False, normal_y=None, fraction=None) post(grounded=False, vel=(0.000,-0.082,0.000), horiz_speed=0.000, pos=(-23.924,-0.120,0.111))
[movedbg #3253] pre(grounded=False, jumping=False, normal=(0.000,1.000,0.000), vel=(0.000,-0.082,0.000)) probe(trace_dist=0.0508, hit=False, normal_y=None, fraction=None) post(grounded=True, vel=(0.000,0.000,0.000), horiz_speed=0.000, pos=(-23.924,-0.119,0.111))
[movedbg #3254] pre(grounded=False, jumping=False, normal=(0.000,1.000,0.000), vel=(0.000,0.000,0.000)) probe(trace_dist=0.0508, hit=False, normal_y=None, fraction=None) post(grounded=False, vel=(0.000,-0.082,0.000), horiz_speed=0.000, pos=(-23.924,-0.119,0.111))
[movedbg #3255] pre(grounded=False, jumping=False, normal=(0.000,1.000,0.000), vel=(0.000,-0.082,0.000)) probe(trace_dist=0.0508, hit=False, normal_y=None, fraction=None) post(grounded=True, vel=(0.000,0.000,0.000), horiz_speed=0.000, pos=(-23.924,-0.118,0.111))
[movedbg #3256] pre(grounded=False, jumping=False, normal=(0.000,1.000,0.000), vel=(0.000,0.000,0.000)) probe(trace_dist=0.0508, hit=False, normal_y=None, fraction=None) post(grounded=False, vel=(0.000,-0.082,0.000), horiz_speed=0.000, pos=(-23.924,-0.119,0.111))
[movedbg #3257] pre(grounded=False, jumping=False, normal=(0.000,1.000,0.000), vel=(0.000,-0.082,0.000)) probe(trace_dist=0.0508, hit=False, normal_y=None, fraction=None) post(grounded=True, vel=(0.000,0.000,0.000), horiz_speed=0.000, pos=(-23.925,-0.119,0.111))
[movedbg #3258] pre(grounded=False, jumping=False, normal=(0.000,1.000,0.000), vel=(0.000,0.000,0.000)) probe(trace_dist=0.0508, hit=False, normal_y=None, fraction=None) post(grounded=False, vel=(0.000,-0.082,0.000), horiz_speed=0.000, pos=(-23.925,-0.120,0.111))
[movedbg #3259] pre(grounded=False, jumping=False, normal=(0.000,1.000,0.000), vel=(0.000,-0.082,0.000)) probe(trace_dist=0.0508, hit=False, normal_y=None, fraction=None) post(grounded=True, vel=(0.000,0.000,0.000), horiz_speed=0.000, pos=(-23.925,-0.119,0.111))
[movedbg #3260] pre(grounded=False, jumping=False, normal=(0.000,1.000,0.000), vel=(0.000,0.000,0.000)) probe(trace_dist=0.0508, hit=False, normal_y=None, fraction=None) post(grounded=False, vel=(0.000,-0.082,0.000), horiz_speed=0.000, pos=(-23.925,-0.120,0.111))
[movedbg #3261] pre(grounded=False, jumping=False, normal=(0.000,1.000,0.000), vel=(0.000,-0.082,0.000)) probe(trace_dist=0.0508, hit=False, normal_y=None, fraction=None) post(grounded=True, vel=(0.000,0.000,0.000), horiz_speed=0.000, pos=(-23.925,-0.119,0.111))
[movedbg #3262] pre(grounded=False, jumping=False, normal=(0.000,1.000,0.000), vel=(0.000,0.000,0.000)) probe(trace_dist=0.0508, hit=False, normal_y=None, fraction=None) post(grounded=False, vel=(0.000,-0.082,0.000), horiz_speed=0.000, pos=(-23.925,-0.120,0.111))
[movedbg #3263] pre(grounded=False, jumping=False, normal=(0.000,1.000,0.000), vel=(0.000,-0.082,0.000)) probe(trace_dist=0.0508, hit=False, normal_y=None, fraction=None) post(grounded=True, vel=(0.000,0.000,0.000), horiz_speed=0.000, pos=(-23.926,-0.120,0.111))
[movedbg #3264] pre(grounded=False, jumping=False, normal=(0.000,1.000,0.000), vel=(0.000,0.000,0.000)) probe(trace_dist=0.0508, hit=False, normal_y=None, fraction=None) post(grounded=False, vel=(0.000,-0.082,0.000), horiz_speed=0.000, pos=(-23.926,-0.120,0.111))
[movedbg #3265] pre(grounded=False, jumping=False, normal=(0.000,1.000,0.000), vel=(0.000,-0.082,0.000)) probe(trace_dist=0.0508, hit=False, normal_y=None, fraction=None) post(grounded=True, vel=(0.000,0.000,0.000), horiz_speed=0.000, pos=(-23.926,-0.120,0.111))
[movedbg #3266] pre(grounded=False, jumping=False, normal=(0.000,1.000,0.000), vel=(0.000,0.000,0.000)) probe(trace_dist=0.0508, hit=False, normal_y=None, fraction=None) post(grounded=False, vel=(0.000,-0.082,0.000), horiz_speed=0.000, pos=(-23.926,-0.120,0.111))
[movedbg #3267] pre(grounded=False, jumping=False, normal=(0.000,1.000,0.000), vel=(0.000,-0.082,0.000)) probe(trace_dist=0.0508, hit=False, normal_y=None, fraction=None) post(grounded=True, vel=(0.000,0.000,0.000), horiz_speed=0.000, pos=(-23.927,-0.119,0.111))
[movedbg #3268] pre(grounded=False, jumping=False, normal=(0.000,1.000,0.000), vel=(0.000,0.000,0.000)) probe(trace_dist=0.0508, hit=False, normal_y=None, fraction=None) post(grounded=False, vel=(0.000,-0.082,0.000), horiz_speed=0.000, pos=(-23.927,-0.120,0.111))
[movedbg #3269] pre(grounded=False, jumping=False, normal=(0.000,1.000,0.000), vel=(0.000,-0.082,0.000)) probe(trace_dist=0.0508, hit=False, normal_y=None, fraction=None) post(grounded=True, vel=(0.000,0.000,0.000), horiz_speed=0.000, pos=(-23.927,-0.120,0.111))
[movedbg #3270] pre(grounded=False, jumping=False, normal=(0.000,1.000,0.000), vel=(0.000,0.000,0.000)) probe(trace_dist=0.0508, hit=False, normal_y=None, fraction=None) post(grounded=False, vel=(0.000,-0.082,0.000), horiz_speed=0.000, pos=(-23.927,-0.121,0.111))
[movedbg #3271] pre(grounded=False, jumping=False, normal=(0.000,1.000,0.000), vel=(0.000,-0.082,0.000)) probe(trace_dist=0.0508, hit=False, normal_y=None, fraction=None) post(grounded=True, vel=(0.000,0.000,0.000), horiz_speed=0.000, pos=(-23.927,-0.120,0.111))
[movedbg #3272] pre(grounded=False, jumping=False, normal=(0.000,1.000,0.000), vel=(0.000,0.000,0.000)) probe(trace_dist=0.0508, hit=False, normal_y=None, fraction=None) post(grounded=False, vel=(0.000,-0.082,0.000), horiz_speed=0.000, pos=(-23.927,-0.121,0.111))
[movedbg #3273] pre(grounded=False, jumping=False, normal=(0.000,1.000,0.000), vel=(0.000,-0.082,0.000)) probe(trace_dist=0.0508, hit=False, normal_y=None, fraction=None) post(grounded=True, vel=(0.000,0.000,0.000), horiz_speed=0.000, pos=(-23.928,-0.120,0.111))
[movedbg #3274] pre(grounded=False, jumping=False, normal=(0.000,1.000,0.000), vel=(0.000,0.000,0.000)) probe(trace_dist=0.0508, hit=False, normal_y=None, fraction=None) post(grounded=False, vel=(0.000,-0.082,0.000), horiz_speed=0.000, pos=(-23.928,-0.120,0.111))
[movedbg #3275] pre(grounded=False, jumping=False, normal=(0.000,1.000,0.000), vel=(0.000,-0.082,0.000)) probe(trace_dist=0.0508, hit=False, normal_y=None, fraction=None) post(grounded=True, vel=(0.000,0.000,0.000), horiz_speed=0.000, pos=(-23.928,-0.121,0.111))
[movedbg #3276] pre(grounded=False, jumping=False, normal=(0.000,1.000,0.000), vel=(0.000,0.000,0.000)) probe(trace_dist=0.0508, hit=False, normal_y=None, fraction=None) post(grounded=True, vel=(0.000,0.000,0.000), horiz_speed=0.000, pos=(-23.928,-0.120,0.111))
[movedbg #3277] pre(grounded=False, jumping=False, normal=(0.000,1.000,0.000), vel=(0.000,0.000,0.000)) probe(trace_dist=0.0508, hit=False, normal_y=None, fraction=None) post(grounded=False, vel=(0.000,-0.082,0.000), horiz_speed=0.000, pos=(-23.928,-0.120,0.111))
[movedbg #3278] pre(grounded=False, jumping=False, normal=(0.000,1.000,0.000), vel=(0.000,-0.082,0.000)) probe(trace_dist=0.0508, hit=False, normal_y=None, fraction=None) post(grounded=False, vel=(0.000,-0.164,0.000), horiz_speed=0.000, pos=(-23.928,-0.122,0.111))
[movedbg #3279] pre(grounded=False, jumping=False, normal=(0.000,1.000,0.000), vel=(0.000,-0.164,0.000)) probe(trace_dist=0.0508, hit=False, normal_y=None, fraction=None) post(grounded=True, vel=(0.000,0.000,0.000), horiz_speed=0.000, pos=(-23.929,-0.121,0.111))
[movedbg #3280] pre(grounded=False, jumping=False, normal=(0.000,1.000,0.000), vel=(0.000,0.000,0.000)) probe(trace_dist=0.0508, hit=False, normal_y=None, fraction=None) post(grounded=False, vel=(0.000,-0.082,0.000), horiz_speed=0.000, pos=(-23.929,-0.122,0.111))
[movedbg #3281] pre(grounded=False, jumping=False, normal=(0.000,1.000,0.000), vel=(0.000,-0.082,0.000)) probe(trace_dist=0.0508, hit=False, normal_y=None, fraction=None) post(grounded=True, vel=(0.000,0.000,0.000), horiz_speed=0.000, pos=(-23.929,-0.121,0.111))
[movedbg #3282] pre(grounded=False, jumping=False, normal=(0.000,1.000,0.000), vel=(0.000,0.000,0.000)) probe(trace_dist=0.0508, hit=False, normal_y=None, fraction=None) post(grounded=False, vel=(0.000,-0.082,0.000), horiz_speed=0.000, pos=(-23.929,-0.121,0.111))
[movedbg #3283] pre(grounded=False, jumping=False, normal=(0.000,1.000,0.000), vel=(0.000,-0.082,0.000)) probe(trace_dist=0.0508, hit=False, normal_y=None, fraction=None) post(grounded=True, vel=(0.000,0.000,0.000), horiz_speed=0.000, pos=(-23.929,-0.120,0.111))
[movedbg #3284] pre(grounded=False, jumping=False, normal=(0.000,1.000,0.000), vel=(0.000,0.000,0.000)) probe(trace_dist=0.0508, hit=False, normal_y=None, fraction=None) post(grounded=False, vel=(0.000,-0.082,0.000), horiz_speed=0.000, pos=(-23.929,-0.121,0.111))
[movedbg #3285] pre(grounded=False, jumping=False, normal=(0.000,1.000,0.000), vel=(0.000,-0.082,0.000)) probe(trace_dist=0.0508, hit=False, normal_y=None, fraction=None) post(grounded=True, vel=(0.000,0.000,0.000), horiz_speed=0.000, pos=(-23.930,-0.121,0.111))
[movedbg #3286] pre(grounded=False, jumping=False, normal=(0.000,1.000,0.000), vel=(0.000,0.000,0.000)) probe(trace_dist=0.0508, hit=False, normal_y=None, fraction=None) post(grounded=False, vel=(0.000,-0.082,0.000), horiz_speed=0.000, pos=(-23.930,-0.122,0.111))
[movedbg #3287] pre(grounded=False, jumping=False, normal=(0.000,1.000,0.000), vel=(0.000,-0.082,0.000)) probe(trace_dist=0.0508, hit=False, normal_y=None, fraction=None) post(grounded=True, vel=(0.000,0.000,0.000), horiz_speed=0.000, pos=(-23.930,-0.121,0.111))
[movedbg #3288] pre(grounded=False, jumping=False, normal=(0.000,1.000,0.000), vel=(0.000,0.000,0.000)) probe(trace_dist=0.0508, hit=False, normal_y=None, fraction=None) post(grounded=False, vel=(0.000,-0.082,0.000), horiz_speed=0.000, pos=(-23.930,-0.122,0.111))
[movedbg #3289] pre(grounded=False, jumping=False, normal=(0.000,1.000,0.000), vel=(0.000,-0.082,0.000)) probe(trace_dist=0.0508, hit=False, normal_y=None, fraction=None) post(grounded=True, vel=(0.000,0.000,0.000), horiz_speed=0.000, pos=(-23.931,-0.121,0.111))
[movedbg #3290] pre(grounded=False, jumping=False, normal=(0.000,1.000,0.000), vel=(0.000,0.000,0.000)) probe(trace_dist=0.0508, hit=False, normal_y=None, fraction=None) post(grounded=False, vel=(0.000,-0.082,0.000), horiz_speed=0.000, pos=(-23.931,-0.122,0.111))
[movedbg #3291] pre(grounded=False, jumping=False, normal=(0.000,1.000,0.000), vel=(0.000,-0.082,0.000)) probe(trace_dist=0.0508, hit=False, normal_y=None, fraction=None) post(grounded=True, vel=(0.000,0.000,0.000), horiz_speed=0.000, pos=(-23.931,-0.122,0.111))
[movedbg #3292] pre(grounded=False, jumping=False, normal=(0.000,1.000,0.000), vel=(0.000,0.000,0.000)) probe(trace_dist=0.0508, hit=False, normal_y=None, fraction=None) post(grounded=False, vel=(0.000,-0.082,0.000), horiz_speed=0.000, pos=(-23.931,-0.123,0.111))
[movedbg #3293] pre(grounded=False, jumping=False, normal=(0.000,1.000,0.000), vel=(0.000,-0.082,0.000)) probe(trace_dist=0.0508, hit=False, normal_y=None, fraction=None) post(grounded=True, vel=(0.000,0.000,0.000), horiz_speed=0.000, pos=(-23.931,-0.122,0.111))
[movedbg #3294] pre(grounded=False, jumping=False, normal=(0.000,1.000,0.000), vel=(0.000,0.000,0.000)) probe(trace_dist=0.0508, hit=False, normal_y=None, fraction=None) post(grounded=False, vel=(0.000,-0.082,0.000), horiz_speed=0.000, pos=(-23.931,-0.122,0.111))
[movedbg #3295] pre(grounded=False, jumping=False, normal=(0.000,1.000,0.000), vel=(0.000,-0.082,0.000)) probe(trace_dist=0.0508, hit=False, normal_y=None, fraction=None) post(grounded=True, vel=(0.000,0.000,0.000), horiz_speed=0.000, pos=(-23.932,-0.121,0.111))
[movedbg #3296] pre(grounded=False, jumping=False, normal=(0.000,1.000,0.000), vel=(0.000,0.000,0.000)) probe(trace_dist=0.0508, hit=False, normal_y=None, fraction=None) post(grounded=False, vel=(0.000,-0.082,0.000), horiz_speed=0.000, pos=(-23.932,-0.122,0.111))
[movedbg #3297] pre(grounded=False, jumping=False, normal=(0.000,1.000,0.000), vel=(0.000,-0.082,0.000)) probe(trace_dist=0.0508, hit=False, normal_y=None, fraction=None) post(grounded=True, vel=(0.000,0.000,0.000), horiz_speed=0.000, pos=(-23.932,-0.122,0.111))
[movedbg #3298] pre(grounded=False, jumping=False, normal=(0.000,1.000,0.000), vel=(0.000,0.000,0.000)) probe(trace_dist=0.0508, hit=False, normal_y=None, fraction=None) post(grounded=False, vel=(0.000,-0.082,0.000), horiz_speed=0.000, pos=(-23.932,-0.123,0.111))
[movedbg #3299] pre(grounded=False, jumping=False, normal=(0.000,1.000,0.000), vel=(0.000,-0.082,0.000)) probe(trace_dist=0.0508, hit=False, normal_y=None, fraction=None) post(grounded=True, vel=(0.000,0.000,0.000), horiz_speed=0.000, pos=(-23.932,-0.122,0.111))
[movedbg #3300] pre(grounded=False, jumping=False, normal=(0.000,1.000,0.000), vel=(0.000,0.000,0.000)) probe(trace_dist=0.0508, hit=False, normal_y=None, fraction=None) post(grounded=False, vel=(0.000,-0.082,0.000), horiz_speed=0.000, pos=(-23.932,-0.123,0.111))
[movedbg #3301] pre(grounded=False, jumping=False, normal=(0.000,1.000,0.000), vel=(0.000,-0.082,0.000)) probe(trace_dist=0.0508, hit=False, normal_y=None, fraction=None) post(grounded=True, vel=(0.000,0.000,0.000), horiz_speed=0.000, pos=(-23.933,-0.122,0.111))
[movedbg #3302] pre(grounded=False, jumping=False, normal=(0.000,1.000,0.000), vel=(0.000,0.000,0.000)) probe(trace_dist=0.0508, hit=False, normal_y=None, fraction=None) post(grounded=False, vel=(0.000,-0.082,0.000), horiz_speed=0.000, pos=(-23.933,-0.123,0.111))
[movedbg #3303] pre(grounded=False, jumping=False, normal=(0.000,1.000,0.000), vel=(0.000,-0.082,0.000)) probe(trace_dist=0.0508, hit=False, normal_y=None, fraction=None) post(grounded=True, vel=(0.000,0.000,0.000), horiz_speed=0.000, pos=(-23.933,-0.123,0.111))
[movedbg #3304] pre(grounded=False, jumping=False, normal=(0.000,1.000,0.000), vel=(0.000,0.000,0.000)) probe(trace_dist=0.0508, hit=False, normal_y=None, fraction=None) post(grounded=False, vel=(0.000,-0.082,0.000), horiz_speed=0.000, pos=(-23.933,-0.123,0.111))
[movedbg #3305] pre(grounded=False, jumping=False, normal=(0.000,1.000,0.000), vel=(0.000,-0.082,0.000)) probe(trace_dist=0.0508, hit=False, normal_y=None, fraction=None) post(grounded=True, vel=(0.000,0.000,0.000), horiz_speed=0.000, pos=(-23.934,-0.123,0.111))
[movedbg #3306] pre(grounded=False, jumping=False, normal=(0.000,1.000,0.000), vel=(0.000,0.000,0.000)) probe(trace_dist=0.0508, hit=False, normal_y=None, fraction=None) post(grounded=False, vel=(0.000,-0.082,0.000), horiz_speed=0.000, pos=(-23.934,-0.123,0.111))
[movedbg #3307] pre(grounded=False, jumping=False, normal=(0.000,1.000,0.000), vel=(0.000,-0.082,0.000)) probe(trace_dist=0.0508, hit=False, normal_y=None, fraction=None) post(grounded=True, vel=(0.000,0.000,0.000), horiz_speed=0.000, pos=(-23.934,-0.122,0.111))
[movedbg #3308] pre(grounded=False, jumping=False, normal=(0.000,1.000,0.000), vel=(0.000,0.000,0.000)) probe(trace_dist=0.0508, hit=False, normal_y=None, fraction=None) post(grounded=False, vel=(0.000,-0.082,0.000), horiz_speed=0.000, pos=(-23.934,-0.123,0.111))
[movedbg #3309] pre(grounded=False, jumping=False, normal=(0.000,1.000,0.000), vel=(0.000,-0.082,0.000)) probe(trace_dist=0.0508, hit=False, normal_y=None, fraction=None) post(grounded=True, vel=(0.000,0.000,0.000), horiz_speed=0.000, pos=(-23.934,-0.123,0.111))
[movedbg #3310] pre(grounded=False, jumping=False, normal=(0.000,1.000,0.000), vel=(0.000,0.000,0.000)) probe(trace_dist=0.0508, hit=False, normal_y=None, fraction=None) post(grounded=False, vel=(0.000,-0.082,0.000), horiz_speed=0.000, pos=(-23.934,-0.124,0.111))
[movedbg #3311] pre(grounded=False, jumping=False, normal=(0.000,1.000,0.000), vel=(0.000,-0.082,0.000)) probe(trace_dist=0.0508, hit=False, normal_y=None, fraction=None) post(grounded=True, vel=(0.000,0.000,0.000), horiz_speed=0.000, pos=(-23.935,-0.123,0.111))
[movedbg #3312] pre(grounded=False, jumping=False, normal=(0.000,1.000,0.000), vel=(0.000,0.000,0.000)) probe(trace_dist=0.0508, hit=False, normal_y=None, fraction=None) post(grounded=False, vel=(0.000,-0.082,0.000), horiz_speed=0.000, pos=(-23.935,-0.124,0.111))
[movedbg #3313] pre(grounded=False, jumping=False, normal=(0.000,1.000,0.000), vel=(0.000,-0.082,0.000)) probe(trace_dist=0.0508, hit=False, normal_y=None, fraction=None) post(grounded=True, vel=(0.000,0.000,0.000), horiz_speed=0.000, pos=(-23.935,-0.123,0.111))
[movedbg #3314] pre(grounded=False, jumping=False, normal=(0.000,1.000,0.000), vel=(0.000,0.000,0.000)) probe(trace_dist=0.0508, hit=False, normal_y=None, fraction=None) post(grounded=False, vel=(0.000,-0.082,0.000), horiz_speed=0.000, pos=(-23.935,-0.123,0.111))
[movedbg #3315] pre(grounded=False, jumping=False, normal=(0.000,1.000,0.000), vel=(0.000,-0.082,0.000)) probe(trace_dist=0.0508, hit=False, normal_y=None, fraction=None) post(grounded=True, vel=(0.000,0.000,0.000), horiz_speed=0.000, pos=(-23.935,-0.124,0.111))
[movedbg #3316] pre(grounded=False, jumping=False, normal=(0.000,1.000,0.000), vel=(0.000,0.000,0.000)) probe(trace_dist=0.0508, hit=False, normal_y=None, fraction=None) post(grounded=False, vel=(0.000,-0.082,0.000), horiz_speed=0.000, pos=(-23.935,-0.124,0.111))
[movedbg #3317] pre(grounded=False, jumping=False, normal=(0.000,1.000,0.000), vel=(0.000,-0.082,0.000)) probe(trace_dist=0.0508, hit=False, normal_y=None, fraction=None) post(grounded=True, vel=(0.000,0.000,0.000), horiz_speed=0.000, pos=(-23.936,-0.123,0.111))
[movedbg #3318] pre(grounded=False, jumping=False, normal=(0.000,1.000,0.000), vel=(0.000,0.000,0.000)) probe(trace_dist=0.0508, hit=False, normal_y=None, fraction=None) post(grounded=False, vel=(0.000,-0.082,0.000), horiz_speed=0.000, pos=(-23.936,-0.124,0.111))
[movedbg #3319] pre(grounded=False, jumping=False, normal=(0.000,1.000,0.000), vel=(0.000,-0.082,0.000)) probe(trace_dist=0.0508, hit=False, normal_y=None, fraction=None) post(grounded=True, vel=(0.000,0.000,0.000), horiz_speed=0.000, pos=(-23.936,-0.123,0.111))
[movedbg #3320] pre(grounded=False, jumping=False, normal=(0.000,1.000,0.000), vel=(0.000,0.000,0.000)) probe(trace_dist=0.0508, hit=False, normal_y=None, fraction=None) post(grounded=False, vel=(0.000,-0.082,0.000), horiz_speed=0.000, pos=(-23.936,-0.124,0.111))
[movedbg #3321] pre(grounded=False, jumping=False, normal=(0.000,1.000,0.000), vel=(0.000,-0.082,0.000)) probe(trace_dist=0.0508, hit=False, normal_y=None, fraction=None) post(grounded=True, vel=(0.000,0.000,0.000), horiz_speed=0.000, pos=(-23.937,-0.124,0.111))
[movedbg #3322] pre(grounded=False, jumping=False, normal=(0.000,1.000,0.000), vel=(0.000,0.000,0.000)) probe(trace_dist=0.0508, hit=False, normal_y=None, fraction=None) post(grounded=False, vel=(0.000,-0.082,0.000), horiz_speed=0.000, pos=(-23.937,-0.125,0.111))
[movedbg #3323] pre(grounded=False, jumping=False, normal=(0.000,1.000,0.000), vel=(0.000,-0.082,0.000)) probe(trace_dist=0.0508, hit=False, normal_y=None, fraction=None) post(grounded=True, vel=(0.000,0.000,0.000), horiz_speed=0.000, pos=(-23.937,-0.124,0.111))
[movedbg #3324] pre(grounded=False, jumping=False, normal=(0.000,1.000,0.000), vel=(0.000,0.000,0.000)) probe(trace_dist=0.0508, hit=False, normal_y=None, fraction=None) post(grounded=False, vel=(0.000,-0.082,0.000), horiz_speed=0.000, pos=(-23.937,-0.125,0.111))
[movedbg #3325] pre(grounded=False, jumping=False, normal=(0.000,1.000,0.000), vel=(0.000,-0.082,0.000)) probe(trace_dist=0.0508, hit=False, normal_y=None, fraction=None) post(grounded=True, vel=(0.000,0.000,0.000), horiz_speed=0.000, pos=(-23.937,-0.124,0.111))
[movedbg #3326] pre(grounded=False, jumping=False, normal=(0.000,1.000,0.000), vel=(0.000,0.000,0.000)) probe(trace_dist=0.0508, hit=False, normal_y=None, fraction=None) post(grounded=False, vel=(0.000,-0.082,0.000), horiz_speed=0.000, pos=(-23.937,-0.124,0.111))
[movedbg #3327] pre(grounded=False, jumping=False, normal=(0.000,1.000,0.000), vel=(0.000,-0.082,0.000)) probe(trace_dist=0.0508, hit=False, normal_y=None, fraction=None) post(grounded=True, vel=(0.000,0.000,0.000), horiz_speed=0.000, pos=(-23.938,-0.125,0.111))
[movedbg #3328] pre(grounded=False, jumping=False, normal=(0.000,1.000,0.000), vel=(0.000,0.000,0.000)) probe(trace_dist=0.0508, hit=False, normal_y=None, fraction=None) post(grounded=False, vel=(0.000,-0.082,0.000), horiz_speed=0.000, pos=(-23.938,-0.125,0.111))
[movedbg #3329] pre(grounded=False, jumping=False, normal=(0.000,1.000,0.000), vel=(0.000,-0.082,0.000)) probe(trace_dist=0.0508, hit=False, normal_y=None, fraction=None) post(grounded=True, vel=(0.000,0.000,0.000), horiz_speed=0.000, pos=(-23.938,-0.124,0.111))
[movedbg #3330] pre(grounded=False, jumping=False, normal=(0.000,1.000,0.000), vel=(0.000,0.000,0.000)) probe(trace_dist=0.0508, hit=False, normal_y=None, fraction=None) post(grounded=False, vel=(0.000,-0.082,0.000), horiz_speed=0.000, pos=(-23.938,-0.125,0.111))
[movedbg #3331] pre(grounded=False, jumping=False, normal=(0.000,1.000,0.000), vel=(0.000,-0.082,0.000)) probe(trace_dist=0.0508, hit=False, normal_y=None, fraction=None) post(grounded=True, vel=(0.000,0.000,0.000), horiz_speed=0.000, pos=(-23.938,-0.124,0.111))
[movedbg #3332] pre(grounded=False, jumping=False, normal=(0.000,1.000,0.000), vel=(0.000,0.000,0.000)) probe(trace_dist=0.0508, hit=False, normal_y=None, fraction=None) post(grounded=False, vel=(0.000,-0.082,0.000), horiz_speed=0.000, pos=(-23.938,-0.125,0.111))
[movedbg #3333] pre(grounded=False, jumping=False, normal=(0.000,1.000,0.000), vel=(0.000,-0.082,0.000)) probe(trace_dist=0.0508, hit=False, normal_y=None, fraction=None) post(grounded=True, vel=(0.000,0.000,0.000), horiz_speed=0.000, pos=(-23.939,-0.125,0.111))
[movedbg #3334] pre(grounded=False, jumping=False, normal=(0.000,1.000,0.000), vel=(0.000,0.000,0.000)) probe(trace_dist=0.0508, hit=False, normal_y=None, fraction=None) post(grounded=False, vel=(0.000,-0.082,0.000), horiz_speed=0.000, pos=(-23.939,-0.126,0.111))
[movedbg #3335] pre(grounded=False, jumping=False, normal=(0.000,1.000,0.000), vel=(0.000,-0.082,0.000)) probe(trace_dist=0.0508, hit=False, normal_y=None, fraction=None) post(grounded=True, vel=(0.000,0.000,0.000), horiz_speed=0.000, pos=(-23.939,-0.125,0.111))
[movedbg #3336] pre(grounded=False, jumping=False, normal=(0.000,1.000,0.000), vel=(0.000,0.000,0.000)) probe(trace_dist=0.0508, hit=False, normal_y=None, fraction=None) post(grounded=False, vel=(0.000,-0.082,0.000), horiz_speed=0.000, pos=(-23.939,-0.125,0.111))
[movedbg #3337] pre(grounded=False, jumping=False, normal=(0.000,1.000,0.000), vel=(0.000,-0.082,0.000)) probe(trace_dist=0.0508, hit=False, normal_y=None, fraction=None) post(grounded=True, vel=(0.000,0.000,0.000), horiz_speed=0.000, pos=(-23.939,-0.124,0.111))
[movedbg #3338] pre(grounded=False, jumping=False, normal=(0.000,1.000,0.000), vel=(0.000,0.000,0.000)) probe(trace_dist=0.0508, hit=False, normal_y=None, fraction=None) post(grounded=False, vel=(0.000,-0.082,0.000), horiz_speed=0.000, pos=(-23.939,-0.125,0.111))
[movedbg #3339] pre(grounded=False, jumping=False, normal=(0.000,1.000,0.000), vel=(0.000,-0.082,0.000)) probe(trace_dist=0.0508, hit=False, normal_y=None, fraction=None) post(grounded=True, vel=(0.000,0.000,0.000), horiz_speed=0.000, pos=(-23.940,-0.125,0.111))
[movedbg #3340] pre(grounded=False, jumping=False, normal=(0.000,1.000,0.000), vel=(0.000,0.000,0.000)) probe(trace_dist=0.0508, hit=False, normal_y=None, fraction=None) post(grounded=False, vel=(0.000,-0.082,0.000), horiz_speed=0.000, pos=(-23.940,-0.126,0.111))
[movedbg #3341] pre(grounded=False, jumping=False, normal=(0.000,1.000,0.000), vel=(0.000,-0.082,0.000)) probe(trace_dist=0.0508, hit=False, normal_y=None, fraction=None) post(grounded=True, vel=(0.000,0.000,0.000), horiz_speed=0.000, pos=(-23.940,-0.125,0.111))
[movedbg #3342] pre(grounded=False, jumping=False, normal=(0.000,1.000,0.000), vel=(0.000,0.000,0.000)) probe(trace_dist=0.0508, hit=False, normal_y=None, fraction=None) post(grounded=False, vel=(0.000,-0.082,0.000), horiz_speed=0.000, pos=(-23.940,-0.126,0.111))
[movedbg #3343] pre(grounded=False, jumping=False, normal=(0.000,1.000,0.000), vel=(0.000,-0.082,0.000)) probe(trace_dist=0.0508, hit=False, normal_y=None, fraction=None) post(grounded=True, vel=(0.000,0.000,0.000), horiz_speed=0.000, pos=(-23.941,-0.125,0.111))
[movedbg #3344] pre(grounded=False, jumping=False, normal=(0.000,1.000,0.000), vel=(0.000,0.000,0.000)) probe(trace_dist=0.0508, hit=False, normal_y=None, fraction=None) post(grounded=False, vel=(0.000,-0.082,0.000), horiz_speed=0.000, pos=(-23.941,-0.126,0.111))
[movedbg #3345] pre(grounded=False, jumping=False, normal=(0.000,1.000,0.000), vel=(0.000,-0.082,0.000)) probe(trace_dist=0.0508, hit=False, normal_y=None, fraction=None) post(grounded=True, vel=(0.000,0.000,0.000), horiz_speed=0.000, pos=(-23.941,-0.126,0.111))
[movedbg #3346] pre(grounded=False, jumping=False, normal=(0.000,1.000,0.000), vel=(0.000,0.000,0.000)) probe(trace_dist=0.0508, hit=False, normal_y=None, fraction=None) post(grounded=False, vel=(0.000,-0.082,0.000), horiz_speed=0.000, pos=(-23.941,-0.127,0.111))
[movedbg #3347] pre(grounded=False, jumping=False, normal=(0.000,1.000,0.000), vel=(0.000,-0.082,0.000)) probe(trace_dist=0.0508, hit=False, normal_y=None, fraction=None) post(grounded=True, vel=(0.000,0.000,0.000), horiz_speed=0.000, pos=(-23.941,-0.126,0.111))
[movedbg #3348] pre(grounded=False, jumping=False, normal=(0.000,1.000,0.000), vel=(0.000,0.000,0.000)) probe(trace_dist=0.0508, hit=False, normal_y=None, fraction=None) post(grounded=False, vel=(0.000,-0.082,0.000), horiz_speed=0.000, pos=(-23.941,-0.126,0.111))
[movedbg #3349] pre(grounded=False, jumping=False, normal=(0.000,1.000,0.000), vel=(0.000,-0.082,0.000)) probe(trace_dist=0.0508, hit=False, normal_y=None, fraction=None) post(grounded=True, vel=(0.000,0.000,0.000), horiz_speed=0.000, pos=(-23.942,-0.125,0.111))
[movedbg #3350] pre(grounded=False, jumping=False, normal=(0.000,1.000,0.000), vel=(0.000,0.000,0.000)) probe(trace_dist=0.0508, hit=False, normal_y=None, fraction=None) post(grounded=False, vel=(0.000,-0.082,0.000), horiz_speed=0.000, pos=(-23.942,-0.126,0.111))
[movedbg #3351] pre(grounded=False, jumping=False, normal=(0.000,1.000,0.000), vel=(0.000,-0.082,0.000)) probe(trace_dist=0.0508, hit=False, normal_y=None, fraction=None) post(grounded=True, vel=(0.000,0.000,0.000), horiz_speed=0.000, pos=(-23.942,-0.126,0.111))
[movedbg #3352] pre(grounded=False, jumping=False, normal=(0.000,1.000,0.000), vel=(0.000,0.000,0.000)) probe(trace_dist=0.0508, hit=False, normal_y=None, fraction=None) post(grounded=True, vel=(0.000,0.000,0.000), horiz_speed=0.000, pos=(-23.942,-0.125,0.111))
[movedbg #3353] pre(grounded=False, jumping=False, normal=(0.000,1.000,0.000), vel=(0.000,0.000,0.000)) probe(trace_dist=0.0508, hit=False, normal_y=None, fraction=None) post(grounded=False, vel=(0.000,-0.082,0.000), horiz_speed=0.000, pos=(-23.942,-0.126,0.111))
[movedbg #3354] pre(grounded=False, jumping=False, normal=(0.000,1.000,0.000), vel=(0.000,-0.082,0.000)) probe(trace_dist=0.0508, hit=False, normal_y=None, fraction=None) post(grounded=False, vel=(0.000,-0.164,0.000), horiz_speed=0.000, pos=(-23.942,-0.127,0.111))
[movedbg #3355] pre(grounded=False, jumping=False, normal=(0.000,1.000,0.000), vel=(0.000,-0.164,0.000)) probe(trace_dist=0.0508, hit=False, normal_y=None, fraction=None) post(grounded=True, vel=(0.000,0.000,0.000), horiz_speed=0.000, pos=(-23.943,-0.126,0.111))
[movedbg #3356] pre(grounded=False, jumping=False, normal=(0.000,1.000,0.000), vel=(0.000,0.000,0.000)) probe(trace_dist=0.0508, hit=False, normal_y=None, fraction=None) post(grounded=False, vel=(0.000,-0.082,0.000), horiz_speed=0.000, pos=(-23.943,-0.127,0.111))
[movedbg #3357] pre(grounded=False, jumping=False, normal=(0.000,1.000,0.000), vel=(0.000,-0.082,0.000)) probe(trace_dist=0.0508, hit=False, normal_y=None, fraction=None) post(grounded=True, vel=(0.000,0.000,0.000), horiz_speed=0.000, pos=(-23.943,-0.126,0.111))
[movedbg #3358] pre(grounded=False, jumping=False, normal=(0.000,1.000,0.000), vel=(0.000,0.000,0.000)) probe(trace_dist=0.0508, hit=False, normal_y=None, fraction=None) post(grounded=False, vel=(0.000,-0.082,0.000), horiz_speed=0.000, pos=(-23.943,-0.127,0.111))
[movedbg #3359] pre(grounded=False, jumping=False, normal=(0.000,1.000,0.000), vel=(0.000,-0.082,0.000)) probe(trace_dist=0.0508, hit=False, normal_y=None, fraction=None) post(grounded=True, vel=(0.000,0.000,0.000), horiz_speed=0.000, pos=(-23.944,-0.126,0.111))
[movedbg #3360] pre(grounded=False, jumping=False, normal=(0.000,1.000,0.000), vel=(0.000,0.000,0.000)) probe(trace_dist=0.0508, hit=False, normal_y=None, fraction=None) post(grounded=False, vel=(0.000,-0.082,0.000), horiz_speed=0.000, pos=(-23.944,-0.127,0.111))
[movedbg #3361] pre(grounded=False, jumping=False, normal=(0.000,1.000,0.000), vel=(0.000,-0.082,0.000)) probe(trace_dist=0.0508, hit=False, normal_y=None, fraction=None) post(grounded=True, vel=(0.000,0.000,0.000), horiz_speed=0.000, pos=(-23.944,-0.127,0.111))
[movedbg #3362] pre(grounded=False, jumping=False, normal=(0.000,1.000,0.000), vel=(0.000,0.000,0.000)) probe(trace_dist=0.0508, hit=False, normal_y=None, fraction=None) post(grounded=False, vel=(0.000,-0.082,0.000), horiz_speed=0.000, pos=(-23.944,-0.128,0.111))
[movedbg #3363] pre(grounded=False, jumping=False, normal=(0.000,1.000,0.000), vel=(0.000,-0.082,0.000)) probe(trace_dist=0.0508, hit=False, normal_y=None, fraction=None) post(grounded=True, vel=(0.000,0.000,0.000), horiz_speed=0.000, pos=(-23.944,-0.127,0.111))
[movedbg #3364] pre(grounded=False, jumping=False, normal=(0.000,1.000,0.000), vel=(0.000,0.000,0.000)) probe(trace_dist=0.0508, hit=False, normal_y=None, fraction=None) post(grounded=False, vel=(0.000,-0.082,0.000), horiz_speed=0.000, pos=(-23.944,-0.127,0.111))
[movedbg #3365] pre(grounded=False, jumping=False, normal=(0.000,1.000,0.000), vel=(0.000,-0.082,0.000)) probe(trace_dist=0.0508, hit=False, normal_y=None, fraction=None) post(grounded=True, vel=(0.000,0.000,0.000), horiz_speed=0.000, pos=(-23.945,-0.127,0.111))
[movedbg #3366] pre(grounded=False, jumping=False, normal=(0.000,1.000,0.000), vel=(0.000,0.000,0.000)) probe(trace_dist=0.0508, hit=False, normal_y=None, fraction=None) post(grounded=False, vel=(0.000,-0.082,0.000), horiz_speed=0.000, pos=(-23.945,-0.127,0.111))
[movedbg #3367] pre(grounded=False, jumping=False, normal=(0.000,1.000,0.000), vel=(0.000,-0.082,0.000)) probe(trace_dist=0.0508, hit=False, normal_y=None, fraction=None) post(grounded=True, vel=(0.000,0.000,0.000), horiz_speed=0.000, pos=(-23.945,-0.127,0.111))
[movedbg #3368] pre(grounded=False, jumping=False, normal=(0.000,1.000,0.000), vel=(0.000,0.000,0.000)) probe(trace_dist=0.0508, hit=False, normal_y=None, fraction=None) post(grounded=False, vel=(0.000,-0.082,0.000), horiz_speed=0.000, pos=(-23.945,-0.128,0.111))
[movedbg #3369] pre(grounded=False, jumping=False, normal=(0.000,1.000,0.000), vel=(0.000,-0.082,0.000)) probe(trace_dist=0.0508, hit=False, normal_y=None, fraction=None) post(grounded=True, vel=(0.000,0.000,0.000), horiz_speed=0.000, pos=(-23.945,-0.127,0.111))
[movedbg #3370] pre(grounded=False, jumping=False, normal=(0.000,1.000,0.000), vel=(0.000,0.000,0.000)) probe(trace_dist=0.0508, hit=False, normal_y=None, fraction=None) post(grounded=False, vel=(0.000,-0.082,0.000), horiz_speed=0.000, pos=(-23.945,-0.128,0.111))
[movedbg #3371] pre(grounded=False, jumping=False, normal=(0.000,1.000,0.000), vel=(0.000,-0.082,0.000)) probe(trace_dist=0.0508, hit=False, normal_y=None, fraction=None) post(grounded=True, vel=(0.000,0.000,0.000), horiz_speed=0.000, pos=(-23.946,-0.127,0.111))
[movedbg #3372] pre(grounded=False, jumping=False, normal=(0.000,1.000,0.000), vel=(0.000,0.000,0.000)) probe(trace_dist=0.0508, hit=False, normal_y=None, fraction=None) post(grounded=False, vel=(0.000,-0.082,0.000), horiz_speed=0.000, pos=(-23.946,-0.128,0.111))
[movedbg #3373] pre(grounded=False, jumping=False, normal=(0.000,1.000,0.000), vel=(0.000,-0.082,0.000)) probe(trace_dist=0.0508, hit=False, normal_y=None, fraction=None) post(grounded=True, vel=(0.000,0.000,0.000), horiz_speed=0.000, pos=(-23.946,-0.128,0.111))
[movedbg #3374] pre(grounded=False, jumping=False, normal=(0.000,1.000,0.000), vel=(0.000,0.000,0.000)) probe(trace_dist=0.0508, hit=False, normal_y=None, fraction=None) post(grounded=False, vel=(0.000,-0.082,0.000), horiz_speed=0.000, pos=(-23.946,-0.129,0.111))
[movedbg #3375] pre(grounded=False, jumping=False, normal=(0.000,1.000,0.000), vel=(0.000,-0.082,0.000)) probe(trace_dist=0.0508, hit=False, normal_y=None, fraction=None) post(grounded=True, vel=(0.000,0.000,0.000), horiz_speed=0.000, pos=(-23.946,-0.128,0.111))
[movedbg #3376] pre(grounded=False, jumping=False, normal=(0.000,1.000,0.000), vel=(0.000,0.000,0.000)) probe(trace_dist=0.0508, hit=False, normal_y=None, fraction=None) post(grounded=False, vel=(0.000,-0.082,0.000), horiz_speed=0.000, pos=(-23.946,-0.128,0.111))
[movedbg #3377] pre(grounded=False, jumping=False, normal=(0.000,1.000,0.000), vel=(0.000,-0.082,0.000)) probe(trace_dist=0.0508, hit=False, normal_y=None, fraction=None) post(grounded=True, vel=(0.000,0.000,0.000), horiz_speed=0.000, pos=(-23.947,-0.127,0.111))
[movedbg #3378] pre(grounded=False, jumping=False, normal=(0.000,1.000,0.000), vel=(0.000,0.000,0.000)) probe(trace_dist=0.0508, hit=False, normal_y=None, fraction=None) post(grounded=False, vel=(0.000,-0.082,0.000), horiz_speed=0.000, pos=(-23.947,-0.128,0.111))
[movedbg #3379] pre(grounded=False, jumping=False, normal=(0.000,1.000,0.000), vel=(0.000,-0.082,0.000)) probe(trace_dist=0.0508, hit=False, normal_y=None, fraction=None) post(grounded=True, vel=(0.000,0.000,0.000), horiz_speed=0.000, pos=(-23.947,-0.128,0.111))
[movedbg #3380] pre(grounded=False, jumping=False, normal=(0.000,1.000,0.000), vel=(0.000,0.000,0.000)) probe(trace_dist=0.0508, hit=False, normal_y=None, fraction=None) post(grounded=False, vel=(0.000,-0.082,0.000), horiz_speed=0.000, pos=(-23.947,-0.129,0.111))
[movedbg #3381] pre(grounded=False, jumping=False, normal=(0.000,1.000,0.000), vel=(0.000,-0.082,0.000)) probe(trace_dist=0.0508, hit=False, normal_y=None, fraction=None) post(grounded=True, vel=(0.000,0.000,0.000), horiz_speed=0.000, pos=(-23.948,-0.128,0.111))
[movedbg #3382] pre(grounded=False, jumping=False, normal=(0.000,1.000,0.000), vel=(0.000,0.000,0.000)) probe(trace_dist=0.0508, hit=False, normal_y=None, fraction=None) post(grounded=False, vel=(0.000,-0.082,0.000), horiz_speed=0.000, pos=(-23.948,-0.129,0.111))
[movedbg #3383] pre(grounded=False, jumping=False, normal=(0.000,1.000,0.000), vel=(0.000,-0.082,0.000)) probe(trace_dist=0.0508, hit=False, normal_y=None, fraction=None) post(grounded=True, vel=(0.000,0.000,0.000), horiz_speed=0.000, pos=(-23.948,-0.128,0.111))
[movedbg #3384] pre(grounded=False, jumping=False, normal=(0.000,1.000,0.000), vel=(0.000,0.000,0.000)) probe(trace_dist=0.0508, hit=False, normal_y=None, fraction=None) post(grounded=False, vel=(0.000,-0.082,0.000), horiz_speed=0.000, pos=(-23.948,-0.129,0.111))
[movedbg #3385] pre(grounded=False, jumping=False, normal=(0.000,1.000,0.000), vel=(0.000,-0.082,0.000)) probe(trace_dist=0.0508, hit=False, normal_y=None, fraction=None) post(grounded=True, vel=(0.000,0.000,0.000), horiz_speed=0.000, pos=(-23.948,-0.129,0.111))
[movedbg #3386] pre(grounded=False, jumping=False, normal=(0.000,1.000,0.000), vel=(0.000,0.000,0.000)) probe(trace_dist=0.0508, hit=False, normal_y=None, fraction=None) post(grounded=False, vel=(0.000,-0.082,0.000), horiz_speed=0.000, pos=(-23.948,-0.129,0.111))
[movedbg #3387] pre(grounded=False, jumping=False, normal=(0.000,1.000,0.000), vel=(0.000,-0.082,0.000)) probe(trace_dist=0.0508, hit=False, normal_y=None, fraction=None) post(grounded=True, vel=(0.000,0.000,0.000), horiz_speed=0.000, pos=(-23.949,-0.129,0.111))
[movedbg #3388] pre(grounded=False, jumping=False, normal=(0.000,1.000,0.000), vel=(0.000,0.000,0.000)) probe(trace_dist=0.0508, hit=False, normal_y=None, fraction=None) post(grounded=False, vel=(0.000,-0.082,0.000), horiz_speed=0.000, pos=(-23.949,-0.129,0.111))
[movedbg #3389] pre(grounded=False, jumping=False, normal=(0.000,1.000,0.000), vel=(0.000,-0.082,0.000)) probe(trace_dist=0.0508, hit=False, normal_y=None, fraction=None) post(grounded=True, vel=(0.000,0.000,0.000), horiz_speed=0.000, pos=(-23.949,-0.128,0.111))
[movedbg #3390] pre(grounded=False, jumping=False, normal=(0.000,1.000,0.000), vel=(0.000,0.000,0.000)) probe(trace_dist=0.0508, hit=False, normal_y=None, fraction=None) post(grounded=False, vel=(0.000,-0.082,0.000), horiz_speed=0.000, pos=(-23.949,-0.129,0.111))
[movedbg #3391] pre(grounded=False, jumping=False, normal=(0.000,1.000,0.000), vel=(0.000,-0.082,0.000)) probe(trace_dist=0.0508, hit=False, normal_y=None, fraction=None) post(grounded=True, vel=(0.000,0.000,0.000), horiz_speed=0.000, pos=(-23.949,-0.129,0.111))
[movedbg #3392] pre(grounded=False, jumping=False, normal=(0.000,1.000,0.000), vel=(0.000,0.000,0.000)) probe(trace_dist=0.0508, hit=False, normal_y=None, fraction=None) post(grounded=False, vel=(0.000,-0.082,0.000), horiz_speed=0.000, pos=(-23.949,-0.130,0.111))
[movedbg #3393] pre(grounded=False, jumping=False, normal=(0.000,1.000,0.000), vel=(0.000,-0.082,0.000)) probe(trace_dist=0.0508, hit=False, normal_y=None, fraction=None) post(grounded=True, vel=(0.000,0.000,0.000), horiz_speed=0.000, pos=(-23.950,-0.129,0.111))
[movedbg #3394] pre(grounded=False, jumping=False, normal=(0.000,1.000,0.000), vel=(0.000,0.000,0.000)) probe(trace_dist=0.0508, hit=False, normal_y=None, fraction=None) post(grounded=False, vel=(0.000,-0.082,0.000), horiz_speed=0.000, pos=(-23.950,-0.130,0.111))
[movedbg #3395] pre(grounded=False, jumping=False, normal=(0.000,1.000,0.000), vel=(0.000,-0.082,0.000)) probe(trace_dist=0.0508, hit=False, normal_y=None, fraction=None) post(grounded=True, vel=(0.000,0.000,0.000), horiz_speed=0.000, pos=(-23.950,-0.129,0.111))
[movedbg #3396] pre(grounded=False, jumping=False, normal=(0.000,1.000,0.000), vel=(0.000,0.000,0.000)) probe(trace_dist=0.0508, hit=False, normal_y=None, fraction=None) post(grounded=False, vel=(0.000,-0.082,0.000), horiz_speed=0.000, pos=(-23.950,-0.129,0.111))
[movedbg #3397] pre(grounded=False, jumping=False, normal=(0.000,1.000,0.000), vel=(0.000,-0.082,0.000)) probe(trace_dist=0.0508, hit=False, normal_y=None, fraction=None) post(grounded=True, vel=(0.000,0.000,0.000), horiz_speed=0.000, pos=(-23.951,-0.130,0.111))
[movedbg #3398] pre(grounded=False, jumping=False, normal=(0.000,1.000,0.000), vel=(0.000,0.000,0.000)) probe(trace_dist=0.0508, hit=False, normal_y=None, fraction=None) post(grounded=False, vel=(0.000,-0.082,0.000), horiz_speed=0.000, pos=(-23.951,-0.130,0.111))
[movedbg #3399] pre(grounded=False, jumping=False, normal=(0.000,1.000,0.000), vel=(0.000,-0.082,0.000)) probe(trace_dist=0.0508, hit=False, normal_y=None, fraction=None) post(grounded=True, vel=(0.000,0.000,0.000), horiz_speed=0.000, pos=(-23.951,-0.129,0.111))
[movedbg #3400] pre(grounded=False, jumping=False, normal=(0.000,1.000,0.000), vel=(0.000,0.000,0.000)) probe(trace_dist=0.0508, hit=False, normal_y=None, fraction=None) post(grounded=False, vel=(0.000,-0.082,0.000), horiz_speed=0.000, pos=(-23.951,-0.130,0.111))
[movedbg #3401] pre(grounded=False, jumping=False, normal=(0.000,1.000,0.000), vel=(0.000,-0.082,0.000)) probe(trace_dist=0.0508, hit=False, normal_y=None, fraction=None) post(grounded=True, vel=(0.000,0.000,0.000), horiz_speed=0.000, pos=(-23.951,-0.129,0.111))
[movedbg #3402] pre(grounded=False, jumping=False, normal=(0.000,1.000,0.000), vel=(0.000,0.000,0.000)) probe(trace_dist=0.0508, hit=False, normal_y=None, fraction=None) post(grounded=False, vel=(0.000,-0.082,0.000), horiz_speed=0.000, pos=(-23.951,-0.130,0.111))
[movedbg #3403] pre(grounded=False, jumping=False, normal=(0.000,1.000,0.000), vel=(0.000,-0.082,0.000)) probe(trace_dist=0.0508, hit=False, normal_y=None, fraction=None) post(grounded=True, vel=(0.000,0.000,0.000), horiz_speed=0.000, pos=(-23.952,-0.130,0.111))
[movedbg #3404] pre(grounded=False, jumping=False, normal=(0.000,1.000,0.000), vel=(0.000,0.000,0.000)) probe(trace_dist=0.0508, hit=False, normal_y=None, fraction=None) post(grounded=False, vel=(0.000,-0.082,0.000), horiz_speed=0.000, pos=(-23.952,-0.131,0.111))
[movedbg #3405] pre(grounded=False, jumping=False, normal=(0.000,1.000,0.000), vel=(0.000,-0.082,0.000)) probe(trace_dist=0.0508, hit=False, normal_y=None, fraction=None) post(grounded=True, vel=(0.000,0.000,0.000), horiz_speed=0.000, pos=(-23.952,-0.130,0.111))
[movedbg #3406] pre(grounded=False, jumping=False, normal=(0.000,1.000,0.000), vel=(0.000,0.000,0.000)) probe(trace_dist=0.0508, hit=False, normal_y=None, fraction=None) post(grounded=False, vel=(0.000,-0.082,0.000), horiz_speed=0.000, pos=(-23.952,-0.131,0.111))
[movedbg #3407] pre(grounded=False, jumping=False, normal=(0.000,1.000,0.000), vel=(0.000,-0.082,0.000)) probe(trace_dist=0.0508, hit=False, normal_y=None, fraction=None) post(grounded=True, vel=(0.000,0.000,0.000), horiz_speed=0.000, pos=(-23.952,-0.130,0.111))
[movedbg #3408] pre(grounded=False, jumping=False, normal=(0.000,1.000,0.000), vel=(0.000,0.000,0.000)) probe(trace_dist=0.0508, hit=False, normal_y=None, fraction=None) post(grounded=False, vel=(0.000,-0.082,0.000), horiz_speed=0.000, pos=(-23.952,-0.130,0.111))
[movedbg #3409] pre(grounded=False, jumping=False, normal=(0.000,1.000,0.000), vel=(0.000,-0.082,0.000)) probe(trace_dist=0.0508, hit=False, normal_y=None, fraction=None) post(grounded=True, vel=(0.000,0.000,0.000), horiz_speed=0.000, pos=(-23.953,-0.131,0.111))
[movedbg #3410] pre(grounded=False, jumping=False, normal=(0.000,1.000,0.000), vel=(0.000,0.000,0.000)) probe(trace_dist=0.0508, hit=False, normal_y=None, fraction=None) post(grounded=False, vel=(0.000,-0.082,0.000), horiz_speed=0.000, pos=(-23.953,-0.131,0.111))
[movedbg #3411] pre(grounded=False, jumping=False, normal=(0.000,1.000,0.000), vel=(0.000,-0.082,0.000)) probe(trace_dist=0.0508, hit=False, normal_y=None, fraction=None) post(grounded=True, vel=(0.000,0.000,0.000), horiz_speed=0.000, pos=(-23.953,-0.130,0.111))
[movedbg #3412] pre(grounded=False, jumping=False, normal=(0.000,1.000,0.000), vel=(0.000,0.000,0.000)) probe(trace_dist=0.0508, hit=False, normal_y=None, fraction=None) post(grounded=False, vel=(0.000,-0.082,0.000), horiz_speed=0.000, pos=(-23.953,-0.131,0.111))
[movedbg #3413] pre(grounded=False, jumping=False, normal=(0.000,1.000,0.000), vel=(0.000,-0.082,0.000)) probe(trace_dist=0.0508, hit=False, normal_y=None, fraction=None) post(grounded=True, vel=(0.000,0.000,0.000), horiz_speed=0.000, pos=(-23.954,-0.130,0.111))
[movedbg #3414] pre(grounded=False, jumping=False, normal=(0.000,1.000,0.000), vel=(0.000,0.000,0.000)) probe(trace_dist=0.0508, hit=False, normal_y=None, fraction=None) post(grounded=False, vel=(0.000,-0.082,0.000), horiz_speed=0.000, pos=(-23.954,-0.131,0.111))
[movedbg #3415] pre(grounded=False, jumping=False, normal=(0.000,1.000,0.000), vel=(0.000,-0.082,0.000)) probe(trace_dist=0.0508, hit=False, normal_y=None, fraction=None) post(grounded=True, vel=(0.000,0.000,0.000), horiz_speed=0.000, pos=(-23.954,-0.131,0.111))
[movedbg #3416] pre(grounded=False, jumping=False, normal=(0.000,1.000,0.000), vel=(0.000,0.000,0.000)) probe(trace_dist=0.0508, hit=False, normal_y=None, fraction=None) post(grounded=False, vel=(0.000,-0.082,0.000), horiz_speed=0.000, pos=(-23.954,-0.132,0.111))
[movedbg #3417] pre(grounded=False, jumping=False, normal=(0.000,1.000,0.000), vel=(0.000,-0.082,0.000)) probe(trace_dist=0.0508, hit=False, normal_y=None, fraction=None) post(grounded=True, vel=(0.000,0.000,0.000), horiz_speed=0.000, pos=(-23.954,-0.131,0.111))
[movedbg #3418] pre(grounded=False, jumping=False, normal=(0.000,1.000,0.000), vel=(0.000,0.000,0.000)) probe(trace_dist=0.0508, hit=False, normal_y=None, fraction=None) post(grounded=False, vel=(0.000,-0.082,0.000), horiz_speed=0.000, pos=(-23.954,-0.131,0.111))
[movedbg #3419] pre(grounded=False, jumping=False, normal=(0.000,1.000,0.000), vel=(0.000,-0.082,0.000)) probe(trace_dist=0.0508, hit=False, normal_y=None, fraction=None) post(grounded=True, vel=(0.000,0.000,0.000), horiz_speed=0.000, pos=(-23.955,-0.130,0.111))
[movedbg #3420] pre(grounded=False, jumping=False, normal=(0.000,1.000,0.000), vel=(0.000,0.000,0.000)) probe(trace_dist=0.0508, hit=False, normal_y=None, fraction=None) post(grounded=False, vel=(0.000,-0.082,0.000), horiz_speed=0.000, pos=(-23.955,-0.131,0.111))
[movedbg #3421] pre(grounded=False, jumping=False, normal=(0.000,1.000,0.000), vel=(0.000,-0.082,0.000)) probe(trace_dist=0.0508, hit=False, normal_y=None, fraction=None) post(grounded=True, vel=(0.000,0.000,0.000), horiz_speed=0.000, pos=(-23.955,-0.131,0.111))
[movedbg #3422] pre(grounded=False, jumping=False, normal=(0.000,1.000,0.000), vel=(0.000,0.000,0.000)) probe(trace_dist=0.0508, hit=False, normal_y=None, fraction=None) post(grounded=False, vel=(0.000,-0.082,0.000), horiz_speed=0.000, pos=(-23.955,-0.132,0.111))
[movedbg #3423] pre(grounded=False, jumping=False, normal=(0.000,1.000,0.000), vel=(0.000,-0.082,0.000)) probe(trace_dist=0.0508, hit=False, normal_y=None, fraction=None) post(grounded=True, vel=(0.000,0.000,0.000), horiz_speed=0.000, pos=(-23.955,-0.131,0.111))
[movedbg #3424] pre(grounded=False, jumping=False, normal=(0.000,1.000,0.000), vel=(0.000,0.000,0.000)) probe(trace_dist=0.0508, hit=False, normal_y=None, fraction=None) post(grounded=False, vel=(0.000,-0.082,0.000), horiz_speed=0.000, pos=(-23.955,-0.132,0.111))
[movedbg #3425] pre(grounded=False, jumping=False, normal=(0.000,1.000,0.000), vel=(0.000,-0.082,0.000)) probe(trace_dist=0.0508, hit=False, normal_y=None, fraction=None) post(grounded=True, vel=(0.000,0.000,0.000), horiz_speed=0.000, pos=(-23.956,-0.131,0.111))
[movedbg #3426] pre(grounded=False, jumping=False, normal=(0.000,1.000,0.000), vel=(0.000,0.000,0.000)) probe(trace_dist=0.0508, hit=False, normal_y=None, fraction=None) post(grounded=False, vel=(0.000,-0.082,0.000), horiz_speed=0.000, pos=(-23.956,-0.132,0.111))
[movedbg #3427] pre(grounded=False, jumping=False, normal=(0.000,1.000,0.000), vel=(0.000,-0.082,0.000)) probe(trace_dist=0.0508, hit=False, normal_y=None, fraction=None) post(grounded=True, vel=(0.000,0.000,0.000), horiz_speed=0.000, pos=(-23.956,-0.132,0.111))
[movedbg #3428] pre(grounded=False, jumping=False, normal=(0.000,1.000,0.000), vel=(0.000,0.000,0.000)) probe(trace_dist=0.0508, hit=False, normal_y=None, fraction=None) post(grounded=False, vel=(0.000,-0.082,0.000), horiz_speed=0.000, pos=(-23.956,-0.133,0.111))
[movedbg #3429] pre(grounded=False, jumping=False, normal=(0.000,1.000,0.000), vel=(0.000,-0.082,0.000)) probe(trace_dist=0.0508, hit=False, normal_y=None, fraction=None) post(grounded=True, vel=(0.000,0.000,0.000), horiz_speed=0.000, pos=(-23.956,-0.132,0.111))
[movedbg #3430] pre(grounded=False, jumping=False, normal=(0.000,1.000,0.000), vel=(0.000,0.000,0.000)) probe(trace_dist=0.0508, hit=False, normal_y=None, fraction=None) post(grounded=False, vel=(0.000,-0.082,0.000), horiz_speed=0.000, pos=(-23.956,-0.132,0.111))
[movedbg #3431] pre(grounded=False, jumping=False, normal=(0.000,1.000,0.000), vel=(0.000,-0.082,0.000)) probe(trace_dist=0.0508, hit=False, normal_y=None, fraction=None) post(grounded=True, vel=(0.000,0.000,0.000), horiz_speed=0.000, pos=(-23.957,-0.131,0.111))
[movedbg #3432] pre(grounded=False, jumping=False, normal=(0.000,1.000,0.000), vel=(0.000,0.000,0.000)) probe(trace_dist=0.0508, hit=False, normal_y=None, fraction=None) post(grounded=False, vel=(0.000,-0.082,0.000), horiz_speed=0.000, pos=(-23.957,-0.132,0.111))
[movedbg #3433] pre(grounded=False, jumping=False, normal=(0.000,1.000,0.000), vel=(0.000,-0.082,0.000)) probe(trace_dist=0.0508, hit=False, normal_y=None, fraction=None) post(grounded=True, vel=(0.000,0.000,0.000), horiz_speed=0.000, pos=(-23.957,-0.132,0.111))
[movedbg #3434] pre(grounded=False, jumping=False, normal=(0.000,1.000,0.000), vel=(0.000,0.000,0.000)) probe(trace_dist=0.0508, hit=False, normal_y=None, fraction=None) post(grounded=False, vel=(0.000,-0.082,0.000), horiz_speed=0.000, pos=(-23.957,-0.133,0.111))
[movedbg #3435] pre(grounded=False, jumping=False, normal=(0.000,1.000,0.000), vel=(0.000,-0.082,0.000)) probe(trace_dist=0.0508, hit=False, normal_y=None, fraction=None) post(grounded=True, vel=(0.000,0.000,0.000), horiz_speed=0.000, pos=(-23.958,-0.132,0.111))
[movedbg #3436] pre(grounded=False, jumping=False, normal=(0.000,1.000,0.000), vel=(0.000,0.000,0.000)) probe(trace_dist=0.0508, hit=False, normal_y=None, fraction=None) post(grounded=False, vel=(0.000,-0.082,0.000), horiz_speed=0.000, pos=(-23.958,-0.133,0.111))
[movedbg #3437] pre(grounded=False, jumping=False, normal=(0.000,1.000,0.000), vel=(0.000,-0.082,0.000)) probe(trace_dist=0.0508, hit=False, normal_y=None, fraction=None) post(grounded=True, vel=(0.000,0.000,0.000), horiz_speed=0.000, pos=(-23.958,-0.132,0.111))
[movedbg #3438] pre(grounded=False, jumping=False, normal=(0.000,1.000,0.000), vel=(0.000,0.000,0.000)) probe(trace_dist=0.0508, hit=False, normal_y=None, fraction=None) post(grounded=False, vel=(0.000,-0.082,0.000), horiz_speed=0.000, pos=(-23.958,-0.132,0.111))
[movedbg #3439] pre(grounded=False, jumping=False, normal=(0.000,1.000,0.000), vel=(0.000,-0.082,0.000)) probe(trace_dist=0.0508, hit=False, normal_y=None, fraction=None) post(grounded=True, vel=(0.000,0.000,0.000), horiz_speed=0.000, pos=(-23.958,-0.133,0.111))
[movedbg #3440] pre(grounded=False, jumping=False, normal=(0.000,1.000,0.000), vel=(0.000,0.000,0.000)) probe(trace_dist=0.0508, hit=False, normal_y=None, fraction=None) post(grounded=False, vel=(0.000,-0.082,0.000), horiz_speed=0.000, pos=(-23.958,-0.133,0.111))
[movedbg #3441] pre(grounded=False, jumping=False, normal=(0.000,1.000,0.000), vel=(0.000,-0.082,0.000)) probe(trace_dist=0.0508, hit=False, normal_y=None, fraction=None) post(grounded=True, vel=(0.000,0.000,0.000), horiz_speed=0.000, pos=(-23.959,-0.133,0.111))
[movedbg #3442] pre(grounded=False, jumping=False, normal=(0.000,1.000,0.000), vel=(0.000,0.000,0.000)) probe(trace_dist=0.0508, hit=False, normal_y=None, fraction=None) post(grounded=False, vel=(0.000,-0.082,0.000), horiz_speed=0.000, pos=(-23.959,-0.133,0.111))
[movedbg #3443] pre(grounded=False, jumping=False, normal=(0.000,1.000,0.000), vel=(0.000,-0.082,0.000)) probe(trace_dist=0.0508, hit=False, normal_y=None, fraction=None) post(grounded=True, vel=(0.000,0.000,0.000), horiz_speed=0.000, pos=(-23.959,-0.132,0.111))
[movedbg #3444] pre(grounded=False, jumping=False, normal=(0.000,1.000,0.000), vel=(0.000,0.000,0.000)) probe(trace_dist=0.0508, hit=False, normal_y=None, fraction=None) post(grounded=False, vel=(0.000,-0.082,0.000), horiz_speed=0.000, pos=(-23.959,-0.133,0.111))
[movedbg #3445] pre(grounded=False, jumping=False, normal=(0.000,1.000,0.000), vel=(0.000,-0.082,0.000)) probe(trace_dist=0.0508, hit=False, normal_y=None, fraction=None) post(grounded=True, vel=(0.000,0.000,0.000), horiz_speed=0.000, pos=(-23.959,-0.133,0.111))
[movedbg #3446] pre(grounded=False, jumping=False, normal=(0.000,1.000,0.000), vel=(0.000,0.000,0.000)) probe(trace_dist=0.0508, hit=False, normal_y=None, fraction=None) post(grounded=False, vel=(0.000,-0.082,0.000), horiz_speed=0.000, pos=(-23.959,-0.134,0.111))
[movedbg #3447] pre(grounded=False, jumping=False, normal=(0.000,1.000,0.000), vel=(0.000,-0.082,0.000)) probe(trace_dist=0.0508, hit=False, normal_y=None, fraction=None) post(grounded=True, vel=(0.000,0.000,0.000), horiz_speed=0.000, pos=(-23.960,-0.133,0.111))
[movedbg #3448] pre(grounded=False, jumping=False, normal=(0.000,1.000,0.000), vel=(0.000,0.000,0.000)) probe(trace_dist=0.0508, hit=False, normal_y=None, fraction=None) post(grounded=False, vel=(0.000,-0.082,0.000), horiz_speed=0.000, pos=(-23.960,-0.134,0.111))
[movedbg #3449] pre(grounded=False, jumping=False, normal=(0.000,1.000,0.000), vel=(0.000,-0.082,0.000)) probe(trace_dist=0.0508, hit=False, normal_y=None, fraction=None) post(grounded=True, vel=(0.000,0.000,0.000), horiz_speed=0.000, pos=(-23.960,-0.133,0.111))
[movedbg #3450] pre(grounded=False, jumping=False, normal=(0.000,1.000,0.000), vel=(0.000,0.000,0.000)) probe(trace_dist=0.0508, hit=False, normal_y=None, fraction=None) post(grounded=False, vel=(0.000,-0.082,0.000), horiz_speed=0.000, pos=(-23.960,-0.133,0.111))
[movedbg #3451] pre(grounded=False, jumping=False, normal=(0.000,1.000,0.000), vel=(0.000,-0.082,0.000)) probe(trace_dist=0.0508, hit=False, normal_y=None, fraction=None) post(grounded=True, vel=(0.000,0.000,0.000), horiz_speed=0.000, pos=(-23.961,-0.134,0.111))
[movedbg #3452] pre(grounded=False, jumping=False, normal=(0.000,1.000,0.000), vel=(0.000,0.000,0.000)) probe(trace_dist=0.0508, hit=False, normal_y=None, fraction=None) post(grounded=False, vel=(0.000,-0.082,0.000), horiz_speed=0.000, pos=(-23.961,-0.134,0.111))
[movedbg #3453] pre(grounded=False, jumping=False, normal=(0.000,1.000,0.000), vel=(0.000,-0.082,0.000)) probe(trace_dist=0.0508, hit=False, normal_y=None, fraction=None) post(grounded=True, vel=(0.000,0.000,0.000), horiz_speed=0.000, pos=(-23.961,-0.133,0.111))
[movedbg #3454] pre(grounded=False, jumping=False, normal=(0.000,1.000,0.000), vel=(0.000,0.000,0.000)) probe(trace_dist=0.0508, hit=False, normal_y=None, fraction=None) post(grounded=False, vel=(0.000,-0.082,0.000), horiz_speed=0.000, pos=(-23.961,-0.134,0.111))
[movedbg #3455] pre(grounded=False, jumping=False, normal=(0.000,1.000,0.000), vel=(0.000,-0.082,0.000)) probe(trace_dist=0.0508, hit=False, normal_y=None, fraction=None) post(grounded=True, vel=(0.000,0.000,0.000), horiz_speed=0.000, pos=(-23.961,-0.133,0.111))
[movedbg #3456] pre(grounded=False, jumping=False, normal=(0.000,1.000,0.000), vel=(0.000,0.000,0.000)) probe(trace_dist=0.0508, hit=False, normal_y=None, fraction=None) post(grounded=False, vel=(0.000,-0.082,0.000), horiz_speed=0.000, pos=(-23.961,-0.134,0.111))
[movedbg #3457] pre(grounded=False, jumping=False, normal=(0.000,1.000,0.000), vel=(0.000,-0.082,0.000)) probe(trace_dist=0.0508, hit=False, normal_y=None, fraction=None) post(grounded=True, vel=(0.000,0.000,0.000), horiz_speed=0.000, pos=(-23.962,-0.134,0.111))
[movedbg #3458] pre(grounded=False, jumping=False, normal=(0.000,1.000,0.000), vel=(0.000,0.000,0.000)) probe(trace_dist=0.0508, hit=False, normal_y=None, fraction=None) post(grounded=False, vel=(0.000,-0.082,0.000), horiz_speed=0.000, pos=(-23.962,-0.135,0.111))
[movedbg #3459] pre(grounded=False, jumping=False, normal=(0.000,1.000,0.000), vel=(0.000,-0.082,0.000)) probe(trace_dist=0.0508, hit=False, normal_y=None, fraction=None) post(grounded=True, vel=(0.000,0.000,0.000), horiz_speed=0.000, pos=(-23.962,-0.134,0.111))
[movedbg #3460] pre(grounded=False, jumping=False, normal=(0.000,1.000,0.000), vel=(0.000,0.000,0.000)) probe(trace_dist=0.0508, hit=False, normal_y=None, fraction=None) post(grounded=False, vel=(0.000,-0.082,0.000), horiz_speed=0.000, pos=(-23.962,-0.135,0.111))
[movedbg #3461] pre(grounded=False, jumping=False, normal=(0.000,1.000,0.000), vel=(0.000,-0.082,0.000)) probe(trace_dist=0.0508, hit=False, normal_y=None, fraction=None) post(grounded=True, vel=(0.000,0.000,0.000), horiz_speed=0.000, pos=(-23.962,-0.134,0.111))
[movedbg #3462] pre(grounded=False, jumping=False, normal=(0.000,1.000,0.000), vel=(0.000,0.000,0.000)) probe(trace_dist=0.0508, hit=False, normal_y=None, fraction=None) post(grounded=False, vel=(0.000,-0.082,0.000), horiz_speed=0.000, pos=(-23.962,-0.134,0.111))
[movedbg #3463] pre(grounded=False, jumping=False, normal=(0.000,1.000,0.000), vel=(0.000,-0.082,0.000)) probe(trace_dist=0.0508, hit=False, normal_y=None, fraction=None) post(grounded=True, vel=(0.000,0.000,0.000), horiz_speed=0.000, pos=(-23.963,-0.135,0.111))
[movedbg #3464] pre(grounded=False, jumping=False, normal=(0.000,1.000,0.000), vel=(0.000,0.000,0.000)) probe(trace_dist=0.0508, hit=False, normal_y=None, fraction=None) post(grounded=False, vel=(0.000,-0.082,0.000), horiz_speed=0.000, pos=(-23.963,-0.135,0.111))
[movedbg #3465] pre(grounded=False, jumping=False, normal=(0.000,1.000,0.000), vel=(0.000,-0.082,0.000)) probe(trace_dist=0.0508, hit=False, normal_y=None, fraction=None) post(grounded=True, vel=(0.000,0.000,0.000), horiz_speed=0.000, pos=(-23.963,-0.134,0.111))
[movedbg #3466] pre(grounded=False, jumping=False, normal=(0.000,1.000,0.000), vel=(0.000,0.000,0.000)) probe(trace_dist=0.0508, hit=False, normal_y=None, fraction=None) post(grounded=False, vel=(0.000,-0.082,0.000), horiz_speed=0.000, pos=(-23.963,-0.135,0.111))
[movedbg #3467] pre(grounded=False, jumping=False, normal=(0.000,1.000,0.000), vel=(0.000,-0.082,0.000)) probe(trace_dist=0.0508, hit=False, normal_y=None, fraction=None) post(grounded=True, vel=(0.000,0.000,0.000), horiz_speed=0.000, pos=(-23.964,-0.134,0.111))
[movedbg #3468] pre(grounded=False, jumping=False, normal=(0.000,1.000,0.000), vel=(0.000,0.000,0.000)) probe(trace_dist=0.0508, hit=False, normal_y=None, fraction=None) post(grounded=False, vel=(0.000,-0.082,0.000), horiz_speed=0.000, pos=(-23.964,-0.135,0.111))
[movedbg #3469] pre(grounded=False, jumping=False, normal=(0.000,1.000,0.000), vel=(0.000,-0.082,0.000)) probe(trace_dist=0.0508, hit=False, normal_y=None, fraction=None) post(grounded=True, vel=(0.000,0.000,0.000), horiz_speed=0.000, pos=(-23.964,-0.135,0.111))
[movedbg #3470] pre(grounded=False, jumping=False, normal=(0.000,1.000,0.000), vel=(0.000,0.000,0.000)) probe(trace_dist=0.0508, hit=False, normal_y=None, fraction=None) post(grounded=True, vel=(0.000,0.000,0.000), horiz_speed=0.000, pos=(-23.964,-0.134,0.111))
[movedbg #3471] pre(grounded=False, jumping=False, normal=(0.000,1.000,0.000), vel=(0.000,0.000,0.000)) probe(trace_dist=0.0508, hit=False, normal_y=None, fraction=None) post(grounded=False, vel=(0.000,-0.082,0.000), horiz_speed=0.000, pos=(-23.964,-0.135,0.111))
[movedbg #3472] pre(grounded=False, jumping=False, normal=(0.000,1.000,0.000), vel=(0.000,-0.082,0.000)) probe(trace_dist=0.0508, hit=False, normal_y=None, fraction=None) post(grounded=False, vel=(0.000,-0.164,0.000), horiz_speed=0.000, pos=(-23.964,-0.136,0.111))
[movedbg #3473] pre(grounded=False, jumping=False, normal=(0.000,1.000,0.000), vel=(0.000,-0.164,0.000)) probe(trace_dist=0.0508, hit=False, normal_y=None, fraction=None) post(grounded=True, vel=(0.000,0.000,0.000), horiz_speed=0.000, pos=(-23.965,-0.135,0.111))
[movedbg #3474] pre(grounded=False, jumping=False, normal=(0.000,1.000,0.000), vel=(0.000,0.000,0.000)) probe(trace_dist=0.0508, hit=False, normal_y=None, fraction=None) post(grounded=False, vel=(0.000,-0.082,0.000), horiz_speed=0.000, pos=(-23.965,-0.136,0.111))
[movedbg #3475] pre(grounded=False, jumping=False, normal=(0.000,1.000,0.000), vel=(0.000,-0.082,0.000)) probe(trace_dist=0.0508, hit=False, normal_y=None, fraction=None) post(grounded=True, vel=(0.000,0.000,0.000), horiz_speed=0.000, pos=(-23.965,-0.135,0.111))
[movedbg #3476] pre(grounded=False, jumping=False, normal=(0.000,1.000,0.000), vel=(0.000,0.000,0.000)) probe(trace_dist=0.0508, hit=False, normal_y=None, fraction=None) post(grounded=False, vel=(0.000,-0.082,0.000), horiz_speed=0.000, pos=(-23.965,-0.136,0.111))
[movedbg #3477] pre(grounded=False, jumping=False, normal=(0.000,1.000,0.000), vel=(0.000,-0.082,0.000)) probe(trace_dist=0.0508, hit=False, normal_y=None, fraction=None) post(grounded=True, vel=(0.000,0.000,0.000), horiz_speed=0.000, pos=(-23.965,-0.135,0.111))
[movedbg #3478] pre(grounded=False, jumping=False, normal=(0.000,1.000,0.000), vel=(0.000,0.000,0.000)) probe(trace_dist=0.0508, hit=False, normal_y=None, fraction=None) post(grounded=False, vel=(0.000,-0.082,0.000), horiz_speed=0.000, pos=(-23.965,-0.135,0.111))
[movedbg #3479] pre(grounded=False, jumping=False, normal=(0.000,1.000,0.000), vel=(0.000,-0.082,0.000)) probe(trace_dist=0.0508, hit=False, normal_y=None, fraction=None) post(grounded=True, vel=(0.000,0.000,0.000), horiz_speed=0.000, pos=(-23.966,-0.136,0.111))
[movedbg #3480] pre(grounded=False, jumping=False, normal=(0.000,1.000,0.000), vel=(0.000,0.000,0.000)) probe(trace_dist=0.0508, hit=False, normal_y=None, fraction=None) post(grounded=False, vel=(0.000,-0.082,0.000), horiz_speed=0.000, pos=(-23.966,-0.136,0.111))
[movedbg #3481] pre(grounded=False, jumping=False, normal=(0.000,1.000,0.000), vel=(0.000,-0.082,0.000)) probe(trace_dist=0.0508, hit=False, normal_y=None, fraction=None) post(grounded=True, vel=(0.000,0.000,0.000), horiz_speed=0.000, pos=(-23.966,-0.135,0.111))
[movedbg #3482] pre(grounded=False, jumping=False, normal=(0.000,1.000,0.000), vel=(0.000,0.000,0.000)) probe(trace_dist=0.0508, hit=False, normal_y=None, fraction=None) post(grounded=False, vel=(0.000,-0.082,0.000), horiz_speed=0.000, pos=(-23.966,-0.136,0.111))
[movedbg #3483] pre(grounded=False, jumping=False, normal=(0.000,1.000,0.000), vel=(0.000,-0.082,0.000)) probe(trace_dist=0.0508, hit=False, normal_y=None, fraction=None) post(grounded=True, vel=(0.000,0.000,0.000), horiz_speed=0.000, pos=(-23.966,-0.135,0.111))
[movedbg #3484] pre(grounded=False, jumping=False, normal=(0.000,1.000,0.000), vel=(0.000,0.000,0.000)) probe(trace_dist=0.0508, hit=False, normal_y=None, fraction=None) post(grounded=False, vel=(0.000,-0.082,0.000), horiz_speed=0.000, pos=(-23.966,-0.136,0.111))
[movedbg #3485] pre(grounded=False, jumping=False, normal=(0.000,1.000,0.000), vel=(0.000,-0.082,0.000)) probe(trace_dist=0.0508, hit=False, normal_y=None, fraction=None) post(grounded=True, vel=(0.000,0.000,0.000), horiz_speed=0.000, pos=(-23.967,-0.136,0.111))
[movedbg #3486] pre(grounded=False, jumping=False, normal=(0.000,1.000,0.000), vel=(0.000,0.000,0.000)) probe(trace_dist=0.0508, hit=False, normal_y=None, fraction=None) post(grounded=False, vel=(0.000,-0.082,0.000), horiz_speed=0.000, pos=(-23.967,-0.137,0.111))
[movedbg #3487] pre(grounded=False, jumping=False, normal=(0.000,1.000,0.000), vel=(0.000,-0.082,0.000)) probe(trace_dist=0.0508, hit=False, normal_y=None, fraction=None) post(grounded=True, vel=(0.000,0.000,0.000), horiz_speed=0.000, pos=(-23.967,-0.136,0.111))
[movedbg #3488] pre(grounded=False, jumping=False, normal=(0.000,1.000,0.000), vel=(0.000,0.000,0.000)) probe(trace_dist=0.0508, hit=False, normal_y=None, fraction=None) post(grounded=False, vel=(0.000,-0.082,0.000), horiz_speed=0.000, pos=(-23.967,-0.137,0.111))
[movedbg #3489] pre(grounded=False, jumping=False, normal=(0.000,1.000,0.000), vel=(0.000,-0.082,0.000)) probe(trace_dist=0.0508, hit=False, normal_y=None, fraction=None) post(grounded=True, vel=(0.000,0.000,0.000), horiz_speed=0.000, pos=(-23.968,-0.136,0.111))
[movedbg #3490] pre(grounded=False, jumping=False, normal=(0.000,1.000,0.000), vel=(0.000,0.000,0.000)) probe(trace_dist=0.0508, hit=False, normal_y=None, fraction=None) post(grounded=False, vel=(0.000,-0.082,0.000), horiz_speed=0.000, pos=(-23.968,-0.136,0.111))
[movedbg #3491] pre(grounded=False, jumping=False, normal=(0.000,1.000,0.000), vel=(0.000,-0.082,0.000)) probe(trace_dist=0.0508, hit=False, normal_y=None, fraction=None) post(grounded=True, vel=(0.000,0.000,0.000), horiz_speed=0.000, pos=(-23.968,-0.137,0.111))
[movedbg #3492] pre(grounded=False, jumping=False, normal=(0.000,1.000,0.000), vel=(0.000,0.000,0.000)) probe(trace_dist=0.0508, hit=False, normal_y=None, fraction=None) post(grounded=False, vel=(0.000,-0.082,0.000), horiz_speed=0.000, pos=(-23.968,-0.137,0.111))
[movedbg #3493] pre(grounded=False, jumping=False, normal=(0.000,1.000,0.000), vel=(0.000,-0.082,0.000)) probe(trace_dist=0.0508, hit=False, normal_y=None, fraction=None) post(grounded=True, vel=(0.000,0.000,0.000), horiz_speed=0.000, pos=(-23.968,-0.136,0.111))
[movedbg #3494] pre(grounded=False, jumping=False, normal=(0.000,1.000,0.000), vel=(0.000,0.000,0.000)) probe(trace_dist=0.0508, hit=False, normal_y=None, fraction=None) post(grounded=False, vel=(0.000,-0.082,0.000), horiz_speed=0.000, pos=(-23.968,-0.137,0.111))
[movedbg #3495] pre(grounded=False, jumping=False, normal=(0.000,1.000,0.000), vel=(0.000,-0.082,0.000)) probe(trace_dist=0.0508, hit=False, normal_y=None, fraction=None) post(grounded=True, vel=(0.000,0.000,0.000), horiz_speed=0.000, pos=(-23.969,-0.136,0.111))
[movedbg #3496] pre(grounded=False, jumping=False, normal=(0.000,1.000,0.000), vel=(0.000,0.000,0.000)) probe(trace_dist=0.0508, hit=False, normal_y=None, fraction=None) post(grounded=False, vel=(0.000,-0.082,0.000), horiz_speed=0.000, pos=(-23.969,-0.137,0.111))
[movedbg #3497] pre(grounded=False, jumping=False, normal=(0.000,1.000,0.000), vel=(0.000,-0.082,0.000)) probe(trace_dist=0.0508, hit=False, normal_y=None, fraction=None) post(grounded=True, vel=(0.000,0.000,0.000), horiz_speed=0.000, pos=(-23.969,-0.137,0.111))
[movedbg #3498] pre(grounded=False, jumping=False, normal=(0.000,1.000,0.000), vel=(0.000,0.000,0.000)) probe(trace_dist=0.0508, hit=False, normal_y=None, fraction=None) post(grounded=True, vel=(0.000,0.000,0.000), horiz_speed=0.000, pos=(-23.969,-0.136,0.111))
[movedbg #3499] pre(grounded=False, jumping=False, normal=(0.000,1.000,0.000), vel=(0.000,0.000,0.000)) probe(trace_dist=0.0508, hit=False, normal_y=None, fraction=None) post(grounded=False, vel=(0.000,-0.082,0.000), horiz_speed=0.000, pos=(-23.969,-0.137,0.111))
[movedbg #3500] pre(grounded=False, jumping=False, normal=(0.000,1.000,0.000), vel=(0.000,-0.082,0.000)) probe(trace_dist=0.0508, hit=False, normal_y=None, fraction=None) post(grounded=False, vel=(0.000,-0.164,0.000), horiz_speed=0.000, pos=(-23.969,-0.138,0.111))
[movedbg #3501] pre(grounded=False, jumping=False, normal=(0.000,1.000,0.000), vel=(0.000,-0.164,0.000)) probe(trace_dist=0.0508, hit=False, normal_y=None, fraction=None) post(grounded=True, vel=(0.000,0.000,0.000), horiz_speed=0.000, pos=(-23.970,-0.137,0.111))
[movedbg #3502] pre(grounded=False, jumping=False, normal=(0.000,1.000,0.000), vel=(0.000,0.000,0.000)) probe(trace_dist=0.0508, hit=False, normal_y=None, fraction=None) post(grounded=False, vel=(0.000,-0.082,0.000), horiz_speed=0.000, pos=(-23.970,-0.138,0.111))
[movedbg #3503] pre(grounded=False, jumping=False, normal=(0.000,1.000,0.000), vel=(0.000,-0.082,0.000)) probe(trace_dist=0.0508, hit=False, normal_y=None, fraction=None) post(grounded=True, vel=(0.000,0.000,0.000), horiz_speed=0.000, pos=(-23.970,-0.137,0.111))
[movedbg #3504] pre(grounded=False, jumping=False, normal=(0.000,1.000,0.000), vel=(0.000,0.000,0.000)) probe(trace_dist=0.0508, hit=False, normal_y=None, fraction=None) post(grounded=False, vel=(0.000,-0.082,0.000), horiz_speed=0.000, pos=(-23.970,-0.138,0.111))
[movedbg #3505] pre(grounded=False, jumping=False, normal=(0.000,1.000,0.000), vel=(0.000,-0.082,0.000)) probe(trace_dist=0.0508, hit=False, normal_y=None, fraction=None) post(grounded=True, vel=(0.000,0.000,0.000), horiz_speed=0.000, pos=(-23.971,-0.137,0.111))
[movedbg #3506] pre(grounded=False, jumping=False, normal=(0.000,1.000,0.000), vel=(0.000,0.000,0.000)) probe(trace_dist=0.0508, hit=False, normal_y=None, fraction=None) post(grounded=False, vel=(0.000,-0.082,0.000), horiz_speed=0.000, pos=(-23.971,-0.137,0.111))
[movedbg #3507] pre(grounded=False, jumping=False, normal=(0.000,1.000,0.000), vel=(0.000,-0.082,0.000)) probe(trace_dist=0.0508, hit=False, normal_y=None, fraction=None) post(grounded=True, vel=(0.000,0.000,0.000), horiz_speed=0.000, pos=(-23.971,-0.138,0.111))
[movedbg #3508] pre(grounded=False, jumping=False, normal=(0.000,1.000,0.000), vel=(0.000,0.000,0.000)) probe(trace_dist=0.0508, hit=False, normal_y=None, fraction=None) post(grounded=False, vel=(0.000,-0.082,0.000), horiz_speed=0.000, pos=(-23.971,-0.138,0.111))
[movedbg #3509] pre(grounded=False, jumping=False, normal=(0.000,1.000,0.000), vel=(0.000,-0.082,0.000)) probe(trace_dist=0.0508, hit=False, normal_y=None, fraction=None) post(grounded=True, vel=(0.000,0.000,0.000), horiz_speed=0.000, pos=(-23.971,-0.138,0.111))
[movedbg #3510] pre(grounded=False, jumping=False, normal=(0.000,1.000,0.000), vel=(0.000,0.000,0.000)) probe(trace_dist=0.0508, hit=False, normal_y=None, fraction=None) post(grounded=False, vel=(0.000,-0.082,0.000), horiz_speed=0.000, pos=(-23.971,-0.138,0.111))
[movedbg #3511] pre(grounded=False, jumping=False, normal=(0.000,1.000,0.000), vel=(0.000,-0.082,0.000)) probe(trace_dist=0.0508, hit=False, normal_y=None, fraction=None) post(grounded=True, vel=(0.000,0.000,0.000), horiz_speed=0.000, pos=(-23.972,-0.137,0.111))
[movedbg #3512] pre(grounded=False, jumping=False, normal=(0.000,1.000,0.000), vel=(0.000,0.000,0.000)) probe(trace_dist=0.0508, hit=False, normal_y=None, fraction=None) post(grounded=False, vel=(0.000,-0.082,0.000), horiz_speed=0.000, pos=(-23.972,-0.138,0.111))
[movedbg #3513] pre(grounded=False, jumping=False, normal=(0.000,1.000,0.000), vel=(0.000,-0.082,0.000)) probe(trace_dist=0.0508, hit=False, normal_y=None, fraction=None) post(grounded=True, vel=(0.000,0.000,0.000), horiz_speed=0.000, pos=(-23.972,-0.138,0.111))
[movedbg #3514] pre(grounded=False, jumping=False, normal=(0.000,1.000,0.000), vel=(0.000,0.000,0.000)) probe(trace_dist=0.0508, hit=False, normal_y=None, fraction=None) post(grounded=False, vel=(0.000,-0.082,0.000), horiz_speed=0.000, pos=(-23.972,-0.139,0.111))
[movedbg #3515] pre(grounded=False, jumping=False, normal=(0.000,1.000,0.000), vel=(0.000,-0.082,0.000)) probe(trace_dist=0.0508, hit=False, normal_y=None, fraction=None) post(grounded=True, vel=(0.000,0.000,0.000), horiz_speed=0.000, pos=(-23.972,-0.138,0.111))
[movedbg #3516] pre(grounded=False, jumping=False, normal=(0.000,1.000,0.000), vel=(0.000,0.000,0.000)) probe(trace_dist=0.0508, hit=False, normal_y=None, fraction=None) post(grounded=False, vel=(0.000,-0.082,0.000), horiz_speed=0.000, pos=(-23.972,-0.139,0.111))
src\steamnetworkingsockets\clientlib\steamnetworkingsockets_socketthread.cpp (3918) : Trying to close low level socket support, but we still have sockets open!
src\steamnetworkingsockets\clientlib\steamnetworkingsockets_socketthread.cpp (3918) : Trying to close low level socket support, but we still have sockets open!
